
> frontend@0.1.0 start
> react-scripts start

Attempting to bind to HOST environment variable: 0.0.0.0
If this was unintentional, check that you haven't mistakenly set it in your shell.
Learn more here: https://cra.link/advanced-config

(node:5074) [DEP_WEBPACK_DEV_SERVER_ON_AFTER_SETUP_MIDDLEWARE] DeprecationWarning: 'onAfterSetupMiddleware' option is deprecated. Please use the 'setupMiddlewares' option.
(Use `node --trace-deprecation ...` to show where the warning was created)
(node:5074) [DEP_WEBPACK_DEV_SERVER_ON_BEFORE_SETUP_MIDDLEWARE] DeprecationWarning: 'onBeforeSetupMiddleware' option is deprecated. Please use the 'setupMiddlewares' option.
Starting the development server...

Compiled with warnings.

[eslint] 
src/components/TransactionForm.tsx
  Line 13:3:   'Card' is defined but never used                                                                              @typescript-eslint/no-unused-vars
  Line 14:3:   'CardContent' is defined but never used                                                                       @typescript-eslint/no-unused-vars
  Line 30:3:   'AccountBalance' is defined but never used                                                                    @typescript-eslint/no-unused-vars
  Line 31:3:   'TrendingUp' is defined but never used                                                                        @typescript-eslint/no-unused-vars
  Line 111:6:  React Hook useEffect has a missing dependency: 'fetchData'. Either include it or remove the dependency array  react-hooks/exhaustive-deps

Search for the keywords to learn more about each warning.
To ignore, add // eslint-disable-next-line to the line before.

WARNING in [eslint] 
src/components/TransactionForm.tsx
  Line 13:3:   'Card' is defined but never used                                                                              @typescript-eslint/no-unused-vars
  Line 14:3:   'CardContent' is defined but never used                                                                       @typescript-eslint/no-unused-vars
  Line 30:3:   'AccountBalance' is defined but never used                                                                    @typescript-eslint/no-unused-vars
  Line 31:3:   'TrendingUp' is defined but never used                                                                        @typescript-eslint/no-unused-vars
  Line 111:6:  React Hook useEffect has a missing dependency: 'fetchData'. Either include it or remove the dependency array  react-hooks/exhaustive-deps

webpack compiled with 1 warning
ERROR in src/components/BorrowerDashboard.tsx:173:9
TS2769: No overload matches this call.
  Overload 1 of 2, '(props: { component: ElementType<any, keyof IntrinsicElements>; } & GridBaseProps & { sx?: SxProps<Theme> | undefined; } & SystemProps<...> & Omit<...>): Element | null', gave the following error.
    Property 'component' is missing in type '{ children: Element; item: true; xs: number; sm: number; md: number; }' but required in type '{ component: ElementType<any, keyof IntrinsicElements>; }'.
  Overload 2 of 2, '(props: DefaultComponentProps<GridTypeMap<{}, "div">>): Element | null', gave the following error.
    Type '{ children: Element; item: true; xs: number; sm: number; md: number; }' is not assignable to type 'IntrinsicAttributes & GridBaseProps & { sx?: SxProps<Theme> | undefined; } & SystemProps<Theme> & Omit<...>'.
      Property 'item' does not exist on type 'IntrinsicAttributes & GridBaseProps & { sx?: SxProps<Theme> | undefined; } & SystemProps<Theme> & Omit<...>'.
    171 |       {/* Summary Cards */}
    172 |       <Grid container spacing={3} sx={{ mb: 4 }}>
  > 173 |         <Grid item xs={12} sm={6} md={3}>
        |         ^^^^^^^^^^^^^^^^^^^^^^^^^^^^^^^^^
    174 |           <Card sx={{ background: 'linear-gradient(135deg, #667eea 0%, #764ba2 100%)', color: 'white' }}>
    175 |             <CardContent>
    176 |               <Box sx={{ display: 'flex', alignItems: 'center', mb: 1 }}>

ERROR in src/components/BorrowerDashboard.tsx:187:9
TS2769: No overload matches this call.
  Overload 1 of 2, '(props: { component: ElementType<any, keyof IntrinsicElements>; } & GridBaseProps & { sx?: SxProps<Theme> | undefined; } & SystemProps<...> & Omit<...>): Element | null', gave the following error.
    Property 'component' is missing in type '{ children: Element; item: true; xs: number; sm: number; md: number; }' but required in type '{ component: ElementType<any, keyof IntrinsicElements>; }'.
  Overload 2 of 2, '(props: DefaultComponentProps<GridTypeMap<{}, "div">>): Element | null', gave the following error.
    Type '{ children: Element; item: true; xs: number; sm: number; md: number; }' is not assignable to type 'IntrinsicAttributes & GridBaseProps & { sx?: SxProps<Theme> | undefined; } & SystemProps<Theme> & Omit<...>'.
      Property 'item' does not exist on type 'IntrinsicAttributes & GridBaseProps & { sx?: SxProps<Theme> | undefined; } & SystemProps<Theme> & Omit<...>'.
    185 |         </Grid>
    186 |
  > 187 |         <Grid item xs={12} sm={6} md={3}>
        |         ^^^^^^^^^^^^^^^^^^^^^^^^^^^^^^^^^
    188 |           <Card sx={{ background: 'linear-gradient(135deg, #f093fb 0%, #f5576c 100%)', color: 'white' }}>
    189 |             <CardContent>
    190 |               <Box sx={{ display: 'flex', alignItems: 'center', mb: 1 }}>

ERROR in src/components/BorrowerDashboard.tsx:201:9
TS2769: No overload matches this call.
  Overload 1 of 2, '(props: { component: ElementType<any, keyof IntrinsicElements>; } & GridBaseProps & { sx?: SxProps<Theme> | undefined; } & SystemProps<...> & Omit<...>): Element | null', gave the following error.
    Property 'component' is missing in type '{ children: Element; item: true; xs: number; sm: number; md: number; }' but required in type '{ component: ElementType<any, keyof IntrinsicElements>; }'.
  Overload 2 of 2, '(props: DefaultComponentProps<GridTypeMap<{}, "div">>): Element | null', gave the following error.
    Type '{ children: Element; item: true; xs: number; sm: number; md: number; }' is not assignable to type 'IntrinsicAttributes & GridBaseProps & { sx?: SxProps<Theme> | undefined; } & SystemProps<Theme> & Omit<...>'.
      Property 'item' does not exist on type 'IntrinsicAttributes & GridBaseProps & { sx?: SxProps<Theme> | undefined; } & SystemProps<Theme> & Omit<...>'.
    199 |         </Grid>
    200 |
  > 201 |         <Grid item xs={12} sm={6} md={3}>
        |         ^^^^^^^^^^^^^^^^^^^^^^^^^^^^^^^^^
    202 |           <Card sx={{ background: 'linear-gradient(135deg, #4facfe 0%, #00f2fe 100%)', color: 'white' }}>
    203 |             <CardContent>
    204 |               <Box sx={{ display: 'flex', alignItems: 'center', mb: 1 }}>

ERROR in src/components/BorrowerDashboard.tsx:215:9
TS2769: No overload matches this call.
  Overload 1 of 2, '(props: { component: ElementType<any, keyof IntrinsicElements>; } & GridBaseProps & { sx?: SxProps<Theme> | undefined; } & SystemProps<...> & Omit<...>): Element | null', gave the following error.
    Property 'component' is missing in type '{ children: Element; item: true; xs: number; sm: number; md: number; }' but required in type '{ component: ElementType<any, keyof IntrinsicElements>; }'.
  Overload 2 of 2, '(props: DefaultComponentProps<GridTypeMap<{}, "div">>): Element | null', gave the following error.
    Type '{ children: Element; item: true; xs: number; sm: number; md: number; }' is not assignable to type 'IntrinsicAttributes & GridBaseProps & { sx?: SxProps<Theme> | undefined; } & SystemProps<Theme> & Omit<...>'.
      Property 'item' does not exist on type 'IntrinsicAttributes & GridBaseProps & { sx?: SxProps<Theme> | undefined; } & SystemProps<Theme> & Omit<...>'.
    213 |         </Grid>
    214 |
  > 215 |         <Grid item xs={12} sm={6} md={3}>
        |         ^^^^^^^^^^^^^^^^^^^^^^^^^^^^^^^^^
    216 |           <Card sx={{ background: 'linear-gradient(135deg, #fa709a 0%, #fee140 100%)', color: 'white' }}>
    217 |             <CardContent>
    218 |               <Box sx={{ display: 'flex', alignItems: 'center', mb: 1 }}>

ERROR in src/components/BorrowerDashboard.tsx:232:9
TS2769: No overload matches this call.
  Overload 1 of 2, '(props: { component: ElementType<any, keyof IntrinsicElements>; } & GridBaseProps & { sx?: SxProps<Theme> | undefined; } & SystemProps<...> & Omit<...>): Element | null', gave the following error.
    Property 'component' is missing in type '{ children: Element; item: true; xs: number; md: number; }' but required in type '{ component: ElementType<any, keyof IntrinsicElements>; }'.
  Overload 2 of 2, '(props: DefaultComponentProps<GridTypeMap<{}, "div">>): Element | null', gave the following error.
    Type '{ children: Element; item: true; xs: number; md: number; }' is not assignable to type 'IntrinsicAttributes & GridBaseProps & { sx?: SxProps<Theme> | undefined; } & SystemProps<Theme> & Omit<...>'.
      Property 'item' does not exist on type 'IntrinsicAttributes & GridBaseProps & { sx?: SxProps<Theme> | undefined; } & SystemProps<Theme> & Omit<...>'.
    230 |       <Grid container spacing={3}>
    231 |         {/* EMI Collection Progress */}
  > 232 |         <Grid item xs={12} md={6}>
        |         ^^^^^^^^^^^^^^^^^^^^^^^^^^
    233 |           <Paper sx={{ p: 3 }}>
    234 |             <Typography variant="h6" gutterBottom>
    235 |               This Month's EMI Collection Progress

ERROR in src/components/BorrowerDashboard.tsx:279:9
TS2769: No overload matches this call.
  Overload 1 of 2, '(props: { component: ElementType<any, keyof IntrinsicElements>; } & GridBaseProps & { sx?: SxProps<Theme> | undefined; } & SystemProps<...> & Omit<...>): Element | null', gave the following error.
    Property 'component' is missing in type '{ children: Element; item: true; xs: number; md: number; }' but required in type '{ component: ElementType<any, keyof IntrinsicElements>; }'.
  Overload 2 of 2, '(props: DefaultComponentProps<GridTypeMap<{}, "div">>): Element | null', gave the following error.
    Type '{ children: Element; item: true; xs: number; md: number; }' is not assignable to type 'IntrinsicAttributes & GridBaseProps & { sx?: SxProps<Theme> | undefined; } & SystemProps<Theme> & Omit<...>'.
      Property 'item' does not exist on type 'IntrinsicAttributes & GridBaseProps & { sx?: SxProps<Theme> | undefined; } & SystemProps<Theme> & Omit<...>'.
    277 |
    278 |         {/* Loan-wise Collection */}
  > 279 |         <Grid item xs={12} md={6}>
        |         ^^^^^^^^^^^^^^^^^^^^^^^^^^
    280 |           <Paper sx={{ p: 3 }}>
    281 |             <Typography variant="h6" gutterBottom>
    282 |               Loan-wise Collection Status

ERROR in src/components/BorrowerDashboard.tsx:299:9
TS2769: No overload matches this call.
  Overload 1 of 2, '(props: { component: ElementType<any, keyof IntrinsicElements>; } & GridBaseProps & { sx?: SxProps<Theme> | undefined; } & SystemProps<...> & Omit<...>): Element | null', gave the following error.
    Property 'component' is missing in type '{ children: Element; item: true; xs: number; md: number; }' but required in type '{ component: ElementType<any, keyof IntrinsicElements>; }'.
  Overload 2 of 2, '(props: DefaultComponentProps<GridTypeMap<{}, "div">>): Element | null', gave the following error.
    Type '{ children: Element; item: true; xs: number; md: number; }' is not assignable to type 'IntrinsicAttributes & GridBaseProps & { sx?: SxProps<Theme> | undefined; } & SystemProps<Theme> & Omit<...>'.
      Property 'item' does not exist on type 'IntrinsicAttributes & GridBaseProps & { sx?: SxProps<Theme> | undefined; } & SystemProps<Theme> & Omit<...>'.
    297 |
    298 |         {/* Loan Summaries */}
  > 299 |         <Grid item xs={12} md={8}>
        |         ^^^^^^^^^^^^^^^^^^^^^^^^^^
    300 |           <Paper sx={{ p: 3 }}>
    301 |             <Typography variant="h6" gutterBottom>
    302 |               Active Loans Summary

ERROR in src/components/BorrowerDashboard.tsx:356:9
TS2769: No overload matches this call.
  Overload 1 of 2, '(props: { component: ElementType<any, keyof IntrinsicElements>; } & GridBaseProps & { sx?: SxProps<Theme> | undefined; } & SystemProps<...> & Omit<...>): Element | null', gave the following error.
    Property 'component' is missing in type '{ children: Element; item: true; xs: number; md: number; }' but required in type '{ component: ElementType<any, keyof IntrinsicElements>; }'.
  Overload 2 of 2, '(props: DefaultComponentProps<GridTypeMap<{}, "div">>): Element | null', gave the following error.
    Type '{ children: Element; item: true; xs: number; md: number; }' is not assignable to type 'IntrinsicAttributes & GridBaseProps & { sx?: SxProps<Theme> | undefined; } & SystemProps<Theme> & Omit<...>'.
      Property 'item' does not exist on type 'IntrinsicAttributes & GridBaseProps & { sx?: SxProps<Theme> | undefined; } & SystemProps<Theme> & Omit<...>'.
    354 |
    355 |         {/* Recent Transactions */}
  > 356 |         <Grid item xs={12} md={4}>
        |         ^^^^^^^^^^^^^^^^^^^^^^^^^^
    357 |           <Paper sx={{ p: 3 }}>
    358 |             <Typography variant="h6" gutterBottom>
    359 |               Recent Transactions

ERROR in src/components/LenderDashboard.tsx:202:9
TS2769: No overload matches this call.
  Overload 1 of 2, '(props: { component: ElementType<any, keyof IntrinsicElements>; } & GridBaseProps & { sx?: SxProps<Theme> | undefined; } & SystemProps<...> & Omit<...>): Element | null', gave the following error.
    Property 'component' is missing in type '{ children: Element; item: true; xs: number; sm: number; md: number; }' but required in type '{ component: ElementType<any, keyof IntrinsicElements>; }'.
  Overload 2 of 2, '(props: DefaultComponentProps<GridTypeMap<{}, "div">>): Element | null', gave the following error.
    Type '{ children: Element; item: true; xs: number; sm: number; md: number; }' is not assignable to type 'IntrinsicAttributes & GridBaseProps & { sx?: SxProps<Theme> | undefined; } & SystemProps<Theme> & Omit<...>'.
      Property 'item' does not exist on type 'IntrinsicAttributes & GridBaseProps & { sx?: SxProps<Theme> | undefined; } & SystemProps<Theme> & Omit<...>'.
    200 |       {/* Summary Cards */}
    201 |       <Grid container spacing={3} sx={{ mb: 4 }}>
  > 202 |         <Grid item xs={12} sm={6} md={3}>
        |         ^^^^^^^^^^^^^^^^^^^^^^^^^^^^^^^^^
    203 |           <Card sx={{ background: 'linear-gradient(135deg, #667eea 0%, #764ba2 100%)', color: 'white' }}>
    204 |             <CardContent>
    205 |               <Box sx={{ display: 'flex', alignItems: 'center', mb: 1 }}>

ERROR in src/components/LenderDashboard.tsx:216:9
TS2769: No overload matches this call.
  Overload 1 of 2, '(props: { component: ElementType<any, keyof IntrinsicElements>; } & GridBaseProps & { sx?: SxProps<Theme> | undefined; } & SystemProps<...> & Omit<...>): Element | null', gave the following error.
    Property 'component' is missing in type '{ children: Element; item: true; xs: number; sm: number; md: number; }' but required in type '{ component: ElementType<any, keyof IntrinsicElements>; }'.
  Overload 2 of 2, '(props: DefaultComponentProps<GridTypeMap<{}, "div">>): Element | null', gave the following error.
    Type '{ children: Element; item: true; xs: number; sm: number; md: number; }' is not assignable to type 'IntrinsicAttributes & GridBaseProps & { sx?: SxProps<Theme> | undefined; } & SystemProps<Theme> & Omit<...>'.
      Property 'item' does not exist on type 'IntrinsicAttributes & GridBaseProps & { sx?: SxProps<Theme> | undefined; } & SystemProps<Theme> & Omit<...>'.
    214 |         </Grid>
    215 |
  > 216 |         <Grid item xs={12} sm={6} md={3}>
        |         ^^^^^^^^^^^^^^^^^^^^^^^^^^^^^^^^^
    217 |           <Card sx={{ background: 'linear-gradient(135deg, #f093fb 0%, #f5576c 100%)', color: 'white' }}>
    218 |             <CardContent>
    219 |               <Box sx={{ display: 'flex', alignItems: 'center', mb: 1 }}>

ERROR in src/components/LenderDashboard.tsx:230:9
TS2769: No overload matches this call.
  Overload 1 of 2, '(props: { component: ElementType<any, keyof IntrinsicElements>; } & GridBaseProps & { sx?: SxProps<Theme> | undefined; } & SystemProps<...> & Omit<...>): Element | null', gave the following error.
    Property 'component' is missing in type '{ children: Element; item: true; xs: number; sm: number; md: number; }' but required in type '{ component: ElementType<any, keyof IntrinsicElements>; }'.
  Overload 2 of 2, '(props: DefaultComponentProps<GridTypeMap<{}, "div">>): Element | null', gave the following error.
    Type '{ children: Element; item: true; xs: number; sm: number; md: number; }' is not assignable to type 'IntrinsicAttributes & GridBaseProps & { sx?: SxProps<Theme> | undefined; } & SystemProps<Theme> & Omit<...>'.
      Property 'item' does not exist on type 'IntrinsicAttributes & GridBaseProps & { sx?: SxProps<Theme> | undefined; } & SystemProps<Theme> & Omit<...>'.
    228 |         </Grid>
    229 |
  > 230 |         <Grid item xs={12} sm={6} md={3}>
        |         ^^^^^^^^^^^^^^^^^^^^^^^^^^^^^^^^^
    231 |           <Card sx={{ background: 'linear-gradient(135deg, #4facfe 0%, #00f2fe 100%)', color: 'white' }}>
    232 |             <CardContent>
    233 |               <Box sx={{ display: 'flex', alignItems: 'center', mb: 1 }}>

ERROR in src/components/LenderDashboard.tsx:247:9
TS2769: No overload matches this call.
  Overload 1 of 2, '(props: { component: ElementType<any, keyof IntrinsicElements>; } & GridBaseProps & { sx?: SxProps<Theme> | undefined; } & SystemProps<...> & Omit<...>): Element | null', gave the following error.
    Property 'component' is missing in type '{ children: Element; item: true; xs: number; sm: number; md: number; }' but required in type '{ component: ElementType<any, keyof IntrinsicElements>; }'.
  Overload 2 of 2, '(props: DefaultComponentProps<GridTypeMap<{}, "div">>): Element | null', gave the following error.
    Type '{ children: Element; item: true; xs: number; sm: number; md: number; }' is not assignable to type 'IntrinsicAttributes & GridBaseProps & { sx?: SxProps<Theme> | undefined; } & SystemProps<Theme> & Omit<...>'.
      Property 'item' does not exist on type 'IntrinsicAttributes & GridBaseProps & { sx?: SxProps<Theme> | undefined; } & SystemProps<Theme> & Omit<...>'.
    245 |         </Grid>
    246 |
  > 247 |         <Grid item xs={12} sm={6} md={3}>
        |         ^^^^^^^^^^^^^^^^^^^^^^^^^^^^^^^^^
    248 |           <Card sx={{ background: 'linear-gradient(135deg, #fa709a 0%, #fee140 100%)', color: 'white' }}>
    249 |             <CardContent>
    250 |               <Box sx={{ display: 'flex', alignItems: 'center', mb: 1 }}>

ERROR in src/components/LenderDashboard.tsx:264:9
TS2769: No overload matches this call.
  Overload 1 of 2, '(props: { component: ElementType<any, keyof IntrinsicElements>; } & GridBaseProps & { sx?: SxProps<Theme> | undefined; } & SystemProps<...> & Omit<...>): Element | null', gave the following error.
    Property 'component' is missing in type '{ children: Element; item: true; xs: number; md: number; }' but required in type '{ component: ElementType<any, keyof IntrinsicElements>; }'.
  Overload 2 of 2, '(props: DefaultComponentProps<GridTypeMap<{}, "div">>): Element | null', gave the following error.
    Type '{ children: Element; item: true; xs: number; md: number; }' is not assignable to type 'IntrinsicAttributes & GridBaseProps & { sx?: SxProps<Theme> | undefined; } & SystemProps<Theme> & Omit<...>'.
      Property 'item' does not exist on type 'IntrinsicAttributes & GridBaseProps & { sx?: SxProps<Theme> | undefined; } & SystemProps<Theme> & Omit<...>'.
    262 |       <Grid container spacing={3}>
    263 |         {/* Collection Trends */}
  > 264 |         <Grid item xs={12} md={8}>
        |         ^^^^^^^^^^^^^^^^^^^^^^^^^^
    265 |           <Paper sx={{ p: 3 }}>
    266 |             <Typography variant="h6" gutterBottom>
    267 |               Monthly Collection Trends

ERROR in src/components/LenderDashboard.tsx:296:9
TS2769: No overload matches this call.
  Overload 1 of 2, '(props: { component: ElementType<any, keyof IntrinsicElements>; } & GridBaseProps & { sx?: SxProps<Theme> | undefined; } & SystemProps<...> & Omit<...>): Element | null', gave the following error.
    Property 'component' is missing in type '{ children: Element; item: true; xs: number; md: number; }' but required in type '{ component: ElementType<any, keyof IntrinsicElements>; }'.
  Overload 2 of 2, '(props: DefaultComponentProps<GridTypeMap<{}, "div">>): Element | null', gave the following error.
    Type '{ children: Element; item: true; xs: number; md: number; }' is not assignable to type 'IntrinsicAttributes & GridBaseProps & { sx?: SxProps<Theme> | undefined; } & SystemProps<Theme> & Omit<...>'.
      Property 'item' does not exist on type 'IntrinsicAttributes & GridBaseProps & { sx?: SxProps<Theme> | undefined; } & SystemProps<Theme> & Omit<...>'.
    294 |
    295 |         {/* Collection Progress */}
  > 296 |         <Grid item xs={12} md={4}>
        |         ^^^^^^^^^^^^^^^^^^^^^^^^^^
    297 |           <Paper sx={{ p: 3 }}>
    298 |             <Typography variant="h6" gutterBottom>
    299 |               This Month's Progress

ERROR in src/components/LenderDashboard.tsx:331:9
TS2769: No overload matches this call.
  Overload 1 of 2, '(props: { component: ElementType<any, keyof IntrinsicElements>; } & GridBaseProps & { sx?: SxProps<Theme> | undefined; } & SystemProps<...> & Omit<...>): Element | null', gave the following error.
    Property 'component' is missing in type '{ children: Element; item: true; xs: number; md: number; }' but required in type '{ component: ElementType<any, keyof IntrinsicElements>; }'.
  Overload 2 of 2, '(props: DefaultComponentProps<GridTypeMap<{}, "div">>): Element | null', gave the following error.
    Type '{ children: Element; item: true; xs: number; md: number; }' is not assignable to type 'IntrinsicAttributes & GridBaseProps & { sx?: SxProps<Theme> | undefined; } & SystemProps<Theme> & Omit<...>'.
      Property 'item' does not exist on type 'IntrinsicAttributes & GridBaseProps & { sx?: SxProps<Theme> | undefined; } & SystemProps<Theme> & Omit<...>'.
    329 |
    330 |         {/* Borrower-wise Collections */}
  > 331 |         <Grid item xs={12} md={8}>
        |         ^^^^^^^^^^^^^^^^^^^^^^^^^^
    332 |           <Paper sx={{ p: 3 }}>
    333 |             <Typography variant="h6" gutterBottom>
    334 |               Borrower-wise Collection Status

ERROR in src/components/LenderDashboard.tsx:351:9
TS2769: No overload matches this call.
  Overload 1 of 2, '(props: { component: ElementType<any, keyof IntrinsicElements>; } & GridBaseProps & { sx?: SxProps<Theme> | undefined; } & SystemProps<...> & Omit<...>): Element | null', gave the following error.
    Property 'component' is missing in type '{ children: Element; item: true; xs: number; md: number; }' but required in type '{ component: ElementType<any, keyof IntrinsicElements>; }'.
  Overload 2 of 2, '(props: DefaultComponentProps<GridTypeMap<{}, "div">>): Element | null', gave the following error.
    Type '{ children: Element; item: true; xs: number; md: number; }' is not assignable to type 'IntrinsicAttributes & GridBaseProps & { sx?: SxProps<Theme> | undefined; } & SystemProps<Theme> & Omit<...>'.
      Property 'item' does not exist on type 'IntrinsicAttributes & GridBaseProps & { sx?: SxProps<Theme> | undefined; } & SystemProps<Theme> & Omit<...>'.
    349 |
    350 |         {/* Upcoming Payments */}
  > 351 |         <Grid item xs={12} md={4}>
        |         ^^^^^^^^^^^^^^^^^^^^^^^^^^
    352 |           <Paper sx={{ p: 3 }}>
    353 |             <Typography variant="h6" gutterBottom>
    354 |               Upcoming EMI Payments

ERROR in src/components/LenderDashboard.tsx:394:9
TS2769: No overload matches this call.
  Overload 1 of 2, '(props: { component: ElementType<any, keyof IntrinsicElements>; } & GridBaseProps & { sx?: SxProps<Theme> | undefined; } & SystemProps<...> & Omit<...>): Element | null', gave the following error.
    Property 'component' is missing in type '{ children: Element; item: true; xs: number; }' but required in type '{ component: ElementType<any, keyof IntrinsicElements>; }'.
  Overload 2 of 2, '(props: DefaultComponentProps<GridTypeMap<{}, "div">>): Element | null', gave the following error.
    Type '{ children: Element; item: true; xs: number; }' is not assignable to type 'IntrinsicAttributes & GridBaseProps & { sx?: SxProps<Theme> | undefined; } & SystemProps<Theme> & Omit<...>'.
      Property 'item' does not exist on type 'IntrinsicAttributes & GridBaseProps & { sx?: SxProps<Theme> | undefined; } & SystemProps<Theme> & Omit<...>'.
    392 |
    393 |         {/* Borrower Portfolio */}
  > 394 |         <Grid item xs={12}>
        |         ^^^^^^^^^^^^^^^^^^^
    395 |           <Paper sx={{ p: 3 }}>
    396 |             <Typography variant="h6" gutterBottom>
    397 |               Borrower Portfolio

ERROR in src/components/LoanManagement.tsx:330:13
TS2769: No overload matches this call.
  Overload 1 of 2, '(props: { component: ElementType<any, keyof IntrinsicElements>; } & GridBaseProps & { sx?: SxProps<Theme> | undefined; } & SystemProps<...> & Omit<...>): Element | null', gave the following error.
    Property 'component' is missing in type '{ children: Element; item: true; xs: number; md: number; }' but required in type '{ component: ElementType<any, keyof IntrinsicElements>; }'.
  Overload 2 of 2, '(props: DefaultComponentProps<GridTypeMap<{}, "div">>): Element | null', gave the following error.
    Type '{ children: Element; item: true; xs: number; md: number; }' is not assignable to type 'IntrinsicAttributes & GridBaseProps & { sx?: SxProps<Theme> | undefined; } & SystemProps<Theme> & Omit<...>'.
      Property 'item' does not exist on type 'IntrinsicAttributes & GridBaseProps & { sx?: SxProps<Theme> | undefined; } & SystemProps<Theme> & Omit<...>'.
    328 |         <DialogContent>
    329 |           <Grid container spacing={2} sx={{ mt: 1 }}>
  > 330 |             <Grid item xs={12} md={6}>
        |             ^^^^^^^^^^^^^^^^^^^^^^^^^^
    331 |               <Autocomplete
    332 |                 options={getAvailableUsers()}
    333 |                 getOptionLabel={(option) => option.fullName}

ERROR in src/components/LoanManagement.tsx:364:13
TS2769: No overload matches this call.
  Overload 1 of 2, '(props: { component: ElementType<any, keyof IntrinsicElements>; } & GridBaseProps & { sx?: SxProps<Theme> | undefined; } & SystemProps<...> & Omit<...>): Element | null', gave the following error.
    Property 'component' is missing in type '{ children: Element; item: true; xs: number; md: number; }' but required in type '{ component: ElementType<any, keyof IntrinsicElements>; }'.
  Overload 2 of 2, '(props: DefaultComponentProps<GridTypeMap<{}, "div">>): Element | null', gave the following error.
    Type '{ children: Element; item: true; xs: number; md: number; }' is not assignable to type 'IntrinsicAttributes & GridBaseProps & { sx?: SxProps<Theme> | undefined; } & SystemProps<Theme> & Omit<...>'.
      Property 'item' does not exist on type 'IntrinsicAttributes & GridBaseProps & { sx?: SxProps<Theme> | undefined; } & SystemProps<Theme> & Omit<...>'.
    362 |             </Grid>
    363 |
  > 364 |             <Grid item xs={12} md={6}>
        |             ^^^^^^^^^^^^^^^^^^^^^^^^^^
    365 |               <TextField
    366 |                 label="Principal Amount"
    367 |                 type="number"

ERROR in src/components/LoanManagement.tsx:381:13
TS2769: No overload matches this call.
  Overload 1 of 2, '(props: { component: ElementType<any, keyof IntrinsicElements>; } & GridBaseProps & { sx?: SxProps<Theme> | undefined; } & SystemProps<...> & Omit<...>): Element | null', gave the following error.
    Property 'component' is missing in type '{ children: Element; item: true; xs: number; md: number; }' but required in type '{ component: ElementType<any, keyof IntrinsicElements>; }'.
  Overload 2 of 2, '(props: DefaultComponentProps<GridTypeMap<{}, "div">>): Element | null', gave the following error.
    Type '{ children: Element; item: true; xs: number; md: number; }' is not assignable to type 'IntrinsicAttributes & GridBaseProps & { sx?: SxProps<Theme> | undefined; } & SystemProps<Theme> & Omit<...>'.
      Property 'item' does not exist on type 'IntrinsicAttributes & GridBaseProps & { sx?: SxProps<Theme> | undefined; } & SystemProps<Theme> & Omit<...>'.
    379 |             </Grid>
    380 |
  > 381 |             <Grid item xs={12} md={6}>
        |             ^^^^^^^^^^^^^^^^^^^^^^^^^^
    382 |               <TextField
    383 |                 label="Interest Rate (%)"
    384 |                 type="number"

ERROR in src/components/LoanManagement.tsx:398:13
TS2769: No overload matches this call.
  Overload 1 of 2, '(props: { component: ElementType<any, keyof IntrinsicElements>; } & GridBaseProps & { sx?: SxProps<Theme> | undefined; } & SystemProps<...> & Omit<...>): Element | null', gave the following error.
    Property 'component' is missing in type '{ children: Element; item: true; xs: number; md: number; }' but required in type '{ component: ElementType<any, keyof IntrinsicElements>; }'.
  Overload 2 of 2, '(props: DefaultComponentProps<GridTypeMap<{}, "div">>): Element | null', gave the following error.
    Type '{ children: Element; item: true; xs: number; md: number; }' is not assignable to type 'IntrinsicAttributes & GridBaseProps & { sx?: SxProps<Theme> | undefined; } & SystemProps<Theme> & Omit<...>'.
      Property 'item' does not exist on type 'IntrinsicAttributes & GridBaseProps & { sx?: SxProps<Theme> | undefined; } & SystemProps<Theme> & Omit<...>'.
    396 |             </Grid>
    397 |
  > 398 |             <Grid item xs={12} md={6}>
        |             ^^^^^^^^^^^^^^^^^^^^^^^^^^
    399 |               <TextField
    400 |                 label="Loan Term (Months)"
    401 |                 type="number"

ERROR in src/components/LoanManagement.tsx:412:13
TS2769: No overload matches this call.
  Overload 1 of 2, '(props: { component: ElementType<any, keyof IntrinsicElements>; } & GridBaseProps & { sx?: SxProps<Theme> | undefined; } & SystemProps<...> & Omit<...>): Element | null', gave the following error.
    Property 'component' is missing in type '{ children: Element; item: true; xs: number; md: number; }' but required in type '{ component: ElementType<any, keyof IntrinsicElements>; }'.
  Overload 2 of 2, '(props: DefaultComponentProps<GridTypeMap<{}, "div">>): Element | null', gave the following error.
    Type '{ children: Element; item: true; xs: number; md: number; }' is not assignable to type 'IntrinsicAttributes & GridBaseProps & { sx?: SxProps<Theme> | undefined; } & SystemProps<Theme> & Omit<...>'.
      Property 'item' does not exist on type 'IntrinsicAttributes & GridBaseProps & { sx?: SxProps<Theme> | undefined; } & SystemProps<Theme> & Omit<...>'.
    410 |             </Grid>
    411 |
  > 412 |             <Grid item xs={12} md={6}>
        |             ^^^^^^^^^^^^^^^^^^^^^^^^^^
    413 |               <TextField
    414 |                 label="EMI Collection Percentage"
    415 |                 type="number"

ERROR in src/components/LoanManagement.tsx:430:13
TS2769: No overload matches this call.
  Overload 1 of 2, '(props: { component: ElementType<any, keyof IntrinsicElements>; } & GridBaseProps & { sx?: SxProps<Theme> | undefined; } & SystemProps<...> & Omit<...>): Element | null', gave the following error.
    Property 'component' is missing in type '{ children: Element; item: true; xs: number; md: number; }' but required in type '{ component: ElementType<any, keyof IntrinsicElements>; }'.
  Overload 2 of 2, '(props: DefaultComponentProps<GridTypeMap<{}, "div">>): Element | null', gave the following error.
    Type '{ children: Element; item: true; xs: number; md: number; }' is not assignable to type 'IntrinsicAttributes & GridBaseProps & { sx?: SxProps<Theme> | undefined; } & SystemProps<Theme> & Omit<...>'.
      Property 'item' does not exist on type 'IntrinsicAttributes & GridBaseProps & { sx?: SxProps<Theme> | undefined; } & SystemProps<Theme> & Omit<...>'.
    428 |             </Grid>
    429 |
  > 430 |             <Grid item xs={12} md={6}>
        |             ^^^^^^^^^^^^^^^^^^^^^^^^^^
    431 |               <TextField
    432 |                 label="EMI Due Date"
    433 |                 type="number"

ERROR in src/components/LoanManagement.tsx:447:15
TS2769: No overload matches this call.
  Overload 1 of 2, '(props: { component: ElementType<any, keyof IntrinsicElements>; } & GridBaseProps & { sx?: SxProps<Theme> | undefined; } & SystemProps<...> & Omit<...>): Element | null', gave the following error.
    Property 'component' is missing in type '{ children: Element; item: true; xs: number; }' but required in type '{ component: ElementType<any, keyof IntrinsicElements>; }'.
  Overload 2 of 2, '(props: DefaultComponentProps<GridTypeMap<{}, "div">>): Element | null', gave the following error.
    Type '{ children: Element; item: true; xs: number; }' is not assignable to type 'IntrinsicAttributes & GridBaseProps & { sx?: SxProps<Theme> | undefined; } & SystemProps<Theme> & Omit<...>'.
      Property 'item' does not exist on type 'IntrinsicAttributes & GridBaseProps & { sx?: SxProps<Theme> | undefined; } & SystemProps<Theme> & Omit<...>'.
    445 |
    446 |             {newLoan.principalAmount > 0 && newLoan.interestRate > 0 && newLoan.loanTermMonths > 0 && (
  > 447 |               <Grid item xs={12}>
        |               ^^^^^^^^^^^^^^^^^^^
    448 |                 <Alert severity="info">
    449 |                   <Typography variant="body2">
    450 |                     <strong>Calculated EMI: ₹{calculateEMI(

ERROR in src/components/TransactionForm.tsx:59:7
TS2322: Type '{ id: number; borrowerId: number; lenderId: number; lenderName: string; loanAmount: number; interestRate: number; tenureMonths: number; monthlyEmiAmount: number; outstandingAmount: number; emiCollectionPercentage: number; nextEmiDate: string; status: "ACTIVE"; createdAt: string; }' is not assignable to type 'Loan'.
  Object literal may only specify known properties, and 'loanAmount' does not exist in type 'Loan'.
    57 |       lenderId: 2,
    58 |       lenderName: 'ABC Finance',
  > 59 |       loanAmount: 500000,
       |       ^^^^^^^^^^^^^^^^^^
    60 |       interestRate: 12,
    61 |       tenureMonths: 24,
    62 |       monthlyEmiAmount: 23539,

ERROR in src/components/TransactionForm.tsx:74:7
TS2322: Type '{ id: number; borrowerId: number; lenderId: number; lenderName: string; loanAmount: number; interestRate: number; tenureMonths: number; monthlyEmiAmount: number; outstandingAmount: number; emiCollectionPercentage: number; nextEmiDate: string; status: "ACTIVE"; createdAt: string; }' is not assignable to type 'Loan'.
  Object literal may only specify known properties, and 'loanAmount' does not exist in type 'Loan'.
    72 |       lenderId: 3,
    73 |       lenderName: 'XYZ Bank',
  > 74 |       loanAmount: 300000,
       |       ^^^^^^^^^^^^^^^^^^
    75 |       interestRate: 10,
    76 |       tenureMonths: 36,
    77 |       monthlyEmiAmount: 9677,

ERROR in src/components/TransactionForm.tsx:89:7
TS2322: Type '{ id: number; borrowerId: number; loanId: number; lenderName: string; transactionAmount: number; emiCollectionAmount: number; transactionDate: string; description: string; }' is not assignable to type 'EMIWalletTransaction'.
  Object literal may only specify known properties, and 'borrowerId' does not exist in type 'EMIWalletTransaction'.
    87 |     {
    88 |       id: 1,
  > 89 |       borrowerId: currentUser.id,
       |       ^^^^^^^^^^^^^^^^^^^^^^^^^^
    90 |       loanId: 1,
    91 |       lenderName: 'ABC Finance',
    92 |       transactionAmount: 100000,

ERROR in src/components/TransactionForm.tsx:99:7
TS2322: Type '{ id: number; borrowerId: number; loanId: number; lenderName: string; transactionAmount: number; emiCollectionAmount: number; transactionDate: string; description: string; }' is not assignable to type 'EMIWalletTransaction'.
  Object literal may only specify known properties, and 'borrowerId' does not exist in type 'EMIWalletTransaction'.
     97 |     {
     98 |       id: 2,
  >  99 |       borrowerId: currentUser.id,
        |       ^^^^^^^^^^^^^^^^^^^^^^^^^^
    100 |       loanId: 2,
    101 |       lenderName: 'XYZ Bank',
    102 |       transactionAmount: 50000,

ERROR in src/components/TransactionForm.tsx:119:24
TS2551: Property 'getTransactionsByBorrower' does not exist on type '{ createLoan: (loan: LoanRequest) => Promise<AxiosResponse<Loan, any>>; getLoansByBorrower: (borrowerId: number) => Promise<AxiosResponse<Loan[], any>>; ... 12 more ...; getPaymentHistory: (loanId: number) => Promise<...>; }'. Did you mean 'getTransactionsByLoan'?
    117 |         const [loansResponse, transactionsResponse] = await Promise.all([
    118 |           emiWalletApi.getLoansByBorrower(currentUser.id),
  > 119 |           emiWalletApi.getTransactionsByBorrower(currentUser.id),
        |                        ^^^^^^^^^^^^^^^^^^^^^^^^^
    120 |         ]);
    121 |         setLoans(loansResponse.data);
    122 |         setTransactions(transactionsResponse.data);

ERROR in src/components/TransactionForm.tsx:156:11
TS2345: Argument of type '{ borrowerId: number; loanId: number; transactionAmount: number; emiCollectionAmount: number; description: string; }' is not assignable to parameter of type 'TransactionRequest'.
  Object literal may only specify known properties, and 'borrowerId' does not exist in type 'TransactionRequest'.
    154 |       try {
    155 |         await emiWalletApi.addTransaction({
  > 156 |           borrowerId: currentUser.id,
        |           ^^^^^^^^^^^^^^^^^^^^^^^^^^
    157 |           loanId: newTransaction.loanId,
    158 |           transactionAmount: newTransaction.transactionAmount,
    159 |           emiCollectionAmount,

ERROR in src/components/TransactionForm.tsx:168:11
TS2322: Type '{ id: number; borrowerId: number; loanId: number; lenderName: string; transactionAmount: number; emiCollectionAmount: number; transactionDate: string; description: string; }' is not assignable to type 'EMIWalletTransaction'.
  Object literal may only specify known properties, and 'borrowerId' does not exist in type 'EMIWalletTransaction'.
    166 |         const newDemoTransaction: EMIWalletTransaction = {
    167 |           id: Date.now(),
  > 168 |           borrowerId: currentUser.id,
        |           ^^^^^^^^^^^^^^^^^^^^^^^^^^
    169 |           loanId: newTransaction.loanId,
    170 |           lenderName: selectedLoan.lenderName,
    171 |           transactionAmount: newTransaction.transactionAmount,

ERROR in src/components/TransactionForm.tsx:245:50
TS2339: Property 'loanAmount' does not exist on type 'Loan'.
    243 |                   {loans.map((loan) => (
    244 |                     <MenuItem key={loan.id} value={loan.id}>
  > 245 |                       {loan.lenderName} - ₹{loan.loanAmount.toLocaleString()} ({loan.emiCollectionPercentage}% EMI)
        |                                                  ^^^^^^^^^^
    246 |                     </MenuItem>
    247 |                   ))}
    248 |                 </Select>

ERROR in src/components/TransactionForm.tsx:319:49
TS2339: Property 'loanAmount' does not exist on type 'Loan'.
    317 |                         <Box sx={{ mt: 1 }}>
    318 |                           <Typography variant="body2" color="text.secondary">
  > 319 |                             Loan Amount: ₹{loan.loanAmount.toLocaleString()}
        |                                                 ^^^^^^^^^^
    320 |                           </Typography>
    321 |                           <Typography variant="body2" color="text.secondary">
    322 |                             Monthly EMI: ₹{loan.monthlyEmiAmount.toLocaleString()}

ERROR in src/components/TransactionForm.tsx:322:49
TS2339: Property 'monthlyEmiAmount' does not exist on type 'Loan'.
    320 |                           </Typography>
    321 |                           <Typography variant="body2" color="text.secondary">
  > 322 |                             Monthly EMI: ₹{loan.monthlyEmiAmount.toLocaleString()}
        |                                                 ^^^^^^^^^^^^^^^^
    323 |                           </Typography>
    324 |                           <Typography variant="body2" color="text.secondary">
    325 |                             Outstanding: ₹{loan.outstandingAmount.toLocaleString()}

ERROR in src/components/TransactionForm.tsx:325:49
TS2339: Property 'outstandingAmount' does not exist on type 'Loan'.
    323 |                           </Typography>
    324 |                           <Typography variant="body2" color="text.secondary">
  > 325 |                             Outstanding: ₹{loan.outstandingAmount.toLocaleString()}
        |                                                 ^^^^^^^^^^^^^^^^^
    326 |                           </Typography>
    327 |                           <Typography variant="body2" color="text.secondary">
    328 |                             Next EMI: {loan.nextEmiDate}

ERROR in src/components/TransactionForm.tsx:328:45
TS2339: Property 'nextEmiDate' does not exist on type 'Loan'.
    326 |                           </Typography>
    327 |                           <Typography variant="body2" color="text.secondary">
  > 328 |                             Next EMI: {loan.nextEmiDate}
        |                                             ^^^^^^^^^^^
    329 |                           </Typography>
    330 |                         </Box>
    331 |                       }

ERROR in src/components/TransactionForm.tsx:363:45
TS2339: Property 'lenderName' does not exist on type 'EMIWalletTransaction'.
    361 |                   <TableRow key={transaction.id}>
    362 |                     <TableCell>{transaction.transactionDate}</TableCell>
  > 363 |                     <TableCell>{transaction.lenderName}</TableCell>
        |                                             ^^^^^^^^^^
    364 |                     <TableCell>{transaction.description}</TableCell>
    365 |                     <TableCell align="right">₹{transaction.transactionAmount.toLocaleString()}</TableCell>
    366 |                     <TableCell align="right">₹{transaction.emiCollectionAmount.toLocaleString()}</TableCell>

Compiling...
Compiled with warnings.

[eslint] 
src/components/TransactionForm.tsx
  Line 13:3:   'Card' is defined but never used                                                                              @typescript-eslint/no-unused-vars
  Line 14:3:   'CardContent' is defined but never used                                                                       @typescript-eslint/no-unused-vars
  Line 30:3:   'AccountBalance' is defined but never used                                                                    @typescript-eslint/no-unused-vars
  Line 31:3:   'TrendingUp' is defined but never used                                                                        @typescript-eslint/no-unused-vars
  Line 111:6:  React Hook useEffect has a missing dependency: 'fetchData'. Either include it or remove the dependency array  react-hooks/exhaustive-deps

Search for the keywords to learn more about each warning.
To ignore, add // eslint-disable-next-line to the line before.

WARNING in [eslint] 
src/components/TransactionForm.tsx
  Line 13:3:   'Card' is defined but never used                                                                              @typescript-eslint/no-unused-vars
  Line 14:3:   'CardContent' is defined but never used                                                                       @typescript-eslint/no-unused-vars
  Line 30:3:   'AccountBalance' is defined but never used                                                                    @typescript-eslint/no-unused-vars
  Line 31:3:   'TrendingUp' is defined but never used                                                                        @typescript-eslint/no-unused-vars
  Line 111:6:  React Hook useEffect has a missing dependency: 'fetchData'. Either include it or remove the dependency array  react-hooks/exhaustive-deps

webpack compiled with 1 warning
Files successfully emitted, waiting for typecheck results...
Issues checking in progress...
ERROR in src/components/BorrowerDashboard.tsx:173:9
TS2769: No overload matches this call.
  Overload 1 of 2, '(props: { component: ElementType<any, keyof IntrinsicElements>; } & GridBaseProps & { sx?: SxProps<Theme> | undefined; } & SystemProps<...> & Omit<...>): Element | null', gave the following error.
    Property 'component' is missing in type '{ children: Element; item: true; xs: number; sm: number; md: number; }' but required in type '{ component: ElementType<any, keyof IntrinsicElements>; }'.
  Overload 2 of 2, '(props: DefaultComponentProps<GridTypeMap<{}, "div">>): Element | null', gave the following error.
    Type '{ children: Element; item: true; xs: number; sm: number; md: number; }' is not assignable to type 'IntrinsicAttributes & GridBaseProps & { sx?: SxProps<Theme> | undefined; } & SystemProps<Theme> & Omit<...>'.
      Property 'item' does not exist on type 'IntrinsicAttributes & GridBaseProps & { sx?: SxProps<Theme> | undefined; } & SystemProps<Theme> & Omit<...>'.
    171 |       {/* Summary Cards */}
    172 |       <Grid container spacing={3} sx={{ mb: 4 }}>
  > 173 |         <Grid item xs={12} sm={6} md={3}>
        |         ^^^^^^^^^^^^^^^^^^^^^^^^^^^^^^^^^
    174 |           <Card sx={{ background: 'linear-gradient(135deg, #667eea 0%, #764ba2 100%)', color: 'white' }}>
    175 |             <CardContent>
    176 |               <Box sx={{ display: 'flex', alignItems: 'center', mb: 1 }}>

ERROR in src/components/BorrowerDashboard.tsx:187:9
TS2769: No overload matches this call.
  Overload 1 of 2, '(props: { component: ElementType<any, keyof IntrinsicElements>; } & GridBaseProps & { sx?: SxProps<Theme> | undefined; } & SystemProps<...> & Omit<...>): Element | null', gave the following error.
    Property 'component' is missing in type '{ children: Element; item: true; xs: number; sm: number; md: number; }' but required in type '{ component: ElementType<any, keyof IntrinsicElements>; }'.
  Overload 2 of 2, '(props: DefaultComponentProps<GridTypeMap<{}, "div">>): Element | null', gave the following error.
    Type '{ children: Element; item: true; xs: number; sm: number; md: number; }' is not assignable to type 'IntrinsicAttributes & GridBaseProps & { sx?: SxProps<Theme> | undefined; } & SystemProps<Theme> & Omit<...>'.
      Property 'item' does not exist on type 'IntrinsicAttributes & GridBaseProps & { sx?: SxProps<Theme> | undefined; } & SystemProps<Theme> & Omit<...>'.
    185 |         </Grid>
    186 |
  > 187 |         <Grid item xs={12} sm={6} md={3}>
        |         ^^^^^^^^^^^^^^^^^^^^^^^^^^^^^^^^^
    188 |           <Card sx={{ background: 'linear-gradient(135deg, #f093fb 0%, #f5576c 100%)', color: 'white' }}>
    189 |             <CardContent>
    190 |               <Box sx={{ display: 'flex', alignItems: 'center', mb: 1 }}>

ERROR in src/components/BorrowerDashboard.tsx:201:9
TS2769: No overload matches this call.
  Overload 1 of 2, '(props: { component: ElementType<any, keyof IntrinsicElements>; } & GridBaseProps & { sx?: SxProps<Theme> | undefined; } & SystemProps<...> & Omit<...>): Element | null', gave the following error.
    Property 'component' is missing in type '{ children: Element; item: true; xs: number; sm: number; md: number; }' but required in type '{ component: ElementType<any, keyof IntrinsicElements>; }'.
  Overload 2 of 2, '(props: DefaultComponentProps<GridTypeMap<{}, "div">>): Element | null', gave the following error.
    Type '{ children: Element; item: true; xs: number; sm: number; md: number; }' is not assignable to type 'IntrinsicAttributes & GridBaseProps & { sx?: SxProps<Theme> | undefined; } & SystemProps<Theme> & Omit<...>'.
      Property 'item' does not exist on type 'IntrinsicAttributes & GridBaseProps & { sx?: SxProps<Theme> | undefined; } & SystemProps<Theme> & Omit<...>'.
    199 |         </Grid>
    200 |
  > 201 |         <Grid item xs={12} sm={6} md={3}>
        |         ^^^^^^^^^^^^^^^^^^^^^^^^^^^^^^^^^
    202 |           <Card sx={{ background: 'linear-gradient(135deg, #4facfe 0%, #00f2fe 100%)', color: 'white' }}>
    203 |             <CardContent>
    204 |               <Box sx={{ display: 'flex', alignItems: 'center', mb: 1 }}>

ERROR in src/components/BorrowerDashboard.tsx:215:9
TS2769: No overload matches this call.
  Overload 1 of 2, '(props: { component: ElementType<any, keyof IntrinsicElements>; } & GridBaseProps & { sx?: SxProps<Theme> | undefined; } & SystemProps<...> & Omit<...>): Element | null', gave the following error.
    Property 'component' is missing in type '{ children: Element; item: true; xs: number; sm: number; md: number; }' but required in type '{ component: ElementType<any, keyof IntrinsicElements>; }'.
  Overload 2 of 2, '(props: DefaultComponentProps<GridTypeMap<{}, "div">>): Element | null', gave the following error.
    Type '{ children: Element; item: true; xs: number; sm: number; md: number; }' is not assignable to type 'IntrinsicAttributes & GridBaseProps & { sx?: SxProps<Theme> | undefined; } & SystemProps<Theme> & Omit<...>'.
      Property 'item' does not exist on type 'IntrinsicAttributes & GridBaseProps & { sx?: SxProps<Theme> | undefined; } & SystemProps<Theme> & Omit<...>'.
    213 |         </Grid>
    214 |
  > 215 |         <Grid item xs={12} sm={6} md={3}>
        |         ^^^^^^^^^^^^^^^^^^^^^^^^^^^^^^^^^
    216 |           <Card sx={{ background: 'linear-gradient(135deg, #fa709a 0%, #fee140 100%)', color: 'white' }}>
    217 |             <CardContent>
    218 |               <Box sx={{ display: 'flex', alignItems: 'center', mb: 1 }}>

ERROR in src/components/BorrowerDashboard.tsx:232:9
TS2769: No overload matches this call.
  Overload 1 of 2, '(props: { component: ElementType<any, keyof IntrinsicElements>; } & GridBaseProps & { sx?: SxProps<Theme> | undefined; } & SystemProps<...> & Omit<...>): Element | null', gave the following error.
    Property 'component' is missing in type '{ children: Element; item: true; xs: number; md: number; }' but required in type '{ component: ElementType<any, keyof IntrinsicElements>; }'.
  Overload 2 of 2, '(props: DefaultComponentProps<GridTypeMap<{}, "div">>): Element | null', gave the following error.
    Type '{ children: Element; item: true; xs: number; md: number; }' is not assignable to type 'IntrinsicAttributes & GridBaseProps & { sx?: SxProps<Theme> | undefined; } & SystemProps<Theme> & Omit<...>'.
      Property 'item' does not exist on type 'IntrinsicAttributes & GridBaseProps & { sx?: SxProps<Theme> | undefined; } & SystemProps<Theme> & Omit<...>'.
    230 |       <Grid container spacing={3}>
    231 |         {/* EMI Collection Progress */}
  > 232 |         <Grid item xs={12} md={6}>
        |         ^^^^^^^^^^^^^^^^^^^^^^^^^^
    233 |           <Paper sx={{ p: 3 }}>
    234 |             <Typography variant="h6" gutterBottom>
    235 |               This Month's EMI Collection Progress

ERROR in src/components/BorrowerDashboard.tsx:279:9
TS2769: No overload matches this call.
  Overload 1 of 2, '(props: { component: ElementType<any, keyof IntrinsicElements>; } & GridBaseProps & { sx?: SxProps<Theme> | undefined; } & SystemProps<...> & Omit<...>): Element | null', gave the following error.
    Property 'component' is missing in type '{ children: Element; item: true; xs: number; md: number; }' but required in type '{ component: ElementType<any, keyof IntrinsicElements>; }'.
  Overload 2 of 2, '(props: DefaultComponentProps<GridTypeMap<{}, "div">>): Element | null', gave the following error.
    Type '{ children: Element; item: true; xs: number; md: number; }' is not assignable to type 'IntrinsicAttributes & GridBaseProps & { sx?: SxProps<Theme> | undefined; } & SystemProps<Theme> & Omit<...>'.
      Property 'item' does not exist on type 'IntrinsicAttributes & GridBaseProps & { sx?: SxProps<Theme> | undefined; } & SystemProps<Theme> & Omit<...>'.
    277 |
    278 |         {/* Loan-wise Collection */}
  > 279 |         <Grid item xs={12} md={6}>
        |         ^^^^^^^^^^^^^^^^^^^^^^^^^^
    280 |           <Paper sx={{ p: 3 }}>
    281 |             <Typography variant="h6" gutterBottom>
    282 |               Loan-wise Collection Status

ERROR in src/components/BorrowerDashboard.tsx:299:9
TS2769: No overload matches this call.
  Overload 1 of 2, '(props: { component: ElementType<any, keyof IntrinsicElements>; } & GridBaseProps & { sx?: SxProps<Theme> | undefined; } & SystemProps<...> & Omit<...>): Element | null', gave the following error.
    Property 'component' is missing in type '{ children: Element; item: true; xs: number; md: number; }' but required in type '{ component: ElementType<any, keyof IntrinsicElements>; }'.
  Overload 2 of 2, '(props: DefaultComponentProps<GridTypeMap<{}, "div">>): Element | null', gave the following error.
    Type '{ children: Element; item: true; xs: number; md: number; }' is not assignable to type 'IntrinsicAttributes & GridBaseProps & { sx?: SxProps<Theme> | undefined; } & SystemProps<Theme> & Omit<...>'.
      Property 'item' does not exist on type 'IntrinsicAttributes & GridBaseProps & { sx?: SxProps<Theme> | undefined; } & SystemProps<Theme> & Omit<...>'.
    297 |
    298 |         {/* Loan Summaries */}
  > 299 |         <Grid item xs={12} md={8}>
        |         ^^^^^^^^^^^^^^^^^^^^^^^^^^
    300 |           <Paper sx={{ p: 3 }}>
    301 |             <Typography variant="h6" gutterBottom>
    302 |               Active Loans Summary

ERROR in src/components/BorrowerDashboard.tsx:356:9
TS2769: No overload matches this call.
  Overload 1 of 2, '(props: { component: ElementType<any, keyof IntrinsicElements>; } & GridBaseProps & { sx?: SxProps<Theme> | undefined; } & SystemProps<...> & Omit<...>): Element | null', gave the following error.
    Property 'component' is missing in type '{ children: Element; item: true; xs: number; md: number; }' but required in type '{ component: ElementType<any, keyof IntrinsicElements>; }'.
  Overload 2 of 2, '(props: DefaultComponentProps<GridTypeMap<{}, "div">>): Element | null', gave the following error.
    Type '{ children: Element; item: true; xs: number; md: number; }' is not assignable to type 'IntrinsicAttributes & GridBaseProps & { sx?: SxProps<Theme> | undefined; } & SystemProps<Theme> & Omit<...>'.
      Property 'item' does not exist on type 'IntrinsicAttributes & GridBaseProps & { sx?: SxProps<Theme> | undefined; } & SystemProps<Theme> & Omit<...>'.
    354 |
    355 |         {/* Recent Transactions */}
  > 356 |         <Grid item xs={12} md={4}>
        |         ^^^^^^^^^^^^^^^^^^^^^^^^^^
    357 |           <Paper sx={{ p: 3 }}>
    358 |             <Typography variant="h6" gutterBottom>
    359 |               Recent Transactions

ERROR in src/components/LenderDashboard.tsx:202:9
TS2769: No overload matches this call.
  Overload 1 of 2, '(props: { component: ElementType<any, keyof IntrinsicElements>; } & GridBaseProps & { sx?: SxProps<Theme> | undefined; } & SystemProps<...> & Omit<...>): Element | null', gave the following error.
    Property 'component' is missing in type '{ children: Element; item: true; xs: number; sm: number; md: number; }' but required in type '{ component: ElementType<any, keyof IntrinsicElements>; }'.
  Overload 2 of 2, '(props: DefaultComponentProps<GridTypeMap<{}, "div">>): Element | null', gave the following error.
    Type '{ children: Element; item: true; xs: number; sm: number; md: number; }' is not assignable to type 'IntrinsicAttributes & GridBaseProps & { sx?: SxProps<Theme> | undefined; } & SystemProps<Theme> & Omit<...>'.
      Property 'item' does not exist on type 'IntrinsicAttributes & GridBaseProps & { sx?: SxProps<Theme> | undefined; } & SystemProps<Theme> & Omit<...>'.
    200 |       {/* Summary Cards */}
    201 |       <Grid container spacing={3} sx={{ mb: 4 }}>
  > 202 |         <Grid item xs={12} sm={6} md={3}>
        |         ^^^^^^^^^^^^^^^^^^^^^^^^^^^^^^^^^
    203 |           <Card sx={{ background: 'linear-gradient(135deg, #667eea 0%, #764ba2 100%)', color: 'white' }}>
    204 |             <CardContent>
    205 |               <Box sx={{ display: 'flex', alignItems: 'center', mb: 1 }}>

ERROR in src/components/LenderDashboard.tsx:216:9
TS2769: No overload matches this call.
  Overload 1 of 2, '(props: { component: ElementType<any, keyof IntrinsicElements>; } & GridBaseProps & { sx?: SxProps<Theme> | undefined; } & SystemProps<...> & Omit<...>): Element | null', gave the following error.
    Property 'component' is missing in type '{ children: Element; item: true; xs: number; sm: number; md: number; }' but required in type '{ component: ElementType<any, keyof IntrinsicElements>; }'.
  Overload 2 of 2, '(props: DefaultComponentProps<GridTypeMap<{}, "div">>): Element | null', gave the following error.
    Type '{ children: Element; item: true; xs: number; sm: number; md: number; }' is not assignable to type 'IntrinsicAttributes & GridBaseProps & { sx?: SxProps<Theme> | undefined; } & SystemProps<Theme> & Omit<...>'.
      Property 'item' does not exist on type 'IntrinsicAttributes & GridBaseProps & { sx?: SxProps<Theme> | undefined; } & SystemProps<Theme> & Omit<...>'.
    214 |         </Grid>
    215 |
  > 216 |         <Grid item xs={12} sm={6} md={3}>
        |         ^^^^^^^^^^^^^^^^^^^^^^^^^^^^^^^^^
    217 |           <Card sx={{ background: 'linear-gradient(135deg, #f093fb 0%, #f5576c 100%)', color: 'white' }}>
    218 |             <CardContent>
    219 |               <Box sx={{ display: 'flex', alignItems: 'center', mb: 1 }}>

ERROR in src/components/LenderDashboard.tsx:230:9
TS2769: No overload matches this call.
  Overload 1 of 2, '(props: { component: ElementType<any, keyof IntrinsicElements>; } & GridBaseProps & { sx?: SxProps<Theme> | undefined; } & SystemProps<...> & Omit<...>): Element | null', gave the following error.
    Property 'component' is missing in type '{ children: Element; item: true; xs: number; sm: number; md: number; }' but required in type '{ component: ElementType<any, keyof IntrinsicElements>; }'.
  Overload 2 of 2, '(props: DefaultComponentProps<GridTypeMap<{}, "div">>): Element | null', gave the following error.
    Type '{ children: Element; item: true; xs: number; sm: number; md: number; }' is not assignable to type 'IntrinsicAttributes & GridBaseProps & { sx?: SxProps<Theme> | undefined; } & SystemProps<Theme> & Omit<...>'.
      Property 'item' does not exist on type 'IntrinsicAttributes & GridBaseProps & { sx?: SxProps<Theme> | undefined; } & SystemProps<Theme> & Omit<...>'.
    228 |         </Grid>
    229 |
  > 230 |         <Grid item xs={12} sm={6} md={3}>
        |         ^^^^^^^^^^^^^^^^^^^^^^^^^^^^^^^^^
    231 |           <Card sx={{ background: 'linear-gradient(135deg, #4facfe 0%, #00f2fe 100%)', color: 'white' }}>
    232 |             <CardContent>
    233 |               <Box sx={{ display: 'flex', alignItems: 'center', mb: 1 }}>

ERROR in src/components/LenderDashboard.tsx:247:9
TS2769: No overload matches this call.
  Overload 1 of 2, '(props: { component: ElementType<any, keyof IntrinsicElements>; } & GridBaseProps & { sx?: SxProps<Theme> | undefined; } & SystemProps<...> & Omit<...>): Element | null', gave the following error.
    Property 'component' is missing in type '{ children: Element; item: true; xs: number; sm: number; md: number; }' but required in type '{ component: ElementType<any, keyof IntrinsicElements>; }'.
  Overload 2 of 2, '(props: DefaultComponentProps<GridTypeMap<{}, "div">>): Element | null', gave the following error.
    Type '{ children: Element; item: true; xs: number; sm: number; md: number; }' is not assignable to type 'IntrinsicAttributes & GridBaseProps & { sx?: SxProps<Theme> | undefined; } & SystemProps<Theme> & Omit<...>'.
      Property 'item' does not exist on type 'IntrinsicAttributes & GridBaseProps & { sx?: SxProps<Theme> | undefined; } & SystemProps<Theme> & Omit<...>'.
    245 |         </Grid>
    246 |
  > 247 |         <Grid item xs={12} sm={6} md={3}>
        |         ^^^^^^^^^^^^^^^^^^^^^^^^^^^^^^^^^
    248 |           <Card sx={{ background: 'linear-gradient(135deg, #fa709a 0%, #fee140 100%)', color: 'white' }}>
    249 |             <CardContent>
    250 |               <Box sx={{ display: 'flex', alignItems: 'center', mb: 1 }}>

ERROR in src/components/LenderDashboard.tsx:264:9
TS2769: No overload matches this call.
  Overload 1 of 2, '(props: { component: ElementType<any, keyof IntrinsicElements>; } & GridBaseProps & { sx?: SxProps<Theme> | undefined; } & SystemProps<...> & Omit<...>): Element | null', gave the following error.
    Property 'component' is missing in type '{ children: Element; item: true; xs: number; md: number; }' but required in type '{ component: ElementType<any, keyof IntrinsicElements>; }'.
  Overload 2 of 2, '(props: DefaultComponentProps<GridTypeMap<{}, "div">>): Element | null', gave the following error.
    Type '{ children: Element; item: true; xs: number; md: number; }' is not assignable to type 'IntrinsicAttributes & GridBaseProps & { sx?: SxProps<Theme> | undefined; } & SystemProps<Theme> & Omit<...>'.
      Property 'item' does not exist on type 'IntrinsicAttributes & GridBaseProps & { sx?: SxProps<Theme> | undefined; } & SystemProps<Theme> & Omit<...>'.
    262 |       <Grid container spacing={3}>
    263 |         {/* Collection Trends */}
  > 264 |         <Grid item xs={12} md={8}>
        |         ^^^^^^^^^^^^^^^^^^^^^^^^^^
    265 |           <Paper sx={{ p: 3 }}>
    266 |             <Typography variant="h6" gutterBottom>
    267 |               Monthly Collection Trends

ERROR in src/components/LenderDashboard.tsx:296:9
TS2769: No overload matches this call.
  Overload 1 of 2, '(props: { component: ElementType<any, keyof IntrinsicElements>; } & GridBaseProps & { sx?: SxProps<Theme> | undefined; } & SystemProps<...> & Omit<...>): Element | null', gave the following error.
    Property 'component' is missing in type '{ children: Element; item: true; xs: number; md: number; }' but required in type '{ component: ElementType<any, keyof IntrinsicElements>; }'.
  Overload 2 of 2, '(props: DefaultComponentProps<GridTypeMap<{}, "div">>): Element | null', gave the following error.
    Type '{ children: Element; item: true; xs: number; md: number; }' is not assignable to type 'IntrinsicAttributes & GridBaseProps & { sx?: SxProps<Theme> | undefined; } & SystemProps<Theme> & Omit<...>'.
      Property 'item' does not exist on type 'IntrinsicAttributes & GridBaseProps & { sx?: SxProps<Theme> | undefined; } & SystemProps<Theme> & Omit<...>'.
    294 |
    295 |         {/* Collection Progress */}
  > 296 |         <Grid item xs={12} md={4}>
        |         ^^^^^^^^^^^^^^^^^^^^^^^^^^
    297 |           <Paper sx={{ p: 3 }}>
    298 |             <Typography variant="h6" gutterBottom>
    299 |               This Month's Progress

ERROR in src/components/LenderDashboard.tsx:331:9
TS2769: No overload matches this call.
  Overload 1 of 2, '(props: { component: ElementType<any, keyof IntrinsicElements>; } & GridBaseProps & { sx?: SxProps<Theme> | undefined; } & SystemProps<...> & Omit<...>): Element | null', gave the following error.
    Property 'component' is missing in type '{ children: Element; item: true; xs: number; md: number; }' but required in type '{ component: ElementType<any, keyof IntrinsicElements>; }'.
  Overload 2 of 2, '(props: DefaultComponentProps<GridTypeMap<{}, "div">>): Element | null', gave the following error.
    Type '{ children: Element; item: true; xs: number; md: number; }' is not assignable to type 'IntrinsicAttributes & GridBaseProps & { sx?: SxProps<Theme> | undefined; } & SystemProps<Theme> & Omit<...>'.
      Property 'item' does not exist on type 'IntrinsicAttributes & GridBaseProps & { sx?: SxProps<Theme> | undefined; } & SystemProps<Theme> & Omit<...>'.
    329 |
    330 |         {/* Borrower-wise Collections */}
  > 331 |         <Grid item xs={12} md={8}>
        |         ^^^^^^^^^^^^^^^^^^^^^^^^^^
    332 |           <Paper sx={{ p: 3 }}>
    333 |             <Typography variant="h6" gutterBottom>
    334 |               Borrower-wise Collection Status

ERROR in src/components/LenderDashboard.tsx:351:9
TS2769: No overload matches this call.
  Overload 1 of 2, '(props: { component: ElementType<any, keyof IntrinsicElements>; } & GridBaseProps & { sx?: SxProps<Theme> | undefined; } & SystemProps<...> & Omit<...>): Element | null', gave the following error.
    Property 'component' is missing in type '{ children: Element; item: true; xs: number; md: number; }' but required in type '{ component: ElementType<any, keyof IntrinsicElements>; }'.
  Overload 2 of 2, '(props: DefaultComponentProps<GridTypeMap<{}, "div">>): Element | null', gave the following error.
    Type '{ children: Element; item: true; xs: number; md: number; }' is not assignable to type 'IntrinsicAttributes & GridBaseProps & { sx?: SxProps<Theme> | undefined; } & SystemProps<Theme> & Omit<...>'.
      Property 'item' does not exist on type 'IntrinsicAttributes & GridBaseProps & { sx?: SxProps<Theme> | undefined; } & SystemProps<Theme> & Omit<...>'.
    349 |
    350 |         {/* Upcoming Payments */}
  > 351 |         <Grid item xs={12} md={4}>
        |         ^^^^^^^^^^^^^^^^^^^^^^^^^^
    352 |           <Paper sx={{ p: 3 }}>
    353 |             <Typography variant="h6" gutterBottom>
    354 |               Upcoming EMI Payments

ERROR in src/components/LenderDashboard.tsx:394:9
TS2769: No overload matches this call.
  Overload 1 of 2, '(props: { component: ElementType<any, keyof IntrinsicElements>; } & GridBaseProps & { sx?: SxProps<Theme> | undefined; } & SystemProps<...> & Omit<...>): Element | null', gave the following error.
    Property 'component' is missing in type '{ children: Element; item: true; xs: number; }' but required in type '{ component: ElementType<any, keyof IntrinsicElements>; }'.
  Overload 2 of 2, '(props: DefaultComponentProps<GridTypeMap<{}, "div">>): Element | null', gave the following error.
    Type '{ children: Element; item: true; xs: number; }' is not assignable to type 'IntrinsicAttributes & GridBaseProps & { sx?: SxProps<Theme> | undefined; } & SystemProps<Theme> & Omit<...>'.
      Property 'item' does not exist on type 'IntrinsicAttributes & GridBaseProps & { sx?: SxProps<Theme> | undefined; } & SystemProps<Theme> & Omit<...>'.
    392 |
    393 |         {/* Borrower Portfolio */}
  > 394 |         <Grid item xs={12}>
        |         ^^^^^^^^^^^^^^^^^^^
    395 |           <Paper sx={{ p: 3 }}>
    396 |             <Typography variant="h6" gutterBottom>
    397 |               Borrower Portfolio

ERROR in src/components/LoanManagement.tsx:330:13
TS2769: No overload matches this call.
  Overload 1 of 2, '(props: { component: ElementType<any, keyof IntrinsicElements>; } & GridBaseProps & { sx?: SxProps<Theme> | undefined; } & SystemProps<...> & Omit<...>): Element | null', gave the following error.
    Property 'component' is missing in type '{ children: Element; item: true; xs: number; md: number; }' but required in type '{ component: ElementType<any, keyof IntrinsicElements>; }'.
  Overload 2 of 2, '(props: DefaultComponentProps<GridTypeMap<{}, "div">>): Element | null', gave the following error.
    Type '{ children: Element; item: true; xs: number; md: number; }' is not assignable to type 'IntrinsicAttributes & GridBaseProps & { sx?: SxProps<Theme> | undefined; } & SystemProps<Theme> & Omit<...>'.
      Property 'item' does not exist on type 'IntrinsicAttributes & GridBaseProps & { sx?: SxProps<Theme> | undefined; } & SystemProps<Theme> & Omit<...>'.
    328 |         <DialogContent>
    329 |           <Grid container spacing={2} sx={{ mt: 1 }}>
  > 330 |             <Grid item xs={12} md={6}>
        |             ^^^^^^^^^^^^^^^^^^^^^^^^^^
    331 |               <Autocomplete
    332 |                 options={getAvailableUsers()}
    333 |                 getOptionLabel={(option) => option.fullName}

ERROR in src/components/LoanManagement.tsx:364:13
TS2769: No overload matches this call.
  Overload 1 of 2, '(props: { component: ElementType<any, keyof IntrinsicElements>; } & GridBaseProps & { sx?: SxProps<Theme> | undefined; } & SystemProps<...> & Omit<...>): Element | null', gave the following error.
    Property 'component' is missing in type '{ children: Element; item: true; xs: number; md: number; }' but required in type '{ component: ElementType<any, keyof IntrinsicElements>; }'.
  Overload 2 of 2, '(props: DefaultComponentProps<GridTypeMap<{}, "div">>): Element | null', gave the following error.
    Type '{ children: Element; item: true; xs: number; md: number; }' is not assignable to type 'IntrinsicAttributes & GridBaseProps & { sx?: SxProps<Theme> | undefined; } & SystemProps<Theme> & Omit<...>'.
      Property 'item' does not exist on type 'IntrinsicAttributes & GridBaseProps & { sx?: SxProps<Theme> | undefined; } & SystemProps<Theme> & Omit<...>'.
    362 |             </Grid>
    363 |
  > 364 |             <Grid item xs={12} md={6}>
        |             ^^^^^^^^^^^^^^^^^^^^^^^^^^
    365 |               <TextField
    366 |                 label="Principal Amount"
    367 |                 type="number"

ERROR in src/components/LoanManagement.tsx:381:13
TS2769: No overload matches this call.
  Overload 1 of 2, '(props: { component: ElementType<any, keyof IntrinsicElements>; } & GridBaseProps & { sx?: SxProps<Theme> | undefined; } & SystemProps<...> & Omit<...>): Element | null', gave the following error.
    Property 'component' is missing in type '{ children: Element; item: true; xs: number; md: number; }' but required in type '{ component: ElementType<any, keyof IntrinsicElements>; }'.
  Overload 2 of 2, '(props: DefaultComponentProps<GridTypeMap<{}, "div">>): Element | null', gave the following error.
    Type '{ children: Element; item: true; xs: number; md: number; }' is not assignable to type 'IntrinsicAttributes & GridBaseProps & { sx?: SxProps<Theme> | undefined; } & SystemProps<Theme> & Omit<...>'.
      Property 'item' does not exist on type 'IntrinsicAttributes & GridBaseProps & { sx?: SxProps<Theme> | undefined; } & SystemProps<Theme> & Omit<...>'.
    379 |             </Grid>
    380 |
  > 381 |             <Grid item xs={12} md={6}>
        |             ^^^^^^^^^^^^^^^^^^^^^^^^^^
    382 |               <TextField
    383 |                 label="Interest Rate (%)"
    384 |                 type="number"

ERROR in src/components/LoanManagement.tsx:398:13
TS2769: No overload matches this call.
  Overload 1 of 2, '(props: { component: ElementType<any, keyof IntrinsicElements>; } & GridBaseProps & { sx?: SxProps<Theme> | undefined; } & SystemProps<...> & Omit<...>): Element | null', gave the following error.
    Property 'component' is missing in type '{ children: Element; item: true; xs: number; md: number; }' but required in type '{ component: ElementType<any, keyof IntrinsicElements>; }'.
  Overload 2 of 2, '(props: DefaultComponentProps<GridTypeMap<{}, "div">>): Element | null', gave the following error.
    Type '{ children: Element; item: true; xs: number; md: number; }' is not assignable to type 'IntrinsicAttributes & GridBaseProps & { sx?: SxProps<Theme> | undefined; } & SystemProps<Theme> & Omit<...>'.
      Property 'item' does not exist on type 'IntrinsicAttributes & GridBaseProps & { sx?: SxProps<Theme> | undefined; } & SystemProps<Theme> & Omit<...>'.
    396 |             </Grid>
    397 |
  > 398 |             <Grid item xs={12} md={6}>
        |             ^^^^^^^^^^^^^^^^^^^^^^^^^^
    399 |               <TextField
    400 |                 label="Loan Term (Months)"
    401 |                 type="number"

ERROR in src/components/LoanManagement.tsx:412:13
TS2769: No overload matches this call.
  Overload 1 of 2, '(props: { component: ElementType<any, keyof IntrinsicElements>; } & GridBaseProps & { sx?: SxProps<Theme> | undefined; } & SystemProps<...> & Omit<...>): Element | null', gave the following error.
    Property 'component' is missing in type '{ children: Element; item: true; xs: number; md: number; }' but required in type '{ component: ElementType<any, keyof IntrinsicElements>; }'.
  Overload 2 of 2, '(props: DefaultComponentProps<GridTypeMap<{}, "div">>): Element | null', gave the following error.
    Type '{ children: Element; item: true; xs: number; md: number; }' is not assignable to type 'IntrinsicAttributes & GridBaseProps & { sx?: SxProps<Theme> | undefined; } & SystemProps<Theme> & Omit<...>'.
      Property 'item' does not exist on type 'IntrinsicAttributes & GridBaseProps & { sx?: SxProps<Theme> | undefined; } & SystemProps<Theme> & Omit<...>'.
    410 |             </Grid>
    411 |
  > 412 |             <Grid item xs={12} md={6}>
        |             ^^^^^^^^^^^^^^^^^^^^^^^^^^
    413 |               <TextField
    414 |                 label="EMI Collection Percentage"
    415 |                 type="number"

ERROR in src/components/LoanManagement.tsx:430:13
TS2769: No overload matches this call.
  Overload 1 of 2, '(props: { component: ElementType<any, keyof IntrinsicElements>; } & GridBaseProps & { sx?: SxProps<Theme> | undefined; } & SystemProps<...> & Omit<...>): Element | null', gave the following error.
    Property 'component' is missing in type '{ children: Element; item: true; xs: number; md: number; }' but required in type '{ component: ElementType<any, keyof IntrinsicElements>; }'.
  Overload 2 of 2, '(props: DefaultComponentProps<GridTypeMap<{}, "div">>): Element | null', gave the following error.
    Type '{ children: Element; item: true; xs: number; md: number; }' is not assignable to type 'IntrinsicAttributes & GridBaseProps & { sx?: SxProps<Theme> | undefined; } & SystemProps<Theme> & Omit<...>'.
      Property 'item' does not exist on type 'IntrinsicAttributes & GridBaseProps & { sx?: SxProps<Theme> | undefined; } & SystemProps<Theme> & Omit<...>'.
    428 |             </Grid>
    429 |
  > 430 |             <Grid item xs={12} md={6}>
        |             ^^^^^^^^^^^^^^^^^^^^^^^^^^
    431 |               <TextField
    432 |                 label="EMI Due Date"
    433 |                 type="number"

ERROR in src/components/LoanManagement.tsx:447:15
TS2769: No overload matches this call.
  Overload 1 of 2, '(props: { component: ElementType<any, keyof IntrinsicElements>; } & GridBaseProps & { sx?: SxProps<Theme> | undefined; } & SystemProps<...> & Omit<...>): Element | null', gave the following error.
    Property 'component' is missing in type '{ children: Element; item: true; xs: number; }' but required in type '{ component: ElementType<any, keyof IntrinsicElements>; }'.
  Overload 2 of 2, '(props: DefaultComponentProps<GridTypeMap<{}, "div">>): Element | null', gave the following error.
    Type '{ children: Element; item: true; xs: number; }' is not assignable to type 'IntrinsicAttributes & GridBaseProps & { sx?: SxProps<Theme> | undefined; } & SystemProps<Theme> & Omit<...>'.
      Property 'item' does not exist on type 'IntrinsicAttributes & GridBaseProps & { sx?: SxProps<Theme> | undefined; } & SystemProps<Theme> & Omit<...>'.
    445 |
    446 |             {newLoan.principalAmount > 0 && newLoan.interestRate > 0 && newLoan.loanTermMonths > 0 && (
  > 447 |               <Grid item xs={12}>
        |               ^^^^^^^^^^^^^^^^^^^
    448 |                 <Alert severity="info">
    449 |                   <Typography variant="body2">
    450 |                     <strong>Calculated EMI: ₹{calculateEMI(

ERROR in src/components/TransactionForm.tsx:59:7
TS2322: Type '{ id: number; borrowerId: number; lenderId: number; lenderName: string; loanAmount: number; interestRate: number; tenureMonths: number; monthlyEmiAmount: number; outstandingAmount: number; emiCollectionPercentage: number; nextEmiDate: string; status: "ACTIVE"; createdAt: string; }' is not assignable to type 'Loan'.
  Object literal may only specify known properties, and 'loanAmount' does not exist in type 'Loan'.
    57 |       lenderId: 2,
    58 |       lenderName: 'ABC Finance',
  > 59 |       loanAmount: 500000,
       |       ^^^^^^^^^^^^^^^^^^
    60 |       interestRate: 12,
    61 |       tenureMonths: 24,
    62 |       monthlyEmiAmount: 23539,

ERROR in src/components/TransactionForm.tsx:74:7
TS2322: Type '{ id: number; borrowerId: number; lenderId: number; lenderName: string; loanAmount: number; interestRate: number; tenureMonths: number; monthlyEmiAmount: number; outstandingAmount: number; emiCollectionPercentage: number; nextEmiDate: string; status: "ACTIVE"; createdAt: string; }' is not assignable to type 'Loan'.
  Object literal may only specify known properties, and 'loanAmount' does not exist in type 'Loan'.
    72 |       lenderId: 3,
    73 |       lenderName: 'XYZ Bank',
  > 74 |       loanAmount: 300000,
       |       ^^^^^^^^^^^^^^^^^^
    75 |       interestRate: 10,
    76 |       tenureMonths: 36,
    77 |       monthlyEmiAmount: 9677,

ERROR in src/components/TransactionForm.tsx:119:24
TS2551: Property 'getTransactionsByBorrower' does not exist on type '{ createLoan: (loan: LoanRequest) => Promise<AxiosResponse<Loan, any>>; getLoansByBorrower: (borrowerId: number) => Promise<AxiosResponse<Loan[], any>>; ... 12 more ...; getPaymentHistory: (loanId: number) => Promise<...>; }'. Did you mean 'getTransactionsByLoan'?
    117 |         const [loansResponse, transactionsResponse] = await Promise.all([
    118 |           emiWalletApi.getLoansByBorrower(currentUser.id),
  > 119 |           emiWalletApi.getTransactionsByBorrower(currentUser.id),
        |                        ^^^^^^^^^^^^^^^^^^^^^^^^^
    120 |         ]);
    121 |         setLoans(loansResponse.data);
    122 |         setTransactions(transactionsResponse.data);

ERROR in src/components/TransactionForm.tsx:156:11
TS2345: Argument of type '{ borrowerId: number; loanId: number; transactionAmount: number; emiCollectionAmount: number; description: string; }' is not assignable to parameter of type 'TransactionRequest'.
  Object literal may only specify known properties, and 'borrowerId' does not exist in type 'TransactionRequest'.
    154 |       try {
    155 |         await emiWalletApi.addTransaction({
  > 156 |           borrowerId: currentUser.id,
        |           ^^^^^^^^^^^^^^^^^^^^^^^^^^
    157 |           loanId: newTransaction.loanId,
    158 |           transactionAmount: newTransaction.transactionAmount,
    159 |           emiCollectionAmount,

ERROR in src/components/TransactionForm.tsx:245:50
TS2339: Property 'loanAmount' does not exist on type 'Loan'.
    243 |                   {loans.map((loan) => (
    244 |                     <MenuItem key={loan.id} value={loan.id}>
  > 245 |                       {loan.lenderName} - ₹{loan.loanAmount.toLocaleString()} ({loan.emiCollectionPercentage}% EMI)
        |                                                  ^^^^^^^^^^
    246 |                     </MenuItem>
    247 |                   ))}
    248 |                 </Select>

ERROR in src/components/TransactionForm.tsx:319:49
TS2339: Property 'loanAmount' does not exist on type 'Loan'.
    317 |                         <Box sx={{ mt: 1 }}>
    318 |                           <Typography variant="body2" color="text.secondary">
  > 319 |                             Loan Amount: ₹{loan.loanAmount.toLocaleString()}
        |                                                 ^^^^^^^^^^
    320 |                           </Typography>
    321 |                           <Typography variant="body2" color="text.secondary">
    322 |                             Monthly EMI: ₹{loan.monthlyEmiAmount.toLocaleString()}

ERROR in src/components/TransactionForm.tsx:322:49
TS2339: Property 'monthlyEmiAmount' does not exist on type 'Loan'.
    320 |                           </Typography>
    321 |                           <Typography variant="body2" color="text.secondary">
  > 322 |                             Monthly EMI: ₹{loan.monthlyEmiAmount.toLocaleString()}
        |                                                 ^^^^^^^^^^^^^^^^
    323 |                           </Typography>
    324 |                           <Typography variant="body2" color="text.secondary">
    325 |                             Outstanding: ₹{loan.outstandingAmount.toLocaleString()}

ERROR in src/components/TransactionForm.tsx:325:49
TS2339: Property 'outstandingAmount' does not exist on type 'Loan'.
    323 |                           </Typography>
    324 |                           <Typography variant="body2" color="text.secondary">
  > 325 |                             Outstanding: ₹{loan.outstandingAmount.toLocaleString()}
        |                                                 ^^^^^^^^^^^^^^^^^
    326 |                           </Typography>
    327 |                           <Typography variant="body2" color="text.secondary">
    328 |                             Next EMI: {loan.nextEmiDate}

ERROR in src/components/TransactionForm.tsx:328:45
TS2339: Property 'nextEmiDate' does not exist on type 'Loan'.
    326 |                           </Typography>
    327 |                           <Typography variant="body2" color="text.secondary">
  > 328 |                             Next EMI: {loan.nextEmiDate}
        |                                             ^^^^^^^^^^^
    329 |                           </Typography>
    330 |                         </Box>
    331 |                       }

Compiling...
Compiled with warnings.

[eslint] 
src/components/TransactionForm.tsx
  Line 13:3:   'Card' is defined but never used                                                                              @typescript-eslint/no-unused-vars
  Line 14:3:   'CardContent' is defined but never used                                                                       @typescript-eslint/no-unused-vars
  Line 30:3:   'AccountBalance' is defined but never used                                                                    @typescript-eslint/no-unused-vars
  Line 31:3:   'TrendingUp' is defined but never used                                                                        @typescript-eslint/no-unused-vars
  Line 111:6:  React Hook useEffect has a missing dependency: 'fetchData'. Either include it or remove the dependency array  react-hooks/exhaustive-deps

Search for the keywords to learn more about each warning.
To ignore, add // eslint-disable-next-line to the line before.

WARNING in [eslint] 
src/components/TransactionForm.tsx
  Line 13:3:   'Card' is defined but never used                                                                              @typescript-eslint/no-unused-vars
  Line 14:3:   'CardContent' is defined but never used                                                                       @typescript-eslint/no-unused-vars
  Line 30:3:   'AccountBalance' is defined but never used                                                                    @typescript-eslint/no-unused-vars
  Line 31:3:   'TrendingUp' is defined but never used                                                                        @typescript-eslint/no-unused-vars
  Line 111:6:  React Hook useEffect has a missing dependency: 'fetchData'. Either include it or remove the dependency array  react-hooks/exhaustive-deps

webpack compiled with 1 warning
ERROR in src/components/BorrowerDashboard.tsx:173:9
TS2769: No overload matches this call.
  Overload 1 of 2, '(props: { component: ElementType<any, keyof IntrinsicElements>; } & GridBaseProps & { sx?: SxProps<Theme> | undefined; } & SystemProps<...> & Omit<...>): Element | null', gave the following error.
    Property 'component' is missing in type '{ children: Element; item: true; xs: number; sm: number; md: number; }' but required in type '{ component: ElementType<any, keyof IntrinsicElements>; }'.
  Overload 2 of 2, '(props: DefaultComponentProps<GridTypeMap<{}, "div">>): Element | null', gave the following error.
    Type '{ children: Element; item: true; xs: number; sm: number; md: number; }' is not assignable to type 'IntrinsicAttributes & GridBaseProps & { sx?: SxProps<Theme> | undefined; } & SystemProps<Theme> & Omit<...>'.
      Property 'item' does not exist on type 'IntrinsicAttributes & GridBaseProps & { sx?: SxProps<Theme> | undefined; } & SystemProps<Theme> & Omit<...>'.
    171 |       {/* Summary Cards */}
    172 |       <Grid container spacing={3} sx={{ mb: 4 }}>
  > 173 |         <Grid item xs={12} sm={6} md={3}>
        |         ^^^^^^^^^^^^^^^^^^^^^^^^^^^^^^^^^
    174 |           <Card sx={{ background: 'linear-gradient(135deg, #667eea 0%, #764ba2 100%)', color: 'white' }}>
    175 |             <CardContent>
    176 |               <Box sx={{ display: 'flex', alignItems: 'center', mb: 1 }}>

ERROR in src/components/BorrowerDashboard.tsx:187:9
TS2769: No overload matches this call.
  Overload 1 of 2, '(props: { component: ElementType<any, keyof IntrinsicElements>; } & GridBaseProps & { sx?: SxProps<Theme> | undefined; } & SystemProps<...> & Omit<...>): Element | null', gave the following error.
    Property 'component' is missing in type '{ children: Element; item: true; xs: number; sm: number; md: number; }' but required in type '{ component: ElementType<any, keyof IntrinsicElements>; }'.
  Overload 2 of 2, '(props: DefaultComponentProps<GridTypeMap<{}, "div">>): Element | null', gave the following error.
    Type '{ children: Element; item: true; xs: number; sm: number; md: number; }' is not assignable to type 'IntrinsicAttributes & GridBaseProps & { sx?: SxProps<Theme> | undefined; } & SystemProps<Theme> & Omit<...>'.
      Property 'item' does not exist on type 'IntrinsicAttributes & GridBaseProps & { sx?: SxProps<Theme> | undefined; } & SystemProps<Theme> & Omit<...>'.
    185 |         </Grid>
    186 |
  > 187 |         <Grid item xs={12} sm={6} md={3}>
        |         ^^^^^^^^^^^^^^^^^^^^^^^^^^^^^^^^^
    188 |           <Card sx={{ background: 'linear-gradient(135deg, #f093fb 0%, #f5576c 100%)', color: 'white' }}>
    189 |             <CardContent>
    190 |               <Box sx={{ display: 'flex', alignItems: 'center', mb: 1 }}>

ERROR in src/components/BorrowerDashboard.tsx:201:9
TS2769: No overload matches this call.
  Overload 1 of 2, '(props: { component: ElementType<any, keyof IntrinsicElements>; } & GridBaseProps & { sx?: SxProps<Theme> | undefined; } & SystemProps<...> & Omit<...>): Element | null', gave the following error.
    Property 'component' is missing in type '{ children: Element; item: true; xs: number; sm: number; md: number; }' but required in type '{ component: ElementType<any, keyof IntrinsicElements>; }'.
  Overload 2 of 2, '(props: DefaultComponentProps<GridTypeMap<{}, "div">>): Element | null', gave the following error.
    Type '{ children: Element; item: true; xs: number; sm: number; md: number; }' is not assignable to type 'IntrinsicAttributes & GridBaseProps & { sx?: SxProps<Theme> | undefined; } & SystemProps<Theme> & Omit<...>'.
      Property 'item' does not exist on type 'IntrinsicAttributes & GridBaseProps & { sx?: SxProps<Theme> | undefined; } & SystemProps<Theme> & Omit<...>'.
    199 |         </Grid>
    200 |
  > 201 |         <Grid item xs={12} sm={6} md={3}>
        |         ^^^^^^^^^^^^^^^^^^^^^^^^^^^^^^^^^
    202 |           <Card sx={{ background: 'linear-gradient(135deg, #4facfe 0%, #00f2fe 100%)', color: 'white' }}>
    203 |             <CardContent>
    204 |               <Box sx={{ display: 'flex', alignItems: 'center', mb: 1 }}>

ERROR in src/components/BorrowerDashboard.tsx:215:9
TS2769: No overload matches this call.
  Overload 1 of 2, '(props: { component: ElementType<any, keyof IntrinsicElements>; } & GridBaseProps & { sx?: SxProps<Theme> | undefined; } & SystemProps<...> & Omit<...>): Element | null', gave the following error.
    Property 'component' is missing in type '{ children: Element; item: true; xs: number; sm: number; md: number; }' but required in type '{ component: ElementType<any, keyof IntrinsicElements>; }'.
  Overload 2 of 2, '(props: DefaultComponentProps<GridTypeMap<{}, "div">>): Element | null', gave the following error.
    Type '{ children: Element; item: true; xs: number; sm: number; md: number; }' is not assignable to type 'IntrinsicAttributes & GridBaseProps & { sx?: SxProps<Theme> | undefined; } & SystemProps<Theme> & Omit<...>'.
      Property 'item' does not exist on type 'IntrinsicAttributes & GridBaseProps & { sx?: SxProps<Theme> | undefined; } & SystemProps<Theme> & Omit<...>'.
    213 |         </Grid>
    214 |
  > 215 |         <Grid item xs={12} sm={6} md={3}>
        |         ^^^^^^^^^^^^^^^^^^^^^^^^^^^^^^^^^
    216 |           <Card sx={{ background: 'linear-gradient(135deg, #fa709a 0%, #fee140 100%)', color: 'white' }}>
    217 |             <CardContent>
    218 |               <Box sx={{ display: 'flex', alignItems: 'center', mb: 1 }}>

ERROR in src/components/BorrowerDashboard.tsx:232:9
TS2769: No overload matches this call.
  Overload 1 of 2, '(props: { component: ElementType<any, keyof IntrinsicElements>; } & GridBaseProps & { sx?: SxProps<Theme> | undefined; } & SystemProps<...> & Omit<...>): Element | null', gave the following error.
    Property 'component' is missing in type '{ children: Element; item: true; xs: number; md: number; }' but required in type '{ component: ElementType<any, keyof IntrinsicElements>; }'.
  Overload 2 of 2, '(props: DefaultComponentProps<GridTypeMap<{}, "div">>): Element | null', gave the following error.
    Type '{ children: Element; item: true; xs: number; md: number; }' is not assignable to type 'IntrinsicAttributes & GridBaseProps & { sx?: SxProps<Theme> | undefined; } & SystemProps<Theme> & Omit<...>'.
      Property 'item' does not exist on type 'IntrinsicAttributes & GridBaseProps & { sx?: SxProps<Theme> | undefined; } & SystemProps<Theme> & Omit<...>'.
    230 |       <Grid container spacing={3}>
    231 |         {/* EMI Collection Progress */}
  > 232 |         <Grid item xs={12} md={6}>
        |         ^^^^^^^^^^^^^^^^^^^^^^^^^^
    233 |           <Paper sx={{ p: 3 }}>
    234 |             <Typography variant="h6" gutterBottom>
    235 |               This Month's EMI Collection Progress

ERROR in src/components/BorrowerDashboard.tsx:279:9
TS2769: No overload matches this call.
  Overload 1 of 2, '(props: { component: ElementType<any, keyof IntrinsicElements>; } & GridBaseProps & { sx?: SxProps<Theme> | undefined; } & SystemProps<...> & Omit<...>): Element | null', gave the following error.
    Property 'component' is missing in type '{ children: Element; item: true; xs: number; md: number; }' but required in type '{ component: ElementType<any, keyof IntrinsicElements>; }'.
  Overload 2 of 2, '(props: DefaultComponentProps<GridTypeMap<{}, "div">>): Element | null', gave the following error.
    Type '{ children: Element; item: true; xs: number; md: number; }' is not assignable to type 'IntrinsicAttributes & GridBaseProps & { sx?: SxProps<Theme> | undefined; } & SystemProps<Theme> & Omit<...>'.
      Property 'item' does not exist on type 'IntrinsicAttributes & GridBaseProps & { sx?: SxProps<Theme> | undefined; } & SystemProps<Theme> & Omit<...>'.
    277 |
    278 |         {/* Loan-wise Collection */}
  > 279 |         <Grid item xs={12} md={6}>
        |         ^^^^^^^^^^^^^^^^^^^^^^^^^^
    280 |           <Paper sx={{ p: 3 }}>
    281 |             <Typography variant="h6" gutterBottom>
    282 |               Loan-wise Collection Status

ERROR in src/components/BorrowerDashboard.tsx:299:9
TS2769: No overload matches this call.
  Overload 1 of 2, '(props: { component: ElementType<any, keyof IntrinsicElements>; } & GridBaseProps & { sx?: SxProps<Theme> | undefined; } & SystemProps<...> & Omit<...>): Element | null', gave the following error.
    Property 'component' is missing in type '{ children: Element; item: true; xs: number; md: number; }' but required in type '{ component: ElementType<any, keyof IntrinsicElements>; }'.
  Overload 2 of 2, '(props: DefaultComponentProps<GridTypeMap<{}, "div">>): Element | null', gave the following error.
    Type '{ children: Element; item: true; xs: number; md: number; }' is not assignable to type 'IntrinsicAttributes & GridBaseProps & { sx?: SxProps<Theme> | undefined; } & SystemProps<Theme> & Omit<...>'.
      Property 'item' does not exist on type 'IntrinsicAttributes & GridBaseProps & { sx?: SxProps<Theme> | undefined; } & SystemProps<Theme> & Omit<...>'.
    297 |
    298 |         {/* Loan Summaries */}
  > 299 |         <Grid item xs={12} md={8}>
        |         ^^^^^^^^^^^^^^^^^^^^^^^^^^
    300 |           <Paper sx={{ p: 3 }}>
    301 |             <Typography variant="h6" gutterBottom>
    302 |               Active Loans Summary

ERROR in src/components/BorrowerDashboard.tsx:356:9
TS2769: No overload matches this call.
  Overload 1 of 2, '(props: { component: ElementType<any, keyof IntrinsicElements>; } & GridBaseProps & { sx?: SxProps<Theme> | undefined; } & SystemProps<...> & Omit<...>): Element | null', gave the following error.
    Property 'component' is missing in type '{ children: Element; item: true; xs: number; md: number; }' but required in type '{ component: ElementType<any, keyof IntrinsicElements>; }'.
  Overload 2 of 2, '(props: DefaultComponentProps<GridTypeMap<{}, "div">>): Element | null', gave the following error.
    Type '{ children: Element; item: true; xs: number; md: number; }' is not assignable to type 'IntrinsicAttributes & GridBaseProps & { sx?: SxProps<Theme> | undefined; } & SystemProps<Theme> & Omit<...>'.
      Property 'item' does not exist on type 'IntrinsicAttributes & GridBaseProps & { sx?: SxProps<Theme> | undefined; } & SystemProps<Theme> & Omit<...>'.
    354 |
    355 |         {/* Recent Transactions */}
  > 356 |         <Grid item xs={12} md={4}>
        |         ^^^^^^^^^^^^^^^^^^^^^^^^^^
    357 |           <Paper sx={{ p: 3 }}>
    358 |             <Typography variant="h6" gutterBottom>
    359 |               Recent Transactions

ERROR in src/components/LenderDashboard.tsx:202:9
TS2769: No overload matches this call.
  Overload 1 of 2, '(props: { component: ElementType<any, keyof IntrinsicElements>; } & GridBaseProps & { sx?: SxProps<Theme> | undefined; } & SystemProps<...> & Omit<...>): Element | null', gave the following error.
    Property 'component' is missing in type '{ children: Element; item: true; xs: number; sm: number; md: number; }' but required in type '{ component: ElementType<any, keyof IntrinsicElements>; }'.
  Overload 2 of 2, '(props: DefaultComponentProps<GridTypeMap<{}, "div">>): Element | null', gave the following error.
    Type '{ children: Element; item: true; xs: number; sm: number; md: number; }' is not assignable to type 'IntrinsicAttributes & GridBaseProps & { sx?: SxProps<Theme> | undefined; } & SystemProps<Theme> & Omit<...>'.
      Property 'item' does not exist on type 'IntrinsicAttributes & GridBaseProps & { sx?: SxProps<Theme> | undefined; } & SystemProps<Theme> & Omit<...>'.
    200 |       {/* Summary Cards */}
    201 |       <Grid container spacing={3} sx={{ mb: 4 }}>
  > 202 |         <Grid item xs={12} sm={6} md={3}>
        |         ^^^^^^^^^^^^^^^^^^^^^^^^^^^^^^^^^
    203 |           <Card sx={{ background: 'linear-gradient(135deg, #667eea 0%, #764ba2 100%)', color: 'white' }}>
    204 |             <CardContent>
    205 |               <Box sx={{ display: 'flex', alignItems: 'center', mb: 1 }}>

ERROR in src/components/LenderDashboard.tsx:216:9
TS2769: No overload matches this call.
  Overload 1 of 2, '(props: { component: ElementType<any, keyof IntrinsicElements>; } & GridBaseProps & { sx?: SxProps<Theme> | undefined; } & SystemProps<...> & Omit<...>): Element | null', gave the following error.
    Property 'component' is missing in type '{ children: Element; item: true; xs: number; sm: number; md: number; }' but required in type '{ component: ElementType<any, keyof IntrinsicElements>; }'.
  Overload 2 of 2, '(props: DefaultComponentProps<GridTypeMap<{}, "div">>): Element | null', gave the following error.
    Type '{ children: Element; item: true; xs: number; sm: number; md: number; }' is not assignable to type 'IntrinsicAttributes & GridBaseProps & { sx?: SxProps<Theme> | undefined; } & SystemProps<Theme> & Omit<...>'.
      Property 'item' does not exist on type 'IntrinsicAttributes & GridBaseProps & { sx?: SxProps<Theme> | undefined; } & SystemProps<Theme> & Omit<...>'.
    214 |         </Grid>
    215 |
  > 216 |         <Grid item xs={12} sm={6} md={3}>
        |         ^^^^^^^^^^^^^^^^^^^^^^^^^^^^^^^^^
    217 |           <Card sx={{ background: 'linear-gradient(135deg, #f093fb 0%, #f5576c 100%)', color: 'white' }}>
    218 |             <CardContent>
    219 |               <Box sx={{ display: 'flex', alignItems: 'center', mb: 1 }}>

ERROR in src/components/LenderDashboard.tsx:230:9
TS2769: No overload matches this call.
  Overload 1 of 2, '(props: { component: ElementType<any, keyof IntrinsicElements>; } & GridBaseProps & { sx?: SxProps<Theme> | undefined; } & SystemProps<...> & Omit<...>): Element | null', gave the following error.
    Property 'component' is missing in type '{ children: Element; item: true; xs: number; sm: number; md: number; }' but required in type '{ component: ElementType<any, keyof IntrinsicElements>; }'.
  Overload 2 of 2, '(props: DefaultComponentProps<GridTypeMap<{}, "div">>): Element | null', gave the following error.
    Type '{ children: Element; item: true; xs: number; sm: number; md: number; }' is not assignable to type 'IntrinsicAttributes & GridBaseProps & { sx?: SxProps<Theme> | undefined; } & SystemProps<Theme> & Omit<...>'.
      Property 'item' does not exist on type 'IntrinsicAttributes & GridBaseProps & { sx?: SxProps<Theme> | undefined; } & SystemProps<Theme> & Omit<...>'.
    228 |         </Grid>
    229 |
  > 230 |         <Grid item xs={12} sm={6} md={3}>
        |         ^^^^^^^^^^^^^^^^^^^^^^^^^^^^^^^^^
    231 |           <Card sx={{ background: 'linear-gradient(135deg, #4facfe 0%, #00f2fe 100%)', color: 'white' }}>
    232 |             <CardContent>
    233 |               <Box sx={{ display: 'flex', alignItems: 'center', mb: 1 }}>

ERROR in src/components/LenderDashboard.tsx:247:9
TS2769: No overload matches this call.
  Overload 1 of 2, '(props: { component: ElementType<any, keyof IntrinsicElements>; } & GridBaseProps & { sx?: SxProps<Theme> | undefined; } & SystemProps<...> & Omit<...>): Element | null', gave the following error.
    Property 'component' is missing in type '{ children: Element; item: true; xs: number; sm: number; md: number; }' but required in type '{ component: ElementType<any, keyof IntrinsicElements>; }'.
  Overload 2 of 2, '(props: DefaultComponentProps<GridTypeMap<{}, "div">>): Element | null', gave the following error.
    Type '{ children: Element; item: true; xs: number; sm: number; md: number; }' is not assignable to type 'IntrinsicAttributes & GridBaseProps & { sx?: SxProps<Theme> | undefined; } & SystemProps<Theme> & Omit<...>'.
      Property 'item' does not exist on type 'IntrinsicAttributes & GridBaseProps & { sx?: SxProps<Theme> | undefined; } & SystemProps<Theme> & Omit<...>'.
    245 |         </Grid>
    246 |
  > 247 |         <Grid item xs={12} sm={6} md={3}>
        |         ^^^^^^^^^^^^^^^^^^^^^^^^^^^^^^^^^
    248 |           <Card sx={{ background: 'linear-gradient(135deg, #fa709a 0%, #fee140 100%)', color: 'white' }}>
    249 |             <CardContent>
    250 |               <Box sx={{ display: 'flex', alignItems: 'center', mb: 1 }}>

ERROR in src/components/LenderDashboard.tsx:264:9
TS2769: No overload matches this call.
  Overload 1 of 2, '(props: { component: ElementType<any, keyof IntrinsicElements>; } & GridBaseProps & { sx?: SxProps<Theme> | undefined; } & SystemProps<...> & Omit<...>): Element | null', gave the following error.
    Property 'component' is missing in type '{ children: Element; item: true; xs: number; md: number; }' but required in type '{ component: ElementType<any, keyof IntrinsicElements>; }'.
  Overload 2 of 2, '(props: DefaultComponentProps<GridTypeMap<{}, "div">>): Element | null', gave the following error.
    Type '{ children: Element; item: true; xs: number; md: number; }' is not assignable to type 'IntrinsicAttributes & GridBaseProps & { sx?: SxProps<Theme> | undefined; } & SystemProps<Theme> & Omit<...>'.
      Property 'item' does not exist on type 'IntrinsicAttributes & GridBaseProps & { sx?: SxProps<Theme> | undefined; } & SystemProps<Theme> & Omit<...>'.
    262 |       <Grid container spacing={3}>
    263 |         {/* Collection Trends */}
  > 264 |         <Grid item xs={12} md={8}>
        |         ^^^^^^^^^^^^^^^^^^^^^^^^^^
    265 |           <Paper sx={{ p: 3 }}>
    266 |             <Typography variant="h6" gutterBottom>
    267 |               Monthly Collection Trends

ERROR in src/components/LenderDashboard.tsx:296:9
TS2769: No overload matches this call.
  Overload 1 of 2, '(props: { component: ElementType<any, keyof IntrinsicElements>; } & GridBaseProps & { sx?: SxProps<Theme> | undefined; } & SystemProps<...> & Omit<...>): Element | null', gave the following error.
    Property 'component' is missing in type '{ children: Element; item: true; xs: number; md: number; }' but required in type '{ component: ElementType<any, keyof IntrinsicElements>; }'.
  Overload 2 of 2, '(props: DefaultComponentProps<GridTypeMap<{}, "div">>): Element | null', gave the following error.
    Type '{ children: Element; item: true; xs: number; md: number; }' is not assignable to type 'IntrinsicAttributes & GridBaseProps & { sx?: SxProps<Theme> | undefined; } & SystemProps<Theme> & Omit<...>'.
      Property 'item' does not exist on type 'IntrinsicAttributes & GridBaseProps & { sx?: SxProps<Theme> | undefined; } & SystemProps<Theme> & Omit<...>'.
    294 |
    295 |         {/* Collection Progress */}
  > 296 |         <Grid item xs={12} md={4}>
        |         ^^^^^^^^^^^^^^^^^^^^^^^^^^
    297 |           <Paper sx={{ p: 3 }}>
    298 |             <Typography variant="h6" gutterBottom>
    299 |               This Month's Progress

ERROR in src/components/LenderDashboard.tsx:331:9
TS2769: No overload matches this call.
  Overload 1 of 2, '(props: { component: ElementType<any, keyof IntrinsicElements>; } & GridBaseProps & { sx?: SxProps<Theme> | undefined; } & SystemProps<...> & Omit<...>): Element | null', gave the following error.
    Property 'component' is missing in type '{ children: Element; item: true; xs: number; md: number; }' but required in type '{ component: ElementType<any, keyof IntrinsicElements>; }'.
  Overload 2 of 2, '(props: DefaultComponentProps<GridTypeMap<{}, "div">>): Element | null', gave the following error.
    Type '{ children: Element; item: true; xs: number; md: number; }' is not assignable to type 'IntrinsicAttributes & GridBaseProps & { sx?: SxProps<Theme> | undefined; } & SystemProps<Theme> & Omit<...>'.
      Property 'item' does not exist on type 'IntrinsicAttributes & GridBaseProps & { sx?: SxProps<Theme> | undefined; } & SystemProps<Theme> & Omit<...>'.
    329 |
    330 |         {/* Borrower-wise Collections */}
  > 331 |         <Grid item xs={12} md={8}>
        |         ^^^^^^^^^^^^^^^^^^^^^^^^^^
    332 |           <Paper sx={{ p: 3 }}>
    333 |             <Typography variant="h6" gutterBottom>
    334 |               Borrower-wise Collection Status

ERROR in src/components/LenderDashboard.tsx:351:9
TS2769: No overload matches this call.
  Overload 1 of 2, '(props: { component: ElementType<any, keyof IntrinsicElements>; } & GridBaseProps & { sx?: SxProps<Theme> | undefined; } & SystemProps<...> & Omit<...>): Element | null', gave the following error.
    Property 'component' is missing in type '{ children: Element; item: true; xs: number; md: number; }' but required in type '{ component: ElementType<any, keyof IntrinsicElements>; }'.
  Overload 2 of 2, '(props: DefaultComponentProps<GridTypeMap<{}, "div">>): Element | null', gave the following error.
    Type '{ children: Element; item: true; xs: number; md: number; }' is not assignable to type 'IntrinsicAttributes & GridBaseProps & { sx?: SxProps<Theme> | undefined; } & SystemProps<Theme> & Omit<...>'.
      Property 'item' does not exist on type 'IntrinsicAttributes & GridBaseProps & { sx?: SxProps<Theme> | undefined; } & SystemProps<Theme> & Omit<...>'.
    349 |
    350 |         {/* Upcoming Payments */}
  > 351 |         <Grid item xs={12} md={4}>
        |         ^^^^^^^^^^^^^^^^^^^^^^^^^^
    352 |           <Paper sx={{ p: 3 }}>
    353 |             <Typography variant="h6" gutterBottom>
    354 |               Upcoming EMI Payments

ERROR in src/components/LenderDashboard.tsx:394:9
TS2769: No overload matches this call.
  Overload 1 of 2, '(props: { component: ElementType<any, keyof IntrinsicElements>; } & GridBaseProps & { sx?: SxProps<Theme> | undefined; } & SystemProps<...> & Omit<...>): Element | null', gave the following error.
    Property 'component' is missing in type '{ children: Element; item: true; xs: number; }' but required in type '{ component: ElementType<any, keyof IntrinsicElements>; }'.
  Overload 2 of 2, '(props: DefaultComponentProps<GridTypeMap<{}, "div">>): Element | null', gave the following error.
    Type '{ children: Element; item: true; xs: number; }' is not assignable to type 'IntrinsicAttributes & GridBaseProps & { sx?: SxProps<Theme> | undefined; } & SystemProps<Theme> & Omit<...>'.
      Property 'item' does not exist on type 'IntrinsicAttributes & GridBaseProps & { sx?: SxProps<Theme> | undefined; } & SystemProps<Theme> & Omit<...>'.
    392 |
    393 |         {/* Borrower Portfolio */}
  > 394 |         <Grid item xs={12}>
        |         ^^^^^^^^^^^^^^^^^^^
    395 |           <Paper sx={{ p: 3 }}>
    396 |             <Typography variant="h6" gutterBottom>
    397 |               Borrower Portfolio

ERROR in src/components/LoanManagement.tsx:330:13
TS2769: No overload matches this call.
  Overload 1 of 2, '(props: { component: ElementType<any, keyof IntrinsicElements>; } & GridBaseProps & { sx?: SxProps<Theme> | undefined; } & SystemProps<...> & Omit<...>): Element | null', gave the following error.
    Property 'component' is missing in type '{ children: Element; item: true; xs: number; md: number; }' but required in type '{ component: ElementType<any, keyof IntrinsicElements>; }'.
  Overload 2 of 2, '(props: DefaultComponentProps<GridTypeMap<{}, "div">>): Element | null', gave the following error.
    Type '{ children: Element; item: true; xs: number; md: number; }' is not assignable to type 'IntrinsicAttributes & GridBaseProps & { sx?: SxProps<Theme> | undefined; } & SystemProps<Theme> & Omit<...>'.
      Property 'item' does not exist on type 'IntrinsicAttributes & GridBaseProps & { sx?: SxProps<Theme> | undefined; } & SystemProps<Theme> & Omit<...>'.
    328 |         <DialogContent>
    329 |           <Grid container spacing={2} sx={{ mt: 1 }}>
  > 330 |             <Grid item xs={12} md={6}>
        |             ^^^^^^^^^^^^^^^^^^^^^^^^^^
    331 |               <Autocomplete
    332 |                 options={getAvailableUsers()}
    333 |                 getOptionLabel={(option) => option.fullName}

ERROR in src/components/LoanManagement.tsx:364:13
TS2769: No overload matches this call.
  Overload 1 of 2, '(props: { component: ElementType<any, keyof IntrinsicElements>; } & GridBaseProps & { sx?: SxProps<Theme> | undefined; } & SystemProps<...> & Omit<...>): Element | null', gave the following error.
    Property 'component' is missing in type '{ children: Element; item: true; xs: number; md: number; }' but required in type '{ component: ElementType<any, keyof IntrinsicElements>; }'.
  Overload 2 of 2, '(props: DefaultComponentProps<GridTypeMap<{}, "div">>): Element | null', gave the following error.
    Type '{ children: Element; item: true; xs: number; md: number; }' is not assignable to type 'IntrinsicAttributes & GridBaseProps & { sx?: SxProps<Theme> | undefined; } & SystemProps<Theme> & Omit<...>'.
      Property 'item' does not exist on type 'IntrinsicAttributes & GridBaseProps & { sx?: SxProps<Theme> | undefined; } & SystemProps<Theme> & Omit<...>'.
    362 |             </Grid>
    363 |
  > 364 |             <Grid item xs={12} md={6}>
        |             ^^^^^^^^^^^^^^^^^^^^^^^^^^
    365 |               <TextField
    366 |                 label="Principal Amount"
    367 |                 type="number"

ERROR in src/components/LoanManagement.tsx:381:13
TS2769: No overload matches this call.
  Overload 1 of 2, '(props: { component: ElementType<any, keyof IntrinsicElements>; } & GridBaseProps & { sx?: SxProps<Theme> | undefined; } & SystemProps<...> & Omit<...>): Element | null', gave the following error.
    Property 'component' is missing in type '{ children: Element; item: true; xs: number; md: number; }' but required in type '{ component: ElementType<any, keyof IntrinsicElements>; }'.
  Overload 2 of 2, '(props: DefaultComponentProps<GridTypeMap<{}, "div">>): Element | null', gave the following error.
    Type '{ children: Element; item: true; xs: number; md: number; }' is not assignable to type 'IntrinsicAttributes & GridBaseProps & { sx?: SxProps<Theme> | undefined; } & SystemProps<Theme> & Omit<...>'.
      Property 'item' does not exist on type 'IntrinsicAttributes & GridBaseProps & { sx?: SxProps<Theme> | undefined; } & SystemProps<Theme> & Omit<...>'.
    379 |             </Grid>
    380 |
  > 381 |             <Grid item xs={12} md={6}>
        |             ^^^^^^^^^^^^^^^^^^^^^^^^^^
    382 |               <TextField
    383 |                 label="Interest Rate (%)"
    384 |                 type="number"

ERROR in src/components/LoanManagement.tsx:398:13
TS2769: No overload matches this call.
  Overload 1 of 2, '(props: { component: ElementType<any, keyof IntrinsicElements>; } & GridBaseProps & { sx?: SxProps<Theme> | undefined; } & SystemProps<...> & Omit<...>): Element | null', gave the following error.
    Property 'component' is missing in type '{ children: Element; item: true; xs: number; md: number; }' but required in type '{ component: ElementType<any, keyof IntrinsicElements>; }'.
  Overload 2 of 2, '(props: DefaultComponentProps<GridTypeMap<{}, "div">>): Element | null', gave the following error.
    Type '{ children: Element; item: true; xs: number; md: number; }' is not assignable to type 'IntrinsicAttributes & GridBaseProps & { sx?: SxProps<Theme> | undefined; } & SystemProps<Theme> & Omit<...>'.
      Property 'item' does not exist on type 'IntrinsicAttributes & GridBaseProps & { sx?: SxProps<Theme> | undefined; } & SystemProps<Theme> & Omit<...>'.
    396 |             </Grid>
    397 |
  > 398 |             <Grid item xs={12} md={6}>
        |             ^^^^^^^^^^^^^^^^^^^^^^^^^^
    399 |               <TextField
    400 |                 label="Loan Term (Months)"
    401 |                 type="number"

ERROR in src/components/LoanManagement.tsx:412:13
TS2769: No overload matches this call.
  Overload 1 of 2, '(props: { component: ElementType<any, keyof IntrinsicElements>; } & GridBaseProps & { sx?: SxProps<Theme> | undefined; } & SystemProps<...> & Omit<...>): Element | null', gave the following error.
    Property 'component' is missing in type '{ children: Element; item: true; xs: number; md: number; }' but required in type '{ component: ElementType<any, keyof IntrinsicElements>; }'.
  Overload 2 of 2, '(props: DefaultComponentProps<GridTypeMap<{}, "div">>): Element | null', gave the following error.
    Type '{ children: Element; item: true; xs: number; md: number; }' is not assignable to type 'IntrinsicAttributes & GridBaseProps & { sx?: SxProps<Theme> | undefined; } & SystemProps<Theme> & Omit<...>'.
      Property 'item' does not exist on type 'IntrinsicAttributes & GridBaseProps & { sx?: SxProps<Theme> | undefined; } & SystemProps<Theme> & Omit<...>'.
    410 |             </Grid>
    411 |
  > 412 |             <Grid item xs={12} md={6}>
        |             ^^^^^^^^^^^^^^^^^^^^^^^^^^
    413 |               <TextField
    414 |                 label="EMI Collection Percentage"
    415 |                 type="number"

ERROR in src/components/LoanManagement.tsx:430:13
TS2769: No overload matches this call.
  Overload 1 of 2, '(props: { component: ElementType<any, keyof IntrinsicElements>; } & GridBaseProps & { sx?: SxProps<Theme> | undefined; } & SystemProps<...> & Omit<...>): Element | null', gave the following error.
    Property 'component' is missing in type '{ children: Element; item: true; xs: number; md: number; }' but required in type '{ component: ElementType<any, keyof IntrinsicElements>; }'.
  Overload 2 of 2, '(props: DefaultComponentProps<GridTypeMap<{}, "div">>): Element | null', gave the following error.
    Type '{ children: Element; item: true; xs: number; md: number; }' is not assignable to type 'IntrinsicAttributes & GridBaseProps & { sx?: SxProps<Theme> | undefined; } & SystemProps<Theme> & Omit<...>'.
      Property 'item' does not exist on type 'IntrinsicAttributes & GridBaseProps & { sx?: SxProps<Theme> | undefined; } & SystemProps<Theme> & Omit<...>'.
    428 |             </Grid>
    429 |
  > 430 |             <Grid item xs={12} md={6}>
        |             ^^^^^^^^^^^^^^^^^^^^^^^^^^
    431 |               <TextField
    432 |                 label="EMI Due Date"
    433 |                 type="number"

ERROR in src/components/LoanManagement.tsx:447:15
TS2769: No overload matches this call.
  Overload 1 of 2, '(props: { component: ElementType<any, keyof IntrinsicElements>; } & GridBaseProps & { sx?: SxProps<Theme> | undefined; } & SystemProps<...> & Omit<...>): Element | null', gave the following error.
    Property 'component' is missing in type '{ children: Element; item: true; xs: number; }' but required in type '{ component: ElementType<any, keyof IntrinsicElements>; }'.
  Overload 2 of 2, '(props: DefaultComponentProps<GridTypeMap<{}, "div">>): Element | null', gave the following error.
    Type '{ children: Element; item: true; xs: number; }' is not assignable to type 'IntrinsicAttributes & GridBaseProps & { sx?: SxProps<Theme> | undefined; } & SystemProps<Theme> & Omit<...>'.
      Property 'item' does not exist on type 'IntrinsicAttributes & GridBaseProps & { sx?: SxProps<Theme> | undefined; } & SystemProps<Theme> & Omit<...>'.
    445 |
    446 |             {newLoan.principalAmount > 0 && newLoan.interestRate > 0 && newLoan.loanTermMonths > 0 && (
  > 447 |               <Grid item xs={12}>
        |               ^^^^^^^^^^^^^^^^^^^
    448 |                 <Alert severity="info">
    449 |                   <Typography variant="body2">
    450 |                     <strong>Calculated EMI: ₹{calculateEMI(

ERROR in src/components/TransactionForm.tsx:59:7
TS2322: Type '{ id: number; borrowerId: number; lenderId: number; lenderName: string; loanAmount: number; interestRate: number; tenureMonths: number; monthlyEmiAmount: number; outstandingAmount: number; emiCollectionPercentage: number; nextEmiDate: string; status: "ACTIVE"; createdAt: string; }' is not assignable to type 'Loan'.
  Object literal may only specify known properties, and 'loanAmount' does not exist in type 'Loan'.
    57 |       lenderId: 2,
    58 |       lenderName: 'ABC Finance',
  > 59 |       loanAmount: 500000,
       |       ^^^^^^^^^^^^^^^^^^
    60 |       interestRate: 12,
    61 |       tenureMonths: 24,
    62 |       monthlyEmiAmount: 23539,

ERROR in src/components/TransactionForm.tsx:74:7
TS2322: Type '{ id: number; borrowerId: number; lenderId: number; lenderName: string; loanAmount: number; interestRate: number; tenureMonths: number; monthlyEmiAmount: number; outstandingAmount: number; emiCollectionPercentage: number; nextEmiDate: string; status: "ACTIVE"; createdAt: string; }' is not assignable to type 'Loan'.
  Object literal may only specify known properties, and 'loanAmount' does not exist in type 'Loan'.
    72 |       lenderId: 3,
    73 |       lenderName: 'XYZ Bank',
  > 74 |       loanAmount: 300000,
       |       ^^^^^^^^^^^^^^^^^^
    75 |       interestRate: 10,
    76 |       tenureMonths: 36,
    77 |       monthlyEmiAmount: 9677,

ERROR in src/components/TransactionForm.tsx:119:24
TS2551: Property 'getTransactionsByBorrower' does not exist on type '{ createLoan: (loan: LoanRequest) => Promise<AxiosResponse<Loan, any>>; getLoansByBorrower: (borrowerId: number) => Promise<AxiosResponse<Loan[], any>>; ... 12 more ...; getPaymentHistory: (loanId: number) => Promise<...>; }'. Did you mean 'getTransactionsByLoan'?
    117 |         const [loansResponse, transactionsResponse] = await Promise.all([
    118 |           emiWalletApi.getLoansByBorrower(currentUser.id),
  > 119 |           emiWalletApi.getTransactionsByBorrower(currentUser.id),
        |                        ^^^^^^^^^^^^^^^^^^^^^^^^^
    120 |         ]);
    121 |         setLoans(loansResponse.data);
    122 |         setTransactions(transactionsResponse.data);

ERROR in src/components/TransactionForm.tsx:156:11
TS2345: Argument of type '{ borrowerId: number; loanId: number; transactionAmount: number; emiCollectionAmount: number; description: string; }' is not assignable to parameter of type 'TransactionRequest'.
  Object literal may only specify known properties, and 'borrowerId' does not exist in type 'TransactionRequest'.
    154 |       try {
    155 |         await emiWalletApi.addTransaction({
  > 156 |           borrowerId: currentUser.id,
        |           ^^^^^^^^^^^^^^^^^^^^^^^^^^
    157 |           loanId: newTransaction.loanId,
    158 |           transactionAmount: newTransaction.transactionAmount,
    159 |           emiCollectionAmount,

ERROR in src/components/TransactionForm.tsx:245:50
TS2339: Property 'loanAmount' does not exist on type 'Loan'.
    243 |                   {loans.map((loan) => (
    244 |                     <MenuItem key={loan.id} value={loan.id}>
  > 245 |                       {loan.lenderName} - ₹{loan.loanAmount.toLocaleString()} ({loan.emiCollectionPercentage}% EMI)
        |                                                  ^^^^^^^^^^
    246 |                     </MenuItem>
    247 |                   ))}
    248 |                 </Select>

ERROR in src/components/TransactionForm.tsx:319:49
TS2339: Property 'loanAmount' does not exist on type 'Loan'.
    317 |                         <Box sx={{ mt: 1 }}>
    318 |                           <Typography variant="body2" color="text.secondary">
  > 319 |                             Loan Amount: ₹{loan.loanAmount.toLocaleString()}
        |                                                 ^^^^^^^^^^
    320 |                           </Typography>
    321 |                           <Typography variant="body2" color="text.secondary">
    322 |                             Monthly EMI: ₹{loan.monthlyEmiAmount.toLocaleString()}

ERROR in src/components/TransactionForm.tsx:322:49
TS2339: Property 'monthlyEmiAmount' does not exist on type 'Loan'.
    320 |                           </Typography>
    321 |                           <Typography variant="body2" color="text.secondary">
  > 322 |                             Monthly EMI: ₹{loan.monthlyEmiAmount.toLocaleString()}
        |                                                 ^^^^^^^^^^^^^^^^
    323 |                           </Typography>
    324 |                           <Typography variant="body2" color="text.secondary">
    325 |                             Outstanding: ₹{loan.outstandingAmount.toLocaleString()}

ERROR in src/components/TransactionForm.tsx:325:49
TS2339: Property 'outstandingAmount' does not exist on type 'Loan'.
    323 |                           </Typography>
    324 |                           <Typography variant="body2" color="text.secondary">
  > 325 |                             Outstanding: ₹{loan.outstandingAmount.toLocaleString()}
        |                                                 ^^^^^^^^^^^^^^^^^
    326 |                           </Typography>
    327 |                           <Typography variant="body2" color="text.secondary">
    328 |                             Next EMI: {loan.nextEmiDate}

ERROR in src/components/TransactionForm.tsx:328:45
TS2339: Property 'nextEmiDate' does not exist on type 'Loan'.
    326 |                           </Typography>
    327 |                           <Typography variant="body2" color="text.secondary">
  > 328 |                             Next EMI: {loan.nextEmiDate}
        |                                             ^^^^^^^^^^^
    329 |                           </Typography>
    330 |                         </Box>
    331 |                       }

Compiling...
Compiled with warnings.

[eslint] 
src/components/TransactionForm.tsx
  Line 13:3:   'Card' is defined but never used                                                                              @typescript-eslint/no-unused-vars
  Line 14:3:   'CardContent' is defined but never used                                                                       @typescript-eslint/no-unused-vars
  Line 30:3:   'AccountBalance' is defined but never used                                                                    @typescript-eslint/no-unused-vars
  Line 31:3:   'TrendingUp' is defined but never used                                                                        @typescript-eslint/no-unused-vars
  Line 111:6:  React Hook useEffect has a missing dependency: 'fetchData'. Either include it or remove the dependency array  react-hooks/exhaustive-deps

Search for the keywords to learn more about each warning.
To ignore, add // eslint-disable-next-line to the line before.

WARNING in [eslint] 
src/components/TransactionForm.tsx
  Line 13:3:   'Card' is defined but never used                                                                              @typescript-eslint/no-unused-vars
  Line 14:3:   'CardContent' is defined but never used                                                                       @typescript-eslint/no-unused-vars
  Line 30:3:   'AccountBalance' is defined but never used                                                                    @typescript-eslint/no-unused-vars
  Line 31:3:   'TrendingUp' is defined but never used                                                                        @typescript-eslint/no-unused-vars
  Line 111:6:  React Hook useEffect has a missing dependency: 'fetchData'. Either include it or remove the dependency array  react-hooks/exhaustive-deps

webpack compiled with 1 warning
Files successfully emitted, waiting for typecheck results...
Issues checking in progress...
ERROR in src/components/BorrowerDashboard.tsx:173:9
TS2769: No overload matches this call.
  Overload 1 of 2, '(props: { component: ElementType<any, keyof IntrinsicElements>; } & GridBaseProps & { sx?: SxProps<Theme> | undefined; } & SystemProps<...> & Omit<...>): Element | null', gave the following error.
    Property 'component' is missing in type '{ children: Element; item: true; xs: number; sm: number; md: number; }' but required in type '{ component: ElementType<any, keyof IntrinsicElements>; }'.
  Overload 2 of 2, '(props: DefaultComponentProps<GridTypeMap<{}, "div">>): Element | null', gave the following error.
    Type '{ children: Element; item: true; xs: number; sm: number; md: number; }' is not assignable to type 'IntrinsicAttributes & GridBaseProps & { sx?: SxProps<Theme> | undefined; } & SystemProps<Theme> & Omit<...>'.
      Property 'item' does not exist on type 'IntrinsicAttributes & GridBaseProps & { sx?: SxProps<Theme> | undefined; } & SystemProps<Theme> & Omit<...>'.
    171 |       {/* Summary Cards */}
    172 |       <Grid container spacing={3} sx={{ mb: 4 }}>
  > 173 |         <Grid item xs={12} sm={6} md={3}>
        |         ^^^^^^^^^^^^^^^^^^^^^^^^^^^^^^^^^
    174 |           <Card sx={{ background: 'linear-gradient(135deg, #667eea 0%, #764ba2 100%)', color: 'white' }}>
    175 |             <CardContent>
    176 |               <Box sx={{ display: 'flex', alignItems: 'center', mb: 1 }}>

ERROR in src/components/BorrowerDashboard.tsx:187:9
TS2769: No overload matches this call.
  Overload 1 of 2, '(props: { component: ElementType<any, keyof IntrinsicElements>; } & GridBaseProps & { sx?: SxProps<Theme> | undefined; } & SystemProps<...> & Omit<...>): Element | null', gave the following error.
    Property 'component' is missing in type '{ children: Element; item: true; xs: number; sm: number; md: number; }' but required in type '{ component: ElementType<any, keyof IntrinsicElements>; }'.
  Overload 2 of 2, '(props: DefaultComponentProps<GridTypeMap<{}, "div">>): Element | null', gave the following error.
    Type '{ children: Element; item: true; xs: number; sm: number; md: number; }' is not assignable to type 'IntrinsicAttributes & GridBaseProps & { sx?: SxProps<Theme> | undefined; } & SystemProps<Theme> & Omit<...>'.
      Property 'item' does not exist on type 'IntrinsicAttributes & GridBaseProps & { sx?: SxProps<Theme> | undefined; } & SystemProps<Theme> & Omit<...>'.
    185 |         </Grid>
    186 |
  > 187 |         <Grid item xs={12} sm={6} md={3}>
        |         ^^^^^^^^^^^^^^^^^^^^^^^^^^^^^^^^^
    188 |           <Card sx={{ background: 'linear-gradient(135deg, #f093fb 0%, #f5576c 100%)', color: 'white' }}>
    189 |             <CardContent>
    190 |               <Box sx={{ display: 'flex', alignItems: 'center', mb: 1 }}>

ERROR in src/components/BorrowerDashboard.tsx:201:9
TS2769: No overload matches this call.
  Overload 1 of 2, '(props: { component: ElementType<any, keyof IntrinsicElements>; } & GridBaseProps & { sx?: SxProps<Theme> | undefined; } & SystemProps<...> & Omit<...>): Element | null', gave the following error.
    Property 'component' is missing in type '{ children: Element; item: true; xs: number; sm: number; md: number; }' but required in type '{ component: ElementType<any, keyof IntrinsicElements>; }'.
  Overload 2 of 2, '(props: DefaultComponentProps<GridTypeMap<{}, "div">>): Element | null', gave the following error.
    Type '{ children: Element; item: true; xs: number; sm: number; md: number; }' is not assignable to type 'IntrinsicAttributes & GridBaseProps & { sx?: SxProps<Theme> | undefined; } & SystemProps<Theme> & Omit<...>'.
      Property 'item' does not exist on type 'IntrinsicAttributes & GridBaseProps & { sx?: SxProps<Theme> | undefined; } & SystemProps<Theme> & Omit<...>'.
    199 |         </Grid>
    200 |
  > 201 |         <Grid item xs={12} sm={6} md={3}>
        |         ^^^^^^^^^^^^^^^^^^^^^^^^^^^^^^^^^
    202 |           <Card sx={{ background: 'linear-gradient(135deg, #4facfe 0%, #00f2fe 100%)', color: 'white' }}>
    203 |             <CardContent>
    204 |               <Box sx={{ display: 'flex', alignItems: 'center', mb: 1 }}>

ERROR in src/components/BorrowerDashboard.tsx:215:9
TS2769: No overload matches this call.
  Overload 1 of 2, '(props: { component: ElementType<any, keyof IntrinsicElements>; } & GridBaseProps & { sx?: SxProps<Theme> | undefined; } & SystemProps<...> & Omit<...>): Element | null', gave the following error.
    Property 'component' is missing in type '{ children: Element; item: true; xs: number; sm: number; md: number; }' but required in type '{ component: ElementType<any, keyof IntrinsicElements>; }'.
  Overload 2 of 2, '(props: DefaultComponentProps<GridTypeMap<{}, "div">>): Element | null', gave the following error.
    Type '{ children: Element; item: true; xs: number; sm: number; md: number; }' is not assignable to type 'IntrinsicAttributes & GridBaseProps & { sx?: SxProps<Theme> | undefined; } & SystemProps<Theme> & Omit<...>'.
      Property 'item' does not exist on type 'IntrinsicAttributes & GridBaseProps & { sx?: SxProps<Theme> | undefined; } & SystemProps<Theme> & Omit<...>'.
    213 |         </Grid>
    214 |
  > 215 |         <Grid item xs={12} sm={6} md={3}>
        |         ^^^^^^^^^^^^^^^^^^^^^^^^^^^^^^^^^
    216 |           <Card sx={{ background: 'linear-gradient(135deg, #fa709a 0%, #fee140 100%)', color: 'white' }}>
    217 |             <CardContent>
    218 |               <Box sx={{ display: 'flex', alignItems: 'center', mb: 1 }}>

ERROR in src/components/BorrowerDashboard.tsx:232:9
TS2769: No overload matches this call.
  Overload 1 of 2, '(props: { component: ElementType<any, keyof IntrinsicElements>; } & GridBaseProps & { sx?: SxProps<Theme> | undefined; } & SystemProps<...> & Omit<...>): Element | null', gave the following error.
    Property 'component' is missing in type '{ children: Element; item: true; xs: number; md: number; }' but required in type '{ component: ElementType<any, keyof IntrinsicElements>; }'.
  Overload 2 of 2, '(props: DefaultComponentProps<GridTypeMap<{}, "div">>): Element | null', gave the following error.
    Type '{ children: Element; item: true; xs: number; md: number; }' is not assignable to type 'IntrinsicAttributes & GridBaseProps & { sx?: SxProps<Theme> | undefined; } & SystemProps<Theme> & Omit<...>'.
      Property 'item' does not exist on type 'IntrinsicAttributes & GridBaseProps & { sx?: SxProps<Theme> | undefined; } & SystemProps<Theme> & Omit<...>'.
    230 |       <Grid container spacing={3}>
    231 |         {/* EMI Collection Progress */}
  > 232 |         <Grid item xs={12} md={6}>
        |         ^^^^^^^^^^^^^^^^^^^^^^^^^^
    233 |           <Paper sx={{ p: 3 }}>
    234 |             <Typography variant="h6" gutterBottom>
    235 |               This Month's EMI Collection Progress

ERROR in src/components/BorrowerDashboard.tsx:279:9
TS2769: No overload matches this call.
  Overload 1 of 2, '(props: { component: ElementType<any, keyof IntrinsicElements>; } & GridBaseProps & { sx?: SxProps<Theme> | undefined; } & SystemProps<...> & Omit<...>): Element | null', gave the following error.
    Property 'component' is missing in type '{ children: Element; item: true; xs: number; md: number; }' but required in type '{ component: ElementType<any, keyof IntrinsicElements>; }'.
  Overload 2 of 2, '(props: DefaultComponentProps<GridTypeMap<{}, "div">>): Element | null', gave the following error.
    Type '{ children: Element; item: true; xs: number; md: number; }' is not assignable to type 'IntrinsicAttributes & GridBaseProps & { sx?: SxProps<Theme> | undefined; } & SystemProps<Theme> & Omit<...>'.
      Property 'item' does not exist on type 'IntrinsicAttributes & GridBaseProps & { sx?: SxProps<Theme> | undefined; } & SystemProps<Theme> & Omit<...>'.
    277 |
    278 |         {/* Loan-wise Collection */}
  > 279 |         <Grid item xs={12} md={6}>
        |         ^^^^^^^^^^^^^^^^^^^^^^^^^^
    280 |           <Paper sx={{ p: 3 }}>
    281 |             <Typography variant="h6" gutterBottom>
    282 |               Loan-wise Collection Status

ERROR in src/components/BorrowerDashboard.tsx:299:9
TS2769: No overload matches this call.
  Overload 1 of 2, '(props: { component: ElementType<any, keyof IntrinsicElements>; } & GridBaseProps & { sx?: SxProps<Theme> | undefined; } & SystemProps<...> & Omit<...>): Element | null', gave the following error.
    Property 'component' is missing in type '{ children: Element; item: true; xs: number; md: number; }' but required in type '{ component: ElementType<any, keyof IntrinsicElements>; }'.
  Overload 2 of 2, '(props: DefaultComponentProps<GridTypeMap<{}, "div">>): Element | null', gave the following error.
    Type '{ children: Element; item: true; xs: number; md: number; }' is not assignable to type 'IntrinsicAttributes & GridBaseProps & { sx?: SxProps<Theme> | undefined; } & SystemProps<Theme> & Omit<...>'.
      Property 'item' does not exist on type 'IntrinsicAttributes & GridBaseProps & { sx?: SxProps<Theme> | undefined; } & SystemProps<Theme> & Omit<...>'.
    297 |
    298 |         {/* Loan Summaries */}
  > 299 |         <Grid item xs={12} md={8}>
        |         ^^^^^^^^^^^^^^^^^^^^^^^^^^
    300 |           <Paper sx={{ p: 3 }}>
    301 |             <Typography variant="h6" gutterBottom>
    302 |               Active Loans Summary

ERROR in src/components/BorrowerDashboard.tsx:356:9
TS2769: No overload matches this call.
  Overload 1 of 2, '(props: { component: ElementType<any, keyof IntrinsicElements>; } & GridBaseProps & { sx?: SxProps<Theme> | undefined; } & SystemProps<...> & Omit<...>): Element | null', gave the following error.
    Property 'component' is missing in type '{ children: Element; item: true; xs: number; md: number; }' but required in type '{ component: ElementType<any, keyof IntrinsicElements>; }'.
  Overload 2 of 2, '(props: DefaultComponentProps<GridTypeMap<{}, "div">>): Element | null', gave the following error.
    Type '{ children: Element; item: true; xs: number; md: number; }' is not assignable to type 'IntrinsicAttributes & GridBaseProps & { sx?: SxProps<Theme> | undefined; } & SystemProps<Theme> & Omit<...>'.
      Property 'item' does not exist on type 'IntrinsicAttributes & GridBaseProps & { sx?: SxProps<Theme> | undefined; } & SystemProps<Theme> & Omit<...>'.
    354 |
    355 |         {/* Recent Transactions */}
  > 356 |         <Grid item xs={12} md={4}>
        |         ^^^^^^^^^^^^^^^^^^^^^^^^^^
    357 |           <Paper sx={{ p: 3 }}>
    358 |             <Typography variant="h6" gutterBottom>
    359 |               Recent Transactions

ERROR in src/components/LenderDashboard.tsx:202:9
TS2769: No overload matches this call.
  Overload 1 of 2, '(props: { component: ElementType<any, keyof IntrinsicElements>; } & GridBaseProps & { sx?: SxProps<Theme> | undefined; } & SystemProps<...> & Omit<...>): Element | null', gave the following error.
    Property 'component' is missing in type '{ children: Element; item: true; xs: number; sm: number; md: number; }' but required in type '{ component: ElementType<any, keyof IntrinsicElements>; }'.
  Overload 2 of 2, '(props: DefaultComponentProps<GridTypeMap<{}, "div">>): Element | null', gave the following error.
    Type '{ children: Element; item: true; xs: number; sm: number; md: number; }' is not assignable to type 'IntrinsicAttributes & GridBaseProps & { sx?: SxProps<Theme> | undefined; } & SystemProps<Theme> & Omit<...>'.
      Property 'item' does not exist on type 'IntrinsicAttributes & GridBaseProps & { sx?: SxProps<Theme> | undefined; } & SystemProps<Theme> & Omit<...>'.
    200 |       {/* Summary Cards */}
    201 |       <Grid container spacing={3} sx={{ mb: 4 }}>
  > 202 |         <Grid item xs={12} sm={6} md={3}>
        |         ^^^^^^^^^^^^^^^^^^^^^^^^^^^^^^^^^
    203 |           <Card sx={{ background: 'linear-gradient(135deg, #667eea 0%, #764ba2 100%)', color: 'white' }}>
    204 |             <CardContent>
    205 |               <Box sx={{ display: 'flex', alignItems: 'center', mb: 1 }}>

ERROR in src/components/LenderDashboard.tsx:216:9
TS2769: No overload matches this call.
  Overload 1 of 2, '(props: { component: ElementType<any, keyof IntrinsicElements>; } & GridBaseProps & { sx?: SxProps<Theme> | undefined; } & SystemProps<...> & Omit<...>): Element | null', gave the following error.
    Property 'component' is missing in type '{ children: Element; item: true; xs: number; sm: number; md: number; }' but required in type '{ component: ElementType<any, keyof IntrinsicElements>; }'.
  Overload 2 of 2, '(props: DefaultComponentProps<GridTypeMap<{}, "div">>): Element | null', gave the following error.
    Type '{ children: Element; item: true; xs: number; sm: number; md: number; }' is not assignable to type 'IntrinsicAttributes & GridBaseProps & { sx?: SxProps<Theme> | undefined; } & SystemProps<Theme> & Omit<...>'.
      Property 'item' does not exist on type 'IntrinsicAttributes & GridBaseProps & { sx?: SxProps<Theme> | undefined; } & SystemProps<Theme> & Omit<...>'.
    214 |         </Grid>
    215 |
  > 216 |         <Grid item xs={12} sm={6} md={3}>
        |         ^^^^^^^^^^^^^^^^^^^^^^^^^^^^^^^^^
    217 |           <Card sx={{ background: 'linear-gradient(135deg, #f093fb 0%, #f5576c 100%)', color: 'white' }}>
    218 |             <CardContent>
    219 |               <Box sx={{ display: 'flex', alignItems: 'center', mb: 1 }}>

ERROR in src/components/LenderDashboard.tsx:230:9
TS2769: No overload matches this call.
  Overload 1 of 2, '(props: { component: ElementType<any, keyof IntrinsicElements>; } & GridBaseProps & { sx?: SxProps<Theme> | undefined; } & SystemProps<...> & Omit<...>): Element | null', gave the following error.
    Property 'component' is missing in type '{ children: Element; item: true; xs: number; sm: number; md: number; }' but required in type '{ component: ElementType<any, keyof IntrinsicElements>; }'.
  Overload 2 of 2, '(props: DefaultComponentProps<GridTypeMap<{}, "div">>): Element | null', gave the following error.
    Type '{ children: Element; item: true; xs: number; sm: number; md: number; }' is not assignable to type 'IntrinsicAttributes & GridBaseProps & { sx?: SxProps<Theme> | undefined; } & SystemProps<Theme> & Omit<...>'.
      Property 'item' does not exist on type 'IntrinsicAttributes & GridBaseProps & { sx?: SxProps<Theme> | undefined; } & SystemProps<Theme> & Omit<...>'.
    228 |         </Grid>
    229 |
  > 230 |         <Grid item xs={12} sm={6} md={3}>
        |         ^^^^^^^^^^^^^^^^^^^^^^^^^^^^^^^^^
    231 |           <Card sx={{ background: 'linear-gradient(135deg, #4facfe 0%, #00f2fe 100%)', color: 'white' }}>
    232 |             <CardContent>
    233 |               <Box sx={{ display: 'flex', alignItems: 'center', mb: 1 }}>

ERROR in src/components/LenderDashboard.tsx:247:9
TS2769: No overload matches this call.
  Overload 1 of 2, '(props: { component: ElementType<any, keyof IntrinsicElements>; } & GridBaseProps & { sx?: SxProps<Theme> | undefined; } & SystemProps<...> & Omit<...>): Element | null', gave the following error.
    Property 'component' is missing in type '{ children: Element; item: true; xs: number; sm: number; md: number; }' but required in type '{ component: ElementType<any, keyof IntrinsicElements>; }'.
  Overload 2 of 2, '(props: DefaultComponentProps<GridTypeMap<{}, "div">>): Element | null', gave the following error.
    Type '{ children: Element; item: true; xs: number; sm: number; md: number; }' is not assignable to type 'IntrinsicAttributes & GridBaseProps & { sx?: SxProps<Theme> | undefined; } & SystemProps<Theme> & Omit<...>'.
      Property 'item' does not exist on type 'IntrinsicAttributes & GridBaseProps & { sx?: SxProps<Theme> | undefined; } & SystemProps<Theme> & Omit<...>'.
    245 |         </Grid>
    246 |
  > 247 |         <Grid item xs={12} sm={6} md={3}>
        |         ^^^^^^^^^^^^^^^^^^^^^^^^^^^^^^^^^
    248 |           <Card sx={{ background: 'linear-gradient(135deg, #fa709a 0%, #fee140 100%)', color: 'white' }}>
    249 |             <CardContent>
    250 |               <Box sx={{ display: 'flex', alignItems: 'center', mb: 1 }}>

ERROR in src/components/LenderDashboard.tsx:264:9
TS2769: No overload matches this call.
  Overload 1 of 2, '(props: { component: ElementType<any, keyof IntrinsicElements>; } & GridBaseProps & { sx?: SxProps<Theme> | undefined; } & SystemProps<...> & Omit<...>): Element | null', gave the following error.
    Property 'component' is missing in type '{ children: Element; item: true; xs: number; md: number; }' but required in type '{ component: ElementType<any, keyof IntrinsicElements>; }'.
  Overload 2 of 2, '(props: DefaultComponentProps<GridTypeMap<{}, "div">>): Element | null', gave the following error.
    Type '{ children: Element; item: true; xs: number; md: number; }' is not assignable to type 'IntrinsicAttributes & GridBaseProps & { sx?: SxProps<Theme> | undefined; } & SystemProps<Theme> & Omit<...>'.
      Property 'item' does not exist on type 'IntrinsicAttributes & GridBaseProps & { sx?: SxProps<Theme> | undefined; } & SystemProps<Theme> & Omit<...>'.
    262 |       <Grid container spacing={3}>
    263 |         {/* Collection Trends */}
  > 264 |         <Grid item xs={12} md={8}>
        |         ^^^^^^^^^^^^^^^^^^^^^^^^^^
    265 |           <Paper sx={{ p: 3 }}>
    266 |             <Typography variant="h6" gutterBottom>
    267 |               Monthly Collection Trends

ERROR in src/components/LenderDashboard.tsx:296:9
TS2769: No overload matches this call.
  Overload 1 of 2, '(props: { component: ElementType<any, keyof IntrinsicElements>; } & GridBaseProps & { sx?: SxProps<Theme> | undefined; } & SystemProps<...> & Omit<...>): Element | null', gave the following error.
    Property 'component' is missing in type '{ children: Element; item: true; xs: number; md: number; }' but required in type '{ component: ElementType<any, keyof IntrinsicElements>; }'.
  Overload 2 of 2, '(props: DefaultComponentProps<GridTypeMap<{}, "div">>): Element | null', gave the following error.
    Type '{ children: Element; item: true; xs: number; md: number; }' is not assignable to type 'IntrinsicAttributes & GridBaseProps & { sx?: SxProps<Theme> | undefined; } & SystemProps<Theme> & Omit<...>'.
      Property 'item' does not exist on type 'IntrinsicAttributes & GridBaseProps & { sx?: SxProps<Theme> | undefined; } & SystemProps<Theme> & Omit<...>'.
    294 |
    295 |         {/* Collection Progress */}
  > 296 |         <Grid item xs={12} md={4}>
        |         ^^^^^^^^^^^^^^^^^^^^^^^^^^
    297 |           <Paper sx={{ p: 3 }}>
    298 |             <Typography variant="h6" gutterBottom>
    299 |               This Month's Progress

ERROR in src/components/LenderDashboard.tsx:331:9
TS2769: No overload matches this call.
  Overload 1 of 2, '(props: { component: ElementType<any, keyof IntrinsicElements>; } & GridBaseProps & { sx?: SxProps<Theme> | undefined; } & SystemProps<...> & Omit<...>): Element | null', gave the following error.
    Property 'component' is missing in type '{ children: Element; item: true; xs: number; md: number; }' but required in type '{ component: ElementType<any, keyof IntrinsicElements>; }'.
  Overload 2 of 2, '(props: DefaultComponentProps<GridTypeMap<{}, "div">>): Element | null', gave the following error.
    Type '{ children: Element; item: true; xs: number; md: number; }' is not assignable to type 'IntrinsicAttributes & GridBaseProps & { sx?: SxProps<Theme> | undefined; } & SystemProps<Theme> & Omit<...>'.
      Property 'item' does not exist on type 'IntrinsicAttributes & GridBaseProps & { sx?: SxProps<Theme> | undefined; } & SystemProps<Theme> & Omit<...>'.
    329 |
    330 |         {/* Borrower-wise Collections */}
  > 331 |         <Grid item xs={12} md={8}>
        |         ^^^^^^^^^^^^^^^^^^^^^^^^^^
    332 |           <Paper sx={{ p: 3 }}>
    333 |             <Typography variant="h6" gutterBottom>
    334 |               Borrower-wise Collection Status

ERROR in src/components/LenderDashboard.tsx:351:9
TS2769: No overload matches this call.
  Overload 1 of 2, '(props: { component: ElementType<any, keyof IntrinsicElements>; } & GridBaseProps & { sx?: SxProps<Theme> | undefined; } & SystemProps<...> & Omit<...>): Element | null', gave the following error.
    Property 'component' is missing in type '{ children: Element; item: true; xs: number; md: number; }' but required in type '{ component: ElementType<any, keyof IntrinsicElements>; }'.
  Overload 2 of 2, '(props: DefaultComponentProps<GridTypeMap<{}, "div">>): Element | null', gave the following error.
    Type '{ children: Element; item: true; xs: number; md: number; }' is not assignable to type 'IntrinsicAttributes & GridBaseProps & { sx?: SxProps<Theme> | undefined; } & SystemProps<Theme> & Omit<...>'.
      Property 'item' does not exist on type 'IntrinsicAttributes & GridBaseProps & { sx?: SxProps<Theme> | undefined; } & SystemProps<Theme> & Omit<...>'.
    349 |
    350 |         {/* Upcoming Payments */}
  > 351 |         <Grid item xs={12} md={4}>
        |         ^^^^^^^^^^^^^^^^^^^^^^^^^^
    352 |           <Paper sx={{ p: 3 }}>
    353 |             <Typography variant="h6" gutterBottom>
    354 |               Upcoming EMI Payments

ERROR in src/components/LenderDashboard.tsx:394:9
TS2769: No overload matches this call.
  Overload 1 of 2, '(props: { component: ElementType<any, keyof IntrinsicElements>; } & GridBaseProps & { sx?: SxProps<Theme> | undefined; } & SystemProps<...> & Omit<...>): Element | null', gave the following error.
    Property 'component' is missing in type '{ children: Element; item: true; xs: number; }' but required in type '{ component: ElementType<any, keyof IntrinsicElements>; }'.
  Overload 2 of 2, '(props: DefaultComponentProps<GridTypeMap<{}, "div">>): Element | null', gave the following error.
    Type '{ children: Element; item: true; xs: number; }' is not assignable to type 'IntrinsicAttributes & GridBaseProps & { sx?: SxProps<Theme> | undefined; } & SystemProps<Theme> & Omit<...>'.
      Property 'item' does not exist on type 'IntrinsicAttributes & GridBaseProps & { sx?: SxProps<Theme> | undefined; } & SystemProps<Theme> & Omit<...>'.
    392 |
    393 |         {/* Borrower Portfolio */}
  > 394 |         <Grid item xs={12}>
        |         ^^^^^^^^^^^^^^^^^^^
    395 |           <Paper sx={{ p: 3 }}>
    396 |             <Typography variant="h6" gutterBottom>
    397 |               Borrower Portfolio

ERROR in src/components/LoanManagement.tsx:81:11
TS2739: Type '{ id: number; borrowerId: number; lenderId: number; principalAmount: number; interestRate: number; loanTermMonths: number; emiAmount: number; emiCollectionPercentage: number; emiDueDate: number; ... 6 more ...; remainingAmount: number; }' is missing the following properties from type 'Loan': loanAmount, tenureMonths, monthlyEmiAmount, nextEmiDate, outstandingAmount
     79 |         // Demo data
     80 |         const demoLoans: Loan[] = [
  >  81 |           {
        |           ^
  >  82 |             id: 1,
        | ^^^^^^^^^^^^^^^^^^
  >  83 |             borrowerId: 1,
        | ^^^^^^^^^^^^^^^^^^
  >  84 |             lenderId: 2,
        | ^^^^^^^^^^^^^^^^^^
  >  85 |             principalAmount: 500000,
        | ^^^^^^^^^^^^^^^^^^
  >  86 |             interestRate: 12,
        | ^^^^^^^^^^^^^^^^^^
  >  87 |             loanTermMonths: 24,
        | ^^^^^^^^^^^^^^^^^^
  >  88 |             emiAmount: 23538,
        | ^^^^^^^^^^^^^^^^^^
  >  89 |             emiCollectionPercentage: 5,
        | ^^^^^^^^^^^^^^^^^^
  >  90 |             emiDueDate: 15,
        | ^^^^^^^^^^^^^^^^^^
  >  91 |             startDate: '2023-12-01',
        | ^^^^^^^^^^^^^^^^^^
  >  92 |             endDate: '2025-12-01',
        | ^^^^^^^^^^^^^^^^^^
  >  93 |             status: 'ACTIVE',
        | ^^^^^^^^^^^^^^^^^^
  >  94 |             borrowerName: 'John Smith',
        | ^^^^^^^^^^^^^^^^^^
  >  95 |             lenderName: 'Jane Doe',
        | ^^^^^^^^^^^^^^^^^^
  >  96 |             collectedAmount: 15000,
        | ^^^^^^^^^^^^^^^^^^
  >  97 |             remainingAmount: 8538,
        | ^^^^^^^^^^^^^^^^^^
  >  98 |           },
        | ^^^^^^^^^^^^
     99 |           {
    100 |             id: 2,
    101 |             borrowerId: 3,

ERROR in src/components/LoanManagement.tsx:99:11
TS2739: Type '{ id: number; borrowerId: number; lenderId: number; principalAmount: number; interestRate: number; loanTermMonths: number; emiAmount: number; emiCollectionPercentage: number; emiDueDate: number; ... 6 more ...; remainingAmount: number; }' is missing the following properties from type 'Loan': loanAmount, tenureMonths, monthlyEmiAmount, nextEmiDate, outstandingAmount
     97 |             remainingAmount: 8538,
     98 |           },
  >  99 |           {
        |           ^
  > 100 |             id: 2,
        | ^^^^^^^^^^^^^^^^^^
  > 101 |             borrowerId: 3,
        | ^^^^^^^^^^^^^^^^^^
  > 102 |             lenderId: 2,
        | ^^^^^^^^^^^^^^^^^^
  > 103 |             principalAmount: 250000,
        | ^^^^^^^^^^^^^^^^^^
  > 104 |             interestRate: 10,
        | ^^^^^^^^^^^^^^^^^^
  > 105 |             loanTermMonths: 18,
        | ^^^^^^^^^^^^^^^^^^
  > 106 |             emiAmount: 15234,
        | ^^^^^^^^^^^^^^^^^^
  > 107 |             emiCollectionPercentage: 4,
        | ^^^^^^^^^^^^^^^^^^
  > 108 |             emiDueDate: 20,
        | ^^^^^^^^^^^^^^^^^^
  > 109 |             startDate: '2024-01-01',
        | ^^^^^^^^^^^^^^^^^^
  > 110 |             endDate: '2025-07-01',
        | ^^^^^^^^^^^^^^^^^^
  > 111 |             status: 'ACTIVE',
        | ^^^^^^^^^^^^^^^^^^
  > 112 |             borrowerName: 'Ram Kumar',
        | ^^^^^^^^^^^^^^^^^^
  > 113 |             lenderName: 'Jane Doe',
        | ^^^^^^^^^^^^^^^^^^
  > 114 |             collectedAmount: 8000,
        | ^^^^^^^^^^^^^^^^^^
  > 115 |             remainingAmount: 7234,
        | ^^^^^^^^^^^^^^^^^^
  > 116 |           },
        | ^^^^^^^^^^^^
    117 |         ];
    118 |
    119 |         const demoUsers: User[] = [

ERROR in src/components/LoanManagement.tsx:289:23
TS18048: 'loan.principalAmount' is possibly 'undefined'.
    287 |                   </TableCell>
    288 |                   <TableCell align="right">
  > 289 |                     ₹{loan.principalAmount.toLocaleString()}
        |                       ^^^^^^^^^^^^^^^^^^^^
    290 |                   </TableCell>
    291 |                   <TableCell align="right">{loan.interestRate}%</TableCell>
    292 |                   <TableCell align="right">

ERROR in src/components/LoanManagement.tsx:293:23
TS18048: 'loan.emiAmount' is possibly 'undefined'.
    291 |                   <TableCell align="right">{loan.interestRate}%</TableCell>
    292 |                   <TableCell align="right">
  > 293 |                     ₹{loan.emiAmount.toLocaleString()}
        |                       ^^^^^^^^^^^^^^
    294 |                   </TableCell>
    295 |                   <TableCell align="center">{loan.loanTermMonths}</TableCell>
    296 |                   <TableCell align="center">{loan.emiCollectionPercentage}%</TableCell>

ERROR in src/components/LoanManagement.tsx:330:13
TS2769: No overload matches this call.
  Overload 1 of 2, '(props: { component: ElementType<any, keyof IntrinsicElements>; } & GridBaseProps & { sx?: SxProps<Theme> | undefined; } & SystemProps<...> & Omit<...>): Element | null', gave the following error.
    Property 'component' is missing in type '{ children: Element; item: true; xs: number; md: number; }' but required in type '{ component: ElementType<any, keyof IntrinsicElements>; }'.
  Overload 2 of 2, '(props: DefaultComponentProps<GridTypeMap<{}, "div">>): Element | null', gave the following error.
    Type '{ children: Element; item: true; xs: number; md: number; }' is not assignable to type 'IntrinsicAttributes & GridBaseProps & { sx?: SxProps<Theme> | undefined; } & SystemProps<Theme> & Omit<...>'.
      Property 'item' does not exist on type 'IntrinsicAttributes & GridBaseProps & { sx?: SxProps<Theme> | undefined; } & SystemProps<Theme> & Omit<...>'.
    328 |         <DialogContent>
    329 |           <Grid container spacing={2} sx={{ mt: 1 }}>
  > 330 |             <Grid item xs={12} md={6}>
        |             ^^^^^^^^^^^^^^^^^^^^^^^^^^
    331 |               <Autocomplete
    332 |                 options={getAvailableUsers()}
    333 |                 getOptionLabel={(option) => option.fullName}

ERROR in src/components/LoanManagement.tsx:364:13
TS2769: No overload matches this call.
  Overload 1 of 2, '(props: { component: ElementType<any, keyof IntrinsicElements>; } & GridBaseProps & { sx?: SxProps<Theme> | undefined; } & SystemProps<...> & Omit<...>): Element | null', gave the following error.
    Property 'component' is missing in type '{ children: Element; item: true; xs: number; md: number; }' but required in type '{ component: ElementType<any, keyof IntrinsicElements>; }'.
  Overload 2 of 2, '(props: DefaultComponentProps<GridTypeMap<{}, "div">>): Element | null', gave the following error.
    Type '{ children: Element; item: true; xs: number; md: number; }' is not assignable to type 'IntrinsicAttributes & GridBaseProps & { sx?: SxProps<Theme> | undefined; } & SystemProps<Theme> & Omit<...>'.
      Property 'item' does not exist on type 'IntrinsicAttributes & GridBaseProps & { sx?: SxProps<Theme> | undefined; } & SystemProps<Theme> & Omit<...>'.
    362 |             </Grid>
    363 |
  > 364 |             <Grid item xs={12} md={6}>
        |             ^^^^^^^^^^^^^^^^^^^^^^^^^^
    365 |               <TextField
    366 |                 label="Principal Amount"
    367 |                 type="number"

ERROR in src/components/LoanManagement.tsx:381:13
TS2769: No overload matches this call.
  Overload 1 of 2, '(props: { component: ElementType<any, keyof IntrinsicElements>; } & GridBaseProps & { sx?: SxProps<Theme> | undefined; } & SystemProps<...> & Omit<...>): Element | null', gave the following error.
    Property 'component' is missing in type '{ children: Element; item: true; xs: number; md: number; }' but required in type '{ component: ElementType<any, keyof IntrinsicElements>; }'.
  Overload 2 of 2, '(props: DefaultComponentProps<GridTypeMap<{}, "div">>): Element | null', gave the following error.
    Type '{ children: Element; item: true; xs: number; md: number; }' is not assignable to type 'IntrinsicAttributes & GridBaseProps & { sx?: SxProps<Theme> | undefined; } & SystemProps<Theme> & Omit<...>'.
      Property 'item' does not exist on type 'IntrinsicAttributes & GridBaseProps & { sx?: SxProps<Theme> | undefined; } & SystemProps<Theme> & Omit<...>'.
    379 |             </Grid>
    380 |
  > 381 |             <Grid item xs={12} md={6}>
        |             ^^^^^^^^^^^^^^^^^^^^^^^^^^
    382 |               <TextField
    383 |                 label="Interest Rate (%)"
    384 |                 type="number"

ERROR in src/components/LoanManagement.tsx:398:13
TS2769: No overload matches this call.
  Overload 1 of 2, '(props: { component: ElementType<any, keyof IntrinsicElements>; } & GridBaseProps & { sx?: SxProps<Theme> | undefined; } & SystemProps<...> & Omit<...>): Element | null', gave the following error.
    Property 'component' is missing in type '{ children: Element; item: true; xs: number; md: number; }' but required in type '{ component: ElementType<any, keyof IntrinsicElements>; }'.
  Overload 2 of 2, '(props: DefaultComponentProps<GridTypeMap<{}, "div">>): Element | null', gave the following error.
    Type '{ children: Element; item: true; xs: number; md: number; }' is not assignable to type 'IntrinsicAttributes & GridBaseProps & { sx?: SxProps<Theme> | undefined; } & SystemProps<Theme> & Omit<...>'.
      Property 'item' does not exist on type 'IntrinsicAttributes & GridBaseProps & { sx?: SxProps<Theme> | undefined; } & SystemProps<Theme> & Omit<...>'.
    396 |             </Grid>
    397 |
  > 398 |             <Grid item xs={12} md={6}>
        |             ^^^^^^^^^^^^^^^^^^^^^^^^^^
    399 |               <TextField
    400 |                 label="Loan Term (Months)"
    401 |                 type="number"

ERROR in src/components/LoanManagement.tsx:412:13
TS2769: No overload matches this call.
  Overload 1 of 2, '(props: { component: ElementType<any, keyof IntrinsicElements>; } & GridBaseProps & { sx?: SxProps<Theme> | undefined; } & SystemProps<...> & Omit<...>): Element | null', gave the following error.
    Property 'component' is missing in type '{ children: Element; item: true; xs: number; md: number; }' but required in type '{ component: ElementType<any, keyof IntrinsicElements>; }'.
  Overload 2 of 2, '(props: DefaultComponentProps<GridTypeMap<{}, "div">>): Element | null', gave the following error.
    Type '{ children: Element; item: true; xs: number; md: number; }' is not assignable to type 'IntrinsicAttributes & GridBaseProps & { sx?: SxProps<Theme> | undefined; } & SystemProps<Theme> & Omit<...>'.
      Property 'item' does not exist on type 'IntrinsicAttributes & GridBaseProps & { sx?: SxProps<Theme> | undefined; } & SystemProps<Theme> & Omit<...>'.
    410 |             </Grid>
    411 |
  > 412 |             <Grid item xs={12} md={6}>
        |             ^^^^^^^^^^^^^^^^^^^^^^^^^^
    413 |               <TextField
    414 |                 label="EMI Collection Percentage"
    415 |                 type="number"

ERROR in src/components/LoanManagement.tsx:430:13
TS2769: No overload matches this call.
  Overload 1 of 2, '(props: { component: ElementType<any, keyof IntrinsicElements>; } & GridBaseProps & { sx?: SxProps<Theme> | undefined; } & SystemProps<...> & Omit<...>): Element | null', gave the following error.
    Property 'component' is missing in type '{ children: Element; item: true; xs: number; md: number; }' but required in type '{ component: ElementType<any, keyof IntrinsicElements>; }'.
  Overload 2 of 2, '(props: DefaultComponentProps<GridTypeMap<{}, "div">>): Element | null', gave the following error.
    Type '{ children: Element; item: true; xs: number; md: number; }' is not assignable to type 'IntrinsicAttributes & GridBaseProps & { sx?: SxProps<Theme> | undefined; } & SystemProps<Theme> & Omit<...>'.
      Property 'item' does not exist on type 'IntrinsicAttributes & GridBaseProps & { sx?: SxProps<Theme> | undefined; } & SystemProps<Theme> & Omit<...>'.
    428 |             </Grid>
    429 |
  > 430 |             <Grid item xs={12} md={6}>
        |             ^^^^^^^^^^^^^^^^^^^^^^^^^^
    431 |               <TextField
    432 |                 label="EMI Due Date"
    433 |                 type="number"

ERROR in src/components/LoanManagement.tsx:447:15
TS2769: No overload matches this call.
  Overload 1 of 2, '(props: { component: ElementType<any, keyof IntrinsicElements>; } & GridBaseProps & { sx?: SxProps<Theme> | undefined; } & SystemProps<...> & Omit<...>): Element | null', gave the following error.
    Property 'component' is missing in type '{ children: Element; item: true; xs: number; }' but required in type '{ component: ElementType<any, keyof IntrinsicElements>; }'.
  Overload 2 of 2, '(props: DefaultComponentProps<GridTypeMap<{}, "div">>): Element | null', gave the following error.
    Type '{ children: Element; item: true; xs: number; }' is not assignable to type 'IntrinsicAttributes & GridBaseProps & { sx?: SxProps<Theme> | undefined; } & SystemProps<Theme> & Omit<...>'.
      Property 'item' does not exist on type 'IntrinsicAttributes & GridBaseProps & { sx?: SxProps<Theme> | undefined; } & SystemProps<Theme> & Omit<...>'.
    445 |
    446 |             {newLoan.principalAmount > 0 && newLoan.interestRate > 0 && newLoan.loanTermMonths > 0 && (
  > 447 |               <Grid item xs={12}>
        |               ^^^^^^^^^^^^^^^^^^^
    448 |                 <Alert severity="info">
    449 |                   <Typography variant="body2">
    450 |                     <strong>Calculated EMI: ₹{calculateEMI(

ERROR in src/components/TransactionForm.tsx:119:24
TS2551: Property 'getTransactionsByBorrower' does not exist on type '{ createLoan: (loan: LoanRequest) => Promise<AxiosResponse<Loan, any>>; getLoansByBorrower: (borrowerId: number) => Promise<AxiosResponse<Loan[], any>>; ... 12 more ...; getPaymentHistory: (loanId: number) => Promise<...>; }'. Did you mean 'getTransactionsByLoan'?
    117 |         const [loansResponse, transactionsResponse] = await Promise.all([
    118 |           emiWalletApi.getLoansByBorrower(currentUser.id),
  > 119 |           emiWalletApi.getTransactionsByBorrower(currentUser.id),
        |                        ^^^^^^^^^^^^^^^^^^^^^^^^^
    120 |         ]);
    121 |         setLoans(loansResponse.data);
    122 |         setTransactions(transactionsResponse.data);

ERROR in src/components/TransactionForm.tsx:156:11
TS2345: Argument of type '{ borrowerId: number; loanId: number; transactionAmount: number; emiCollectionAmount: number; description: string; }' is not assignable to parameter of type 'TransactionRequest'.
  Object literal may only specify known properties, and 'borrowerId' does not exist in type 'TransactionRequest'.
    154 |       try {
    155 |         await emiWalletApi.addTransaction({
  > 156 |           borrowerId: currentUser.id,
        |           ^^^^^^^^^^^^^^^^^^^^^^^^^^
    157 |           loanId: newTransaction.loanId,
    158 |           transactionAmount: newTransaction.transactionAmount,
    159 |           emiCollectionAmount,

Compiling...
Compiled with warnings.

[eslint] 
src/components/TransactionForm.tsx
  Line 13:3:   'Card' is defined but never used                                                                              @typescript-eslint/no-unused-vars
  Line 14:3:   'CardContent' is defined but never used                                                                       @typescript-eslint/no-unused-vars
  Line 30:3:   'AccountBalance' is defined but never used                                                                    @typescript-eslint/no-unused-vars
  Line 31:3:   'TrendingUp' is defined but never used                                                                        @typescript-eslint/no-unused-vars
  Line 111:6:  React Hook useEffect has a missing dependency: 'fetchData'. Either include it or remove the dependency array  react-hooks/exhaustive-deps

Search for the keywords to learn more about each warning.
To ignore, add // eslint-disable-next-line to the line before.

WARNING in [eslint] 
src/components/TransactionForm.tsx
  Line 13:3:   'Card' is defined but never used                                                                              @typescript-eslint/no-unused-vars
  Line 14:3:   'CardContent' is defined but never used                                                                       @typescript-eslint/no-unused-vars
  Line 30:3:   'AccountBalance' is defined but never used                                                                    @typescript-eslint/no-unused-vars
  Line 31:3:   'TrendingUp' is defined but never used                                                                        @typescript-eslint/no-unused-vars
  Line 111:6:  React Hook useEffect has a missing dependency: 'fetchData'. Either include it or remove the dependency array  react-hooks/exhaustive-deps

webpack compiled with 1 warning
ERROR in src/components/BorrowerDashboard.tsx:173:9
TS2769: No overload matches this call.
  Overload 1 of 2, '(props: { component: ElementType<any, keyof IntrinsicElements>; } & GridBaseProps & { sx?: SxProps<Theme> | undefined; } & SystemProps<...> & Omit<...>): Element | null', gave the following error.
    Property 'component' is missing in type '{ children: Element; item: true; xs: number; sm: number; md: number; }' but required in type '{ component: ElementType<any, keyof IntrinsicElements>; }'.
  Overload 2 of 2, '(props: DefaultComponentProps<GridTypeMap<{}, "div">>): Element | null', gave the following error.
    Type '{ children: Element; item: true; xs: number; sm: number; md: number; }' is not assignable to type 'IntrinsicAttributes & GridBaseProps & { sx?: SxProps<Theme> | undefined; } & SystemProps<Theme> & Omit<...>'.
      Property 'item' does not exist on type 'IntrinsicAttributes & GridBaseProps & { sx?: SxProps<Theme> | undefined; } & SystemProps<Theme> & Omit<...>'.
    171 |       {/* Summary Cards */}
    172 |       <Grid container spacing={3} sx={{ mb: 4 }}>
  > 173 |         <Grid item xs={12} sm={6} md={3}>
        |         ^^^^^^^^^^^^^^^^^^^^^^^^^^^^^^^^^
    174 |           <Card sx={{ background: 'linear-gradient(135deg, #667eea 0%, #764ba2 100%)', color: 'white' }}>
    175 |             <CardContent>
    176 |               <Box sx={{ display: 'flex', alignItems: 'center', mb: 1 }}>

ERROR in src/components/BorrowerDashboard.tsx:187:9
TS2769: No overload matches this call.
  Overload 1 of 2, '(props: { component: ElementType<any, keyof IntrinsicElements>; } & GridBaseProps & { sx?: SxProps<Theme> | undefined; } & SystemProps<...> & Omit<...>): Element | null', gave the following error.
    Property 'component' is missing in type '{ children: Element; item: true; xs: number; sm: number; md: number; }' but required in type '{ component: ElementType<any, keyof IntrinsicElements>; }'.
  Overload 2 of 2, '(props: DefaultComponentProps<GridTypeMap<{}, "div">>): Element | null', gave the following error.
    Type '{ children: Element; item: true; xs: number; sm: number; md: number; }' is not assignable to type 'IntrinsicAttributes & GridBaseProps & { sx?: SxProps<Theme> | undefined; } & SystemProps<Theme> & Omit<...>'.
      Property 'item' does not exist on type 'IntrinsicAttributes & GridBaseProps & { sx?: SxProps<Theme> | undefined; } & SystemProps<Theme> & Omit<...>'.
    185 |         </Grid>
    186 |
  > 187 |         <Grid item xs={12} sm={6} md={3}>
        |         ^^^^^^^^^^^^^^^^^^^^^^^^^^^^^^^^^
    188 |           <Card sx={{ background: 'linear-gradient(135deg, #f093fb 0%, #f5576c 100%)', color: 'white' }}>
    189 |             <CardContent>
    190 |               <Box sx={{ display: 'flex', alignItems: 'center', mb: 1 }}>

ERROR in src/components/BorrowerDashboard.tsx:201:9
TS2769: No overload matches this call.
  Overload 1 of 2, '(props: { component: ElementType<any, keyof IntrinsicElements>; } & GridBaseProps & { sx?: SxProps<Theme> | undefined; } & SystemProps<...> & Omit<...>): Element | null', gave the following error.
    Property 'component' is missing in type '{ children: Element; item: true; xs: number; sm: number; md: number; }' but required in type '{ component: ElementType<any, keyof IntrinsicElements>; }'.
  Overload 2 of 2, '(props: DefaultComponentProps<GridTypeMap<{}, "div">>): Element | null', gave the following error.
    Type '{ children: Element; item: true; xs: number; sm: number; md: number; }' is not assignable to type 'IntrinsicAttributes & GridBaseProps & { sx?: SxProps<Theme> | undefined; } & SystemProps<Theme> & Omit<...>'.
      Property 'item' does not exist on type 'IntrinsicAttributes & GridBaseProps & { sx?: SxProps<Theme> | undefined; } & SystemProps<Theme> & Omit<...>'.
    199 |         </Grid>
    200 |
  > 201 |         <Grid item xs={12} sm={6} md={3}>
        |         ^^^^^^^^^^^^^^^^^^^^^^^^^^^^^^^^^
    202 |           <Card sx={{ background: 'linear-gradient(135deg, #4facfe 0%, #00f2fe 100%)', color: 'white' }}>
    203 |             <CardContent>
    204 |               <Box sx={{ display: 'flex', alignItems: 'center', mb: 1 }}>

ERROR in src/components/BorrowerDashboard.tsx:215:9
TS2769: No overload matches this call.
  Overload 1 of 2, '(props: { component: ElementType<any, keyof IntrinsicElements>; } & GridBaseProps & { sx?: SxProps<Theme> | undefined; } & SystemProps<...> & Omit<...>): Element | null', gave the following error.
    Property 'component' is missing in type '{ children: Element; item: true; xs: number; sm: number; md: number; }' but required in type '{ component: ElementType<any, keyof IntrinsicElements>; }'.
  Overload 2 of 2, '(props: DefaultComponentProps<GridTypeMap<{}, "div">>): Element | null', gave the following error.
    Type '{ children: Element; item: true; xs: number; sm: number; md: number; }' is not assignable to type 'IntrinsicAttributes & GridBaseProps & { sx?: SxProps<Theme> | undefined; } & SystemProps<Theme> & Omit<...>'.
      Property 'item' does not exist on type 'IntrinsicAttributes & GridBaseProps & { sx?: SxProps<Theme> | undefined; } & SystemProps<Theme> & Omit<...>'.
    213 |         </Grid>
    214 |
  > 215 |         <Grid item xs={12} sm={6} md={3}>
        |         ^^^^^^^^^^^^^^^^^^^^^^^^^^^^^^^^^
    216 |           <Card sx={{ background: 'linear-gradient(135deg, #fa709a 0%, #fee140 100%)', color: 'white' }}>
    217 |             <CardContent>
    218 |               <Box sx={{ display: 'flex', alignItems: 'center', mb: 1 }}>

ERROR in src/components/BorrowerDashboard.tsx:232:9
TS2769: No overload matches this call.
  Overload 1 of 2, '(props: { component: ElementType<any, keyof IntrinsicElements>; } & GridBaseProps & { sx?: SxProps<Theme> | undefined; } & SystemProps<...> & Omit<...>): Element | null', gave the following error.
    Property 'component' is missing in type '{ children: Element; item: true; xs: number; md: number; }' but required in type '{ component: ElementType<any, keyof IntrinsicElements>; }'.
  Overload 2 of 2, '(props: DefaultComponentProps<GridTypeMap<{}, "div">>): Element | null', gave the following error.
    Type '{ children: Element; item: true; xs: number; md: number; }' is not assignable to type 'IntrinsicAttributes & GridBaseProps & { sx?: SxProps<Theme> | undefined; } & SystemProps<Theme> & Omit<...>'.
      Property 'item' does not exist on type 'IntrinsicAttributes & GridBaseProps & { sx?: SxProps<Theme> | undefined; } & SystemProps<Theme> & Omit<...>'.
    230 |       <Grid container spacing={3}>
    231 |         {/* EMI Collection Progress */}
  > 232 |         <Grid item xs={12} md={6}>
        |         ^^^^^^^^^^^^^^^^^^^^^^^^^^
    233 |           <Paper sx={{ p: 3 }}>
    234 |             <Typography variant="h6" gutterBottom>
    235 |               This Month's EMI Collection Progress

ERROR in src/components/BorrowerDashboard.tsx:279:9
TS2769: No overload matches this call.
  Overload 1 of 2, '(props: { component: ElementType<any, keyof IntrinsicElements>; } & GridBaseProps & { sx?: SxProps<Theme> | undefined; } & SystemProps<...> & Omit<...>): Element | null', gave the following error.
    Property 'component' is missing in type '{ children: Element; item: true; xs: number; md: number; }' but required in type '{ component: ElementType<any, keyof IntrinsicElements>; }'.
  Overload 2 of 2, '(props: DefaultComponentProps<GridTypeMap<{}, "div">>): Element | null', gave the following error.
    Type '{ children: Element; item: true; xs: number; md: number; }' is not assignable to type 'IntrinsicAttributes & GridBaseProps & { sx?: SxProps<Theme> | undefined; } & SystemProps<Theme> & Omit<...>'.
      Property 'item' does not exist on type 'IntrinsicAttributes & GridBaseProps & { sx?: SxProps<Theme> | undefined; } & SystemProps<Theme> & Omit<...>'.
    277 |
    278 |         {/* Loan-wise Collection */}
  > 279 |         <Grid item xs={12} md={6}>
        |         ^^^^^^^^^^^^^^^^^^^^^^^^^^
    280 |           <Paper sx={{ p: 3 }}>
    281 |             <Typography variant="h6" gutterBottom>
    282 |               Loan-wise Collection Status

ERROR in src/components/BorrowerDashboard.tsx:299:9
TS2769: No overload matches this call.
  Overload 1 of 2, '(props: { component: ElementType<any, keyof IntrinsicElements>; } & GridBaseProps & { sx?: SxProps<Theme> | undefined; } & SystemProps<...> & Omit<...>): Element | null', gave the following error.
    Property 'component' is missing in type '{ children: Element; item: true; xs: number; md: number; }' but required in type '{ component: ElementType<any, keyof IntrinsicElements>; }'.
  Overload 2 of 2, '(props: DefaultComponentProps<GridTypeMap<{}, "div">>): Element | null', gave the following error.
    Type '{ children: Element; item: true; xs: number; md: number; }' is not assignable to type 'IntrinsicAttributes & GridBaseProps & { sx?: SxProps<Theme> | undefined; } & SystemProps<Theme> & Omit<...>'.
      Property 'item' does not exist on type 'IntrinsicAttributes & GridBaseProps & { sx?: SxProps<Theme> | undefined; } & SystemProps<Theme> & Omit<...>'.
    297 |
    298 |         {/* Loan Summaries */}
  > 299 |         <Grid item xs={12} md={8}>
        |         ^^^^^^^^^^^^^^^^^^^^^^^^^^
    300 |           <Paper sx={{ p: 3 }}>
    301 |             <Typography variant="h6" gutterBottom>
    302 |               Active Loans Summary

ERROR in src/components/BorrowerDashboard.tsx:356:9
TS2769: No overload matches this call.
  Overload 1 of 2, '(props: { component: ElementType<any, keyof IntrinsicElements>; } & GridBaseProps & { sx?: SxProps<Theme> | undefined; } & SystemProps<...> & Omit<...>): Element | null', gave the following error.
    Property 'component' is missing in type '{ children: Element; item: true; xs: number; md: number; }' but required in type '{ component: ElementType<any, keyof IntrinsicElements>; }'.
  Overload 2 of 2, '(props: DefaultComponentProps<GridTypeMap<{}, "div">>): Element | null', gave the following error.
    Type '{ children: Element; item: true; xs: number; md: number; }' is not assignable to type 'IntrinsicAttributes & GridBaseProps & { sx?: SxProps<Theme> | undefined; } & SystemProps<Theme> & Omit<...>'.
      Property 'item' does not exist on type 'IntrinsicAttributes & GridBaseProps & { sx?: SxProps<Theme> | undefined; } & SystemProps<Theme> & Omit<...>'.
    354 |
    355 |         {/* Recent Transactions */}
  > 356 |         <Grid item xs={12} md={4}>
        |         ^^^^^^^^^^^^^^^^^^^^^^^^^^
    357 |           <Paper sx={{ p: 3 }}>
    358 |             <Typography variant="h6" gutterBottom>
    359 |               Recent Transactions

ERROR in src/components/LenderDashboard.tsx:202:9
TS2769: No overload matches this call.
  Overload 1 of 2, '(props: { component: ElementType<any, keyof IntrinsicElements>; } & GridBaseProps & { sx?: SxProps<Theme> | undefined; } & SystemProps<...> & Omit<...>): Element | null', gave the following error.
    Property 'component' is missing in type '{ children: Element; item: true; xs: number; sm: number; md: number; }' but required in type '{ component: ElementType<any, keyof IntrinsicElements>; }'.
  Overload 2 of 2, '(props: DefaultComponentProps<GridTypeMap<{}, "div">>): Element | null', gave the following error.
    Type '{ children: Element; item: true; xs: number; sm: number; md: number; }' is not assignable to type 'IntrinsicAttributes & GridBaseProps & { sx?: SxProps<Theme> | undefined; } & SystemProps<Theme> & Omit<...>'.
      Property 'item' does not exist on type 'IntrinsicAttributes & GridBaseProps & { sx?: SxProps<Theme> | undefined; } & SystemProps<Theme> & Omit<...>'.
    200 |       {/* Summary Cards */}
    201 |       <Grid container spacing={3} sx={{ mb: 4 }}>
  > 202 |         <Grid item xs={12} sm={6} md={3}>
        |         ^^^^^^^^^^^^^^^^^^^^^^^^^^^^^^^^^
    203 |           <Card sx={{ background: 'linear-gradient(135deg, #667eea 0%, #764ba2 100%)', color: 'white' }}>
    204 |             <CardContent>
    205 |               <Box sx={{ display: 'flex', alignItems: 'center', mb: 1 }}>

ERROR in src/components/LenderDashboard.tsx:216:9
TS2769: No overload matches this call.
  Overload 1 of 2, '(props: { component: ElementType<any, keyof IntrinsicElements>; } & GridBaseProps & { sx?: SxProps<Theme> | undefined; } & SystemProps<...> & Omit<...>): Element | null', gave the following error.
    Property 'component' is missing in type '{ children: Element; item: true; xs: number; sm: number; md: number; }' but required in type '{ component: ElementType<any, keyof IntrinsicElements>; }'.
  Overload 2 of 2, '(props: DefaultComponentProps<GridTypeMap<{}, "div">>): Element | null', gave the following error.
    Type '{ children: Element; item: true; xs: number; sm: number; md: number; }' is not assignable to type 'IntrinsicAttributes & GridBaseProps & { sx?: SxProps<Theme> | undefined; } & SystemProps<Theme> & Omit<...>'.
      Property 'item' does not exist on type 'IntrinsicAttributes & GridBaseProps & { sx?: SxProps<Theme> | undefined; } & SystemProps<Theme> & Omit<...>'.
    214 |         </Grid>
    215 |
  > 216 |         <Grid item xs={12} sm={6} md={3}>
        |         ^^^^^^^^^^^^^^^^^^^^^^^^^^^^^^^^^
    217 |           <Card sx={{ background: 'linear-gradient(135deg, #f093fb 0%, #f5576c 100%)', color: 'white' }}>
    218 |             <CardContent>
    219 |               <Box sx={{ display: 'flex', alignItems: 'center', mb: 1 }}>

ERROR in src/components/LenderDashboard.tsx:230:9
TS2769: No overload matches this call.
  Overload 1 of 2, '(props: { component: ElementType<any, keyof IntrinsicElements>; } & GridBaseProps & { sx?: SxProps<Theme> | undefined; } & SystemProps<...> & Omit<...>): Element | null', gave the following error.
    Property 'component' is missing in type '{ children: Element; item: true; xs: number; sm: number; md: number; }' but required in type '{ component: ElementType<any, keyof IntrinsicElements>; }'.
  Overload 2 of 2, '(props: DefaultComponentProps<GridTypeMap<{}, "div">>): Element | null', gave the following error.
    Type '{ children: Element; item: true; xs: number; sm: number; md: number; }' is not assignable to type 'IntrinsicAttributes & GridBaseProps & { sx?: SxProps<Theme> | undefined; } & SystemProps<Theme> & Omit<...>'.
      Property 'item' does not exist on type 'IntrinsicAttributes & GridBaseProps & { sx?: SxProps<Theme> | undefined; } & SystemProps<Theme> & Omit<...>'.
    228 |         </Grid>
    229 |
  > 230 |         <Grid item xs={12} sm={6} md={3}>
        |         ^^^^^^^^^^^^^^^^^^^^^^^^^^^^^^^^^
    231 |           <Card sx={{ background: 'linear-gradient(135deg, #4facfe 0%, #00f2fe 100%)', color: 'white' }}>
    232 |             <CardContent>
    233 |               <Box sx={{ display: 'flex', alignItems: 'center', mb: 1 }}>

ERROR in src/components/LenderDashboard.tsx:247:9
TS2769: No overload matches this call.
  Overload 1 of 2, '(props: { component: ElementType<any, keyof IntrinsicElements>; } & GridBaseProps & { sx?: SxProps<Theme> | undefined; } & SystemProps<...> & Omit<...>): Element | null', gave the following error.
    Property 'component' is missing in type '{ children: Element; item: true; xs: number; sm: number; md: number; }' but required in type '{ component: ElementType<any, keyof IntrinsicElements>; }'.
  Overload 2 of 2, '(props: DefaultComponentProps<GridTypeMap<{}, "div">>): Element | null', gave the following error.
    Type '{ children: Element; item: true; xs: number; sm: number; md: number; }' is not assignable to type 'IntrinsicAttributes & GridBaseProps & { sx?: SxProps<Theme> | undefined; } & SystemProps<Theme> & Omit<...>'.
      Property 'item' does not exist on type 'IntrinsicAttributes & GridBaseProps & { sx?: SxProps<Theme> | undefined; } & SystemProps<Theme> & Omit<...>'.
    245 |         </Grid>
    246 |
  > 247 |         <Grid item xs={12} sm={6} md={3}>
        |         ^^^^^^^^^^^^^^^^^^^^^^^^^^^^^^^^^
    248 |           <Card sx={{ background: 'linear-gradient(135deg, #fa709a 0%, #fee140 100%)', color: 'white' }}>
    249 |             <CardContent>
    250 |               <Box sx={{ display: 'flex', alignItems: 'center', mb: 1 }}>

ERROR in src/components/LenderDashboard.tsx:264:9
TS2769: No overload matches this call.
  Overload 1 of 2, '(props: { component: ElementType<any, keyof IntrinsicElements>; } & GridBaseProps & { sx?: SxProps<Theme> | undefined; } & SystemProps<...> & Omit<...>): Element | null', gave the following error.
    Property 'component' is missing in type '{ children: Element; item: true; xs: number; md: number; }' but required in type '{ component: ElementType<any, keyof IntrinsicElements>; }'.
  Overload 2 of 2, '(props: DefaultComponentProps<GridTypeMap<{}, "div">>): Element | null', gave the following error.
    Type '{ children: Element; item: true; xs: number; md: number; }' is not assignable to type 'IntrinsicAttributes & GridBaseProps & { sx?: SxProps<Theme> | undefined; } & SystemProps<Theme> & Omit<...>'.
      Property 'item' does not exist on type 'IntrinsicAttributes & GridBaseProps & { sx?: SxProps<Theme> | undefined; } & SystemProps<Theme> & Omit<...>'.
    262 |       <Grid container spacing={3}>
    263 |         {/* Collection Trends */}
  > 264 |         <Grid item xs={12} md={8}>
        |         ^^^^^^^^^^^^^^^^^^^^^^^^^^
    265 |           <Paper sx={{ p: 3 }}>
    266 |             <Typography variant="h6" gutterBottom>
    267 |               Monthly Collection Trends

ERROR in src/components/LenderDashboard.tsx:296:9
TS2769: No overload matches this call.
  Overload 1 of 2, '(props: { component: ElementType<any, keyof IntrinsicElements>; } & GridBaseProps & { sx?: SxProps<Theme> | undefined; } & SystemProps<...> & Omit<...>): Element | null', gave the following error.
    Property 'component' is missing in type '{ children: Element; item: true; xs: number; md: number; }' but required in type '{ component: ElementType<any, keyof IntrinsicElements>; }'.
  Overload 2 of 2, '(props: DefaultComponentProps<GridTypeMap<{}, "div">>): Element | null', gave the following error.
    Type '{ children: Element; item: true; xs: number; md: number; }' is not assignable to type 'IntrinsicAttributes & GridBaseProps & { sx?: SxProps<Theme> | undefined; } & SystemProps<Theme> & Omit<...>'.
      Property 'item' does not exist on type 'IntrinsicAttributes & GridBaseProps & { sx?: SxProps<Theme> | undefined; } & SystemProps<Theme> & Omit<...>'.
    294 |
    295 |         {/* Collection Progress */}
  > 296 |         <Grid item xs={12} md={4}>
        |         ^^^^^^^^^^^^^^^^^^^^^^^^^^
    297 |           <Paper sx={{ p: 3 }}>
    298 |             <Typography variant="h6" gutterBottom>
    299 |               This Month's Progress

ERROR in src/components/LenderDashboard.tsx:331:9
TS2769: No overload matches this call.
  Overload 1 of 2, '(props: { component: ElementType<any, keyof IntrinsicElements>; } & GridBaseProps & { sx?: SxProps<Theme> | undefined; } & SystemProps<...> & Omit<...>): Element | null', gave the following error.
    Property 'component' is missing in type '{ children: Element; item: true; xs: number; md: number; }' but required in type '{ component: ElementType<any, keyof IntrinsicElements>; }'.
  Overload 2 of 2, '(props: DefaultComponentProps<GridTypeMap<{}, "div">>): Element | null', gave the following error.
    Type '{ children: Element; item: true; xs: number; md: number; }' is not assignable to type 'IntrinsicAttributes & GridBaseProps & { sx?: SxProps<Theme> | undefined; } & SystemProps<Theme> & Omit<...>'.
      Property 'item' does not exist on type 'IntrinsicAttributes & GridBaseProps & { sx?: SxProps<Theme> | undefined; } & SystemProps<Theme> & Omit<...>'.
    329 |
    330 |         {/* Borrower-wise Collections */}
  > 331 |         <Grid item xs={12} md={8}>
        |         ^^^^^^^^^^^^^^^^^^^^^^^^^^
    332 |           <Paper sx={{ p: 3 }}>
    333 |             <Typography variant="h6" gutterBottom>
    334 |               Borrower-wise Collection Status

ERROR in src/components/LenderDashboard.tsx:351:9
TS2769: No overload matches this call.
  Overload 1 of 2, '(props: { component: ElementType<any, keyof IntrinsicElements>; } & GridBaseProps & { sx?: SxProps<Theme> | undefined; } & SystemProps<...> & Omit<...>): Element | null', gave the following error.
    Property 'component' is missing in type '{ children: Element; item: true; xs: number; md: number; }' but required in type '{ component: ElementType<any, keyof IntrinsicElements>; }'.
  Overload 2 of 2, '(props: DefaultComponentProps<GridTypeMap<{}, "div">>): Element | null', gave the following error.
    Type '{ children: Element; item: true; xs: number; md: number; }' is not assignable to type 'IntrinsicAttributes & GridBaseProps & { sx?: SxProps<Theme> | undefined; } & SystemProps<Theme> & Omit<...>'.
      Property 'item' does not exist on type 'IntrinsicAttributes & GridBaseProps & { sx?: SxProps<Theme> | undefined; } & SystemProps<Theme> & Omit<...>'.
    349 |
    350 |         {/* Upcoming Payments */}
  > 351 |         <Grid item xs={12} md={4}>
        |         ^^^^^^^^^^^^^^^^^^^^^^^^^^
    352 |           <Paper sx={{ p: 3 }}>
    353 |             <Typography variant="h6" gutterBottom>
    354 |               Upcoming EMI Payments

ERROR in src/components/LenderDashboard.tsx:394:9
TS2769: No overload matches this call.
  Overload 1 of 2, '(props: { component: ElementType<any, keyof IntrinsicElements>; } & GridBaseProps & { sx?: SxProps<Theme> | undefined; } & SystemProps<...> & Omit<...>): Element | null', gave the following error.
    Property 'component' is missing in type '{ children: Element; item: true; xs: number; }' but required in type '{ component: ElementType<any, keyof IntrinsicElements>; }'.
  Overload 2 of 2, '(props: DefaultComponentProps<GridTypeMap<{}, "div">>): Element | null', gave the following error.
    Type '{ children: Element; item: true; xs: number; }' is not assignable to type 'IntrinsicAttributes & GridBaseProps & { sx?: SxProps<Theme> | undefined; } & SystemProps<Theme> & Omit<...>'.
      Property 'item' does not exist on type 'IntrinsicAttributes & GridBaseProps & { sx?: SxProps<Theme> | undefined; } & SystemProps<Theme> & Omit<...>'.
    392 |
    393 |         {/* Borrower Portfolio */}
  > 394 |         <Grid item xs={12}>
        |         ^^^^^^^^^^^^^^^^^^^
    395 |           <Paper sx={{ p: 3 }}>
    396 |             <Typography variant="h6" gutterBottom>
    397 |               Borrower Portfolio

ERROR in src/components/LoanManagement.tsx:81:11
TS2739: Type '{ id: number; borrowerId: number; lenderId: number; principalAmount: number; interestRate: number; loanTermMonths: number; emiAmount: number; emiCollectionPercentage: number; emiDueDate: number; ... 6 more ...; remainingAmount: number; }' is missing the following properties from type 'Loan': loanAmount, tenureMonths, monthlyEmiAmount, nextEmiDate, outstandingAmount
     79 |         // Demo data
     80 |         const demoLoans: Loan[] = [
  >  81 |           {
        |           ^
  >  82 |             id: 1,
        | ^^^^^^^^^^^^^^^^^^
  >  83 |             borrowerId: 1,
        | ^^^^^^^^^^^^^^^^^^
  >  84 |             lenderId: 2,
        | ^^^^^^^^^^^^^^^^^^
  >  85 |             principalAmount: 500000,
        | ^^^^^^^^^^^^^^^^^^
  >  86 |             interestRate: 12,
        | ^^^^^^^^^^^^^^^^^^
  >  87 |             loanTermMonths: 24,
        | ^^^^^^^^^^^^^^^^^^
  >  88 |             emiAmount: 23538,
        | ^^^^^^^^^^^^^^^^^^
  >  89 |             emiCollectionPercentage: 5,
        | ^^^^^^^^^^^^^^^^^^
  >  90 |             emiDueDate: 15,
        | ^^^^^^^^^^^^^^^^^^
  >  91 |             startDate: '2023-12-01',
        | ^^^^^^^^^^^^^^^^^^
  >  92 |             endDate: '2025-12-01',
        | ^^^^^^^^^^^^^^^^^^
  >  93 |             status: 'ACTIVE',
        | ^^^^^^^^^^^^^^^^^^
  >  94 |             borrowerName: 'John Smith',
        | ^^^^^^^^^^^^^^^^^^
  >  95 |             lenderName: 'Jane Doe',
        | ^^^^^^^^^^^^^^^^^^
  >  96 |             collectedAmount: 15000,
        | ^^^^^^^^^^^^^^^^^^
  >  97 |             remainingAmount: 8538,
        | ^^^^^^^^^^^^^^^^^^
  >  98 |           },
        | ^^^^^^^^^^^^
     99 |           {
    100 |             id: 2,
    101 |             borrowerId: 3,

ERROR in src/components/LoanManagement.tsx:99:11
TS2739: Type '{ id: number; borrowerId: number; lenderId: number; principalAmount: number; interestRate: number; loanTermMonths: number; emiAmount: number; emiCollectionPercentage: number; emiDueDate: number; ... 6 more ...; remainingAmount: number; }' is missing the following properties from type 'Loan': loanAmount, tenureMonths, monthlyEmiAmount, nextEmiDate, outstandingAmount
     97 |             remainingAmount: 8538,
     98 |           },
  >  99 |           {
        |           ^
  > 100 |             id: 2,
        | ^^^^^^^^^^^^^^^^^^
  > 101 |             borrowerId: 3,
        | ^^^^^^^^^^^^^^^^^^
  > 102 |             lenderId: 2,
        | ^^^^^^^^^^^^^^^^^^
  > 103 |             principalAmount: 250000,
        | ^^^^^^^^^^^^^^^^^^
  > 104 |             interestRate: 10,
        | ^^^^^^^^^^^^^^^^^^
  > 105 |             loanTermMonths: 18,
        | ^^^^^^^^^^^^^^^^^^
  > 106 |             emiAmount: 15234,
        | ^^^^^^^^^^^^^^^^^^
  > 107 |             emiCollectionPercentage: 4,
        | ^^^^^^^^^^^^^^^^^^
  > 108 |             emiDueDate: 20,
        | ^^^^^^^^^^^^^^^^^^
  > 109 |             startDate: '2024-01-01',
        | ^^^^^^^^^^^^^^^^^^
  > 110 |             endDate: '2025-07-01',
        | ^^^^^^^^^^^^^^^^^^
  > 111 |             status: 'ACTIVE',
        | ^^^^^^^^^^^^^^^^^^
  > 112 |             borrowerName: 'Ram Kumar',
        | ^^^^^^^^^^^^^^^^^^
  > 113 |             lenderName: 'Jane Doe',
        | ^^^^^^^^^^^^^^^^^^
  > 114 |             collectedAmount: 8000,
        | ^^^^^^^^^^^^^^^^^^
  > 115 |             remainingAmount: 7234,
        | ^^^^^^^^^^^^^^^^^^
  > 116 |           },
        | ^^^^^^^^^^^^
    117 |         ];
    118 |
    119 |         const demoUsers: User[] = [

ERROR in src/components/LoanManagement.tsx:289:23
TS18048: 'loan.principalAmount' is possibly 'undefined'.
    287 |                   </TableCell>
    288 |                   <TableCell align="right">
  > 289 |                     ₹{loan.principalAmount.toLocaleString()}
        |                       ^^^^^^^^^^^^^^^^^^^^
    290 |                   </TableCell>
    291 |                   <TableCell align="right">{loan.interestRate}%</TableCell>
    292 |                   <TableCell align="right">

ERROR in src/components/LoanManagement.tsx:293:23
TS18048: 'loan.emiAmount' is possibly 'undefined'.
    291 |                   <TableCell align="right">{loan.interestRate}%</TableCell>
    292 |                   <TableCell align="right">
  > 293 |                     ₹{loan.emiAmount.toLocaleString()}
        |                       ^^^^^^^^^^^^^^
    294 |                   </TableCell>
    295 |                   <TableCell align="center">{loan.loanTermMonths}</TableCell>
    296 |                   <TableCell align="center">{loan.emiCollectionPercentage}%</TableCell>

ERROR in src/components/LoanManagement.tsx:330:13
TS2769: No overload matches this call.
  Overload 1 of 2, '(props: { component: ElementType<any, keyof IntrinsicElements>; } & GridBaseProps & { sx?: SxProps<Theme> | undefined; } & SystemProps<...> & Omit<...>): Element | null', gave the following error.
    Property 'component' is missing in type '{ children: Element; item: true; xs: number; md: number; }' but required in type '{ component: ElementType<any, keyof IntrinsicElements>; }'.
  Overload 2 of 2, '(props: DefaultComponentProps<GridTypeMap<{}, "div">>): Element | null', gave the following error.
    Type '{ children: Element; item: true; xs: number; md: number; }' is not assignable to type 'IntrinsicAttributes & GridBaseProps & { sx?: SxProps<Theme> | undefined; } & SystemProps<Theme> & Omit<...>'.
      Property 'item' does not exist on type 'IntrinsicAttributes & GridBaseProps & { sx?: SxProps<Theme> | undefined; } & SystemProps<Theme> & Omit<...>'.
    328 |         <DialogContent>
    329 |           <Grid container spacing={2} sx={{ mt: 1 }}>
  > 330 |             <Grid item xs={12} md={6}>
        |             ^^^^^^^^^^^^^^^^^^^^^^^^^^
    331 |               <Autocomplete
    332 |                 options={getAvailableUsers()}
    333 |                 getOptionLabel={(option) => option.fullName}

ERROR in src/components/LoanManagement.tsx:364:13
TS2769: No overload matches this call.
  Overload 1 of 2, '(props: { component: ElementType<any, keyof IntrinsicElements>; } & GridBaseProps & { sx?: SxProps<Theme> | undefined; } & SystemProps<...> & Omit<...>): Element | null', gave the following error.
    Property 'component' is missing in type '{ children: Element; item: true; xs: number; md: number; }' but required in type '{ component: ElementType<any, keyof IntrinsicElements>; }'.
  Overload 2 of 2, '(props: DefaultComponentProps<GridTypeMap<{}, "div">>): Element | null', gave the following error.
    Type '{ children: Element; item: true; xs: number; md: number; }' is not assignable to type 'IntrinsicAttributes & GridBaseProps & { sx?: SxProps<Theme> | undefined; } & SystemProps<Theme> & Omit<...>'.
      Property 'item' does not exist on type 'IntrinsicAttributes & GridBaseProps & { sx?: SxProps<Theme> | undefined; } & SystemProps<Theme> & Omit<...>'.
    362 |             </Grid>
    363 |
  > 364 |             <Grid item xs={12} md={6}>
        |             ^^^^^^^^^^^^^^^^^^^^^^^^^^
    365 |               <TextField
    366 |                 label="Principal Amount"
    367 |                 type="number"

ERROR in src/components/LoanManagement.tsx:381:13
TS2769: No overload matches this call.
  Overload 1 of 2, '(props: { component: ElementType<any, keyof IntrinsicElements>; } & GridBaseProps & { sx?: SxProps<Theme> | undefined; } & SystemProps<...> & Omit<...>): Element | null', gave the following error.
    Property 'component' is missing in type '{ children: Element; item: true; xs: number; md: number; }' but required in type '{ component: ElementType<any, keyof IntrinsicElements>; }'.
  Overload 2 of 2, '(props: DefaultComponentProps<GridTypeMap<{}, "div">>): Element | null', gave the following error.
    Type '{ children: Element; item: true; xs: number; md: number; }' is not assignable to type 'IntrinsicAttributes & GridBaseProps & { sx?: SxProps<Theme> | undefined; } & SystemProps<Theme> & Omit<...>'.
      Property 'item' does not exist on type 'IntrinsicAttributes & GridBaseProps & { sx?: SxProps<Theme> | undefined; } & SystemProps<Theme> & Omit<...>'.
    379 |             </Grid>
    380 |
  > 381 |             <Grid item xs={12} md={6}>
        |             ^^^^^^^^^^^^^^^^^^^^^^^^^^
    382 |               <TextField
    383 |                 label="Interest Rate (%)"
    384 |                 type="number"

ERROR in src/components/LoanManagement.tsx:398:13
TS2769: No overload matches this call.
  Overload 1 of 2, '(props: { component: ElementType<any, keyof IntrinsicElements>; } & GridBaseProps & { sx?: SxProps<Theme> | undefined; } & SystemProps<...> & Omit<...>): Element | null', gave the following error.
    Property 'component' is missing in type '{ children: Element; item: true; xs: number; md: number; }' but required in type '{ component: ElementType<any, keyof IntrinsicElements>; }'.
  Overload 2 of 2, '(props: DefaultComponentProps<GridTypeMap<{}, "div">>): Element | null', gave the following error.
    Type '{ children: Element; item: true; xs: number; md: number; }' is not assignable to type 'IntrinsicAttributes & GridBaseProps & { sx?: SxProps<Theme> | undefined; } & SystemProps<Theme> & Omit<...>'.
      Property 'item' does not exist on type 'IntrinsicAttributes & GridBaseProps & { sx?: SxProps<Theme> | undefined; } & SystemProps<Theme> & Omit<...>'.
    396 |             </Grid>
    397 |
  > 398 |             <Grid item xs={12} md={6}>
        |             ^^^^^^^^^^^^^^^^^^^^^^^^^^
    399 |               <TextField
    400 |                 label="Loan Term (Months)"
    401 |                 type="number"

ERROR in src/components/LoanManagement.tsx:412:13
TS2769: No overload matches this call.
  Overload 1 of 2, '(props: { component: ElementType<any, keyof IntrinsicElements>; } & GridBaseProps & { sx?: SxProps<Theme> | undefined; } & SystemProps<...> & Omit<...>): Element | null', gave the following error.
    Property 'component' is missing in type '{ children: Element; item: true; xs: number; md: number; }' but required in type '{ component: ElementType<any, keyof IntrinsicElements>; }'.
  Overload 2 of 2, '(props: DefaultComponentProps<GridTypeMap<{}, "div">>): Element | null', gave the following error.
    Type '{ children: Element; item: true; xs: number; md: number; }' is not assignable to type 'IntrinsicAttributes & GridBaseProps & { sx?: SxProps<Theme> | undefined; } & SystemProps<Theme> & Omit<...>'.
      Property 'item' does not exist on type 'IntrinsicAttributes & GridBaseProps & { sx?: SxProps<Theme> | undefined; } & SystemProps<Theme> & Omit<...>'.
    410 |             </Grid>
    411 |
  > 412 |             <Grid item xs={12} md={6}>
        |             ^^^^^^^^^^^^^^^^^^^^^^^^^^
    413 |               <TextField
    414 |                 label="EMI Collection Percentage"
    415 |                 type="number"

ERROR in src/components/LoanManagement.tsx:430:13
TS2769: No overload matches this call.
  Overload 1 of 2, '(props: { component: ElementType<any, keyof IntrinsicElements>; } & GridBaseProps & { sx?: SxProps<Theme> | undefined; } & SystemProps<...> & Omit<...>): Element | null', gave the following error.
    Property 'component' is missing in type '{ children: Element; item: true; xs: number; md: number; }' but required in type '{ component: ElementType<any, keyof IntrinsicElements>; }'.
  Overload 2 of 2, '(props: DefaultComponentProps<GridTypeMap<{}, "div">>): Element | null', gave the following error.
    Type '{ children: Element; item: true; xs: number; md: number; }' is not assignable to type 'IntrinsicAttributes & GridBaseProps & { sx?: SxProps<Theme> | undefined; } & SystemProps<Theme> & Omit<...>'.
      Property 'item' does not exist on type 'IntrinsicAttributes & GridBaseProps & { sx?: SxProps<Theme> | undefined; } & SystemProps<Theme> & Omit<...>'.
    428 |             </Grid>
    429 |
  > 430 |             <Grid item xs={12} md={6}>
        |             ^^^^^^^^^^^^^^^^^^^^^^^^^^
    431 |               <TextField
    432 |                 label="EMI Due Date"
    433 |                 type="number"

ERROR in src/components/LoanManagement.tsx:447:15
TS2769: No overload matches this call.
  Overload 1 of 2, '(props: { component: ElementType<any, keyof IntrinsicElements>; } & GridBaseProps & { sx?: SxProps<Theme> | undefined; } & SystemProps<...> & Omit<...>): Element | null', gave the following error.
    Property 'component' is missing in type '{ children: Element; item: true; xs: number; }' but required in type '{ component: ElementType<any, keyof IntrinsicElements>; }'.
  Overload 2 of 2, '(props: DefaultComponentProps<GridTypeMap<{}, "div">>): Element | null', gave the following error.
    Type '{ children: Element; item: true; xs: number; }' is not assignable to type 'IntrinsicAttributes & GridBaseProps & { sx?: SxProps<Theme> | undefined; } & SystemProps<Theme> & Omit<...>'.
      Property 'item' does not exist on type 'IntrinsicAttributes & GridBaseProps & { sx?: SxProps<Theme> | undefined; } & SystemProps<Theme> & Omit<...>'.
    445 |
    446 |             {newLoan.principalAmount > 0 && newLoan.interestRate > 0 && newLoan.loanTermMonths > 0 && (
  > 447 |               <Grid item xs={12}>
        |               ^^^^^^^^^^^^^^^^^^^
    448 |                 <Alert severity="info">
    449 |                   <Typography variant="body2">
    450 |                     <strong>Calculated EMI: ₹{calculateEMI(

ERROR in src/components/TransactionForm.tsx:119:24
TS2551: Property 'getTransactionsByBorrower' does not exist on type '{ createLoan: (loan: LoanRequest) => Promise<AxiosResponse<Loan, any>>; getLoansByBorrower: (borrowerId: number) => Promise<AxiosResponse<Loan[], any>>; ... 12 more ...; getPaymentHistory: (loanId: number) => Promise<...>; }'. Did you mean 'getTransactionsByLoan'?
    117 |         const [loansResponse, transactionsResponse] = await Promise.all([
    118 |           emiWalletApi.getLoansByBorrower(currentUser.id),
  > 119 |           emiWalletApi.getTransactionsByBorrower(currentUser.id),
        |                        ^^^^^^^^^^^^^^^^^^^^^^^^^
    120 |         ]);
    121 |         setLoans(loansResponse.data);
    122 |         setTransactions(transactionsResponse.data);

Compiling...
Compiled with warnings.

[eslint] 
src/components/TransactionForm.tsx
  Line 13:3:   'Card' is defined but never used                                                                              @typescript-eslint/no-unused-vars
  Line 14:3:   'CardContent' is defined but never used                                                                       @typescript-eslint/no-unused-vars
  Line 30:3:   'AccountBalance' is defined but never used                                                                    @typescript-eslint/no-unused-vars
  Line 31:3:   'TrendingUp' is defined but never used                                                                        @typescript-eslint/no-unused-vars
  Line 111:6:  React Hook useEffect has a missing dependency: 'fetchData'. Either include it or remove the dependency array  react-hooks/exhaustive-deps

Search for the keywords to learn more about each warning.
To ignore, add // eslint-disable-next-line to the line before.

WARNING in [eslint] 
src/components/TransactionForm.tsx
  Line 13:3:   'Card' is defined but never used                                                                              @typescript-eslint/no-unused-vars
  Line 14:3:   'CardContent' is defined but never used                                                                       @typescript-eslint/no-unused-vars
  Line 30:3:   'AccountBalance' is defined but never used                                                                    @typescript-eslint/no-unused-vars
  Line 31:3:   'TrendingUp' is defined but never used                                                                        @typescript-eslint/no-unused-vars
  Line 111:6:  React Hook useEffect has a missing dependency: 'fetchData'. Either include it or remove the dependency array  react-hooks/exhaustive-deps

webpack compiled with 1 warning
ERROR in src/components/BorrowerDashboard.tsx:173:9
TS2769: No overload matches this call.
  Overload 1 of 2, '(props: { component: ElementType<any, keyof IntrinsicElements>; } & GridBaseProps & { sx?: SxProps<Theme> | undefined; } & SystemProps<...> & Omit<...>): Element | null', gave the following error.
    Property 'component' is missing in type '{ children: Element; item: true; xs: number; sm: number; md: number; }' but required in type '{ component: ElementType<any, keyof IntrinsicElements>; }'.
  Overload 2 of 2, '(props: DefaultComponentProps<GridTypeMap<{}, "div">>): Element | null', gave the following error.
    Type '{ children: Element; item: true; xs: number; sm: number; md: number; }' is not assignable to type 'IntrinsicAttributes & GridBaseProps & { sx?: SxProps<Theme> | undefined; } & SystemProps<Theme> & Omit<...>'.
      Property 'item' does not exist on type 'IntrinsicAttributes & GridBaseProps & { sx?: SxProps<Theme> | undefined; } & SystemProps<Theme> & Omit<...>'.
    171 |       {/* Summary Cards */}
    172 |       <Grid container spacing={3} sx={{ mb: 4 }}>
  > 173 |         <Grid item xs={12} sm={6} md={3}>
        |         ^^^^^^^^^^^^^^^^^^^^^^^^^^^^^^^^^
    174 |           <Card sx={{ background: 'linear-gradient(135deg, #667eea 0%, #764ba2 100%)', color: 'white' }}>
    175 |             <CardContent>
    176 |               <Box sx={{ display: 'flex', alignItems: 'center', mb: 1 }}>

ERROR in src/components/BorrowerDashboard.tsx:187:9
TS2769: No overload matches this call.
  Overload 1 of 2, '(props: { component: ElementType<any, keyof IntrinsicElements>; } & GridBaseProps & { sx?: SxProps<Theme> | undefined; } & SystemProps<...> & Omit<...>): Element | null', gave the following error.
    Property 'component' is missing in type '{ children: Element; item: true; xs: number; sm: number; md: number; }' but required in type '{ component: ElementType<any, keyof IntrinsicElements>; }'.
  Overload 2 of 2, '(props: DefaultComponentProps<GridTypeMap<{}, "div">>): Element | null', gave the following error.
    Type '{ children: Element; item: true; xs: number; sm: number; md: number; }' is not assignable to type 'IntrinsicAttributes & GridBaseProps & { sx?: SxProps<Theme> | undefined; } & SystemProps<Theme> & Omit<...>'.
      Property 'item' does not exist on type 'IntrinsicAttributes & GridBaseProps & { sx?: SxProps<Theme> | undefined; } & SystemProps<Theme> & Omit<...>'.
    185 |         </Grid>
    186 |
  > 187 |         <Grid item xs={12} sm={6} md={3}>
        |         ^^^^^^^^^^^^^^^^^^^^^^^^^^^^^^^^^
    188 |           <Card sx={{ background: 'linear-gradient(135deg, #f093fb 0%, #f5576c 100%)', color: 'white' }}>
    189 |             <CardContent>
    190 |               <Box sx={{ display: 'flex', alignItems: 'center', mb: 1 }}>

ERROR in src/components/BorrowerDashboard.tsx:201:9
TS2769: No overload matches this call.
  Overload 1 of 2, '(props: { component: ElementType<any, keyof IntrinsicElements>; } & GridBaseProps & { sx?: SxProps<Theme> | undefined; } & SystemProps<...> & Omit<...>): Element | null', gave the following error.
    Property 'component' is missing in type '{ children: Element; item: true; xs: number; sm: number; md: number; }' but required in type '{ component: ElementType<any, keyof IntrinsicElements>; }'.
  Overload 2 of 2, '(props: DefaultComponentProps<GridTypeMap<{}, "div">>): Element | null', gave the following error.
    Type '{ children: Element; item: true; xs: number; sm: number; md: number; }' is not assignable to type 'IntrinsicAttributes & GridBaseProps & { sx?: SxProps<Theme> | undefined; } & SystemProps<Theme> & Omit<...>'.
      Property 'item' does not exist on type 'IntrinsicAttributes & GridBaseProps & { sx?: SxProps<Theme> | undefined; } & SystemProps<Theme> & Omit<...>'.
    199 |         </Grid>
    200 |
  > 201 |         <Grid item xs={12} sm={6} md={3}>
        |         ^^^^^^^^^^^^^^^^^^^^^^^^^^^^^^^^^
    202 |           <Card sx={{ background: 'linear-gradient(135deg, #4facfe 0%, #00f2fe 100%)', color: 'white' }}>
    203 |             <CardContent>
    204 |               <Box sx={{ display: 'flex', alignItems: 'center', mb: 1 }}>

ERROR in src/components/BorrowerDashboard.tsx:215:9
TS2769: No overload matches this call.
  Overload 1 of 2, '(props: { component: ElementType<any, keyof IntrinsicElements>; } & GridBaseProps & { sx?: SxProps<Theme> | undefined; } & SystemProps<...> & Omit<...>): Element | null', gave the following error.
    Property 'component' is missing in type '{ children: Element; item: true; xs: number; sm: number; md: number; }' but required in type '{ component: ElementType<any, keyof IntrinsicElements>; }'.
  Overload 2 of 2, '(props: DefaultComponentProps<GridTypeMap<{}, "div">>): Element | null', gave the following error.
    Type '{ children: Element; item: true; xs: number; sm: number; md: number; }' is not assignable to type 'IntrinsicAttributes & GridBaseProps & { sx?: SxProps<Theme> | undefined; } & SystemProps<Theme> & Omit<...>'.
      Property 'item' does not exist on type 'IntrinsicAttributes & GridBaseProps & { sx?: SxProps<Theme> | undefined; } & SystemProps<Theme> & Omit<...>'.
    213 |         </Grid>
    214 |
  > 215 |         <Grid item xs={12} sm={6} md={3}>
        |         ^^^^^^^^^^^^^^^^^^^^^^^^^^^^^^^^^
    216 |           <Card sx={{ background: 'linear-gradient(135deg, #fa709a 0%, #fee140 100%)', color: 'white' }}>
    217 |             <CardContent>
    218 |               <Box sx={{ display: 'flex', alignItems: 'center', mb: 1 }}>

ERROR in src/components/BorrowerDashboard.tsx:232:9
TS2769: No overload matches this call.
  Overload 1 of 2, '(props: { component: ElementType<any, keyof IntrinsicElements>; } & GridBaseProps & { sx?: SxProps<Theme> | undefined; } & SystemProps<...> & Omit<...>): Element | null', gave the following error.
    Property 'component' is missing in type '{ children: Element; item: true; xs: number; md: number; }' but required in type '{ component: ElementType<any, keyof IntrinsicElements>; }'.
  Overload 2 of 2, '(props: DefaultComponentProps<GridTypeMap<{}, "div">>): Element | null', gave the following error.
    Type '{ children: Element; item: true; xs: number; md: number; }' is not assignable to type 'IntrinsicAttributes & GridBaseProps & { sx?: SxProps<Theme> | undefined; } & SystemProps<Theme> & Omit<...>'.
      Property 'item' does not exist on type 'IntrinsicAttributes & GridBaseProps & { sx?: SxProps<Theme> | undefined; } & SystemProps<Theme> & Omit<...>'.
    230 |       <Grid container spacing={3}>
    231 |         {/* EMI Collection Progress */}
  > 232 |         <Grid item xs={12} md={6}>
        |         ^^^^^^^^^^^^^^^^^^^^^^^^^^
    233 |           <Paper sx={{ p: 3 }}>
    234 |             <Typography variant="h6" gutterBottom>
    235 |               This Month's EMI Collection Progress

ERROR in src/components/BorrowerDashboard.tsx:279:9
TS2769: No overload matches this call.
  Overload 1 of 2, '(props: { component: ElementType<any, keyof IntrinsicElements>; } & GridBaseProps & { sx?: SxProps<Theme> | undefined; } & SystemProps<...> & Omit<...>): Element | null', gave the following error.
    Property 'component' is missing in type '{ children: Element; item: true; xs: number; md: number; }' but required in type '{ component: ElementType<any, keyof IntrinsicElements>; }'.
  Overload 2 of 2, '(props: DefaultComponentProps<GridTypeMap<{}, "div">>): Element | null', gave the following error.
    Type '{ children: Element; item: true; xs: number; md: number; }' is not assignable to type 'IntrinsicAttributes & GridBaseProps & { sx?: SxProps<Theme> | undefined; } & SystemProps<Theme> & Omit<...>'.
      Property 'item' does not exist on type 'IntrinsicAttributes & GridBaseProps & { sx?: SxProps<Theme> | undefined; } & SystemProps<Theme> & Omit<...>'.
    277 |
    278 |         {/* Loan-wise Collection */}
  > 279 |         <Grid item xs={12} md={6}>
        |         ^^^^^^^^^^^^^^^^^^^^^^^^^^
    280 |           <Paper sx={{ p: 3 }}>
    281 |             <Typography variant="h6" gutterBottom>
    282 |               Loan-wise Collection Status

ERROR in src/components/BorrowerDashboard.tsx:299:9
TS2769: No overload matches this call.
  Overload 1 of 2, '(props: { component: ElementType<any, keyof IntrinsicElements>; } & GridBaseProps & { sx?: SxProps<Theme> | undefined; } & SystemProps<...> & Omit<...>): Element | null', gave the following error.
    Property 'component' is missing in type '{ children: Element; item: true; xs: number; md: number; }' but required in type '{ component: ElementType<any, keyof IntrinsicElements>; }'.
  Overload 2 of 2, '(props: DefaultComponentProps<GridTypeMap<{}, "div">>): Element | null', gave the following error.
    Type '{ children: Element; item: true; xs: number; md: number; }' is not assignable to type 'IntrinsicAttributes & GridBaseProps & { sx?: SxProps<Theme> | undefined; } & SystemProps<Theme> & Omit<...>'.
      Property 'item' does not exist on type 'IntrinsicAttributes & GridBaseProps & { sx?: SxProps<Theme> | undefined; } & SystemProps<Theme> & Omit<...>'.
    297 |
    298 |         {/* Loan Summaries */}
  > 299 |         <Grid item xs={12} md={8}>
        |         ^^^^^^^^^^^^^^^^^^^^^^^^^^
    300 |           <Paper sx={{ p: 3 }}>
    301 |             <Typography variant="h6" gutterBottom>
    302 |               Active Loans Summary

ERROR in src/components/BorrowerDashboard.tsx:356:9
TS2769: No overload matches this call.
  Overload 1 of 2, '(props: { component: ElementType<any, keyof IntrinsicElements>; } & GridBaseProps & { sx?: SxProps<Theme> | undefined; } & SystemProps<...> & Omit<...>): Element | null', gave the following error.
    Property 'component' is missing in type '{ children: Element; item: true; xs: number; md: number; }' but required in type '{ component: ElementType<any, keyof IntrinsicElements>; }'.
  Overload 2 of 2, '(props: DefaultComponentProps<GridTypeMap<{}, "div">>): Element | null', gave the following error.
    Type '{ children: Element; item: true; xs: number; md: number; }' is not assignable to type 'IntrinsicAttributes & GridBaseProps & { sx?: SxProps<Theme> | undefined; } & SystemProps<Theme> & Omit<...>'.
      Property 'item' does not exist on type 'IntrinsicAttributes & GridBaseProps & { sx?: SxProps<Theme> | undefined; } & SystemProps<Theme> & Omit<...>'.
    354 |
    355 |         {/* Recent Transactions */}
  > 356 |         <Grid item xs={12} md={4}>
        |         ^^^^^^^^^^^^^^^^^^^^^^^^^^
    357 |           <Paper sx={{ p: 3 }}>
    358 |             <Typography variant="h6" gutterBottom>
    359 |               Recent Transactions

ERROR in src/components/LenderDashboard.tsx:202:9
TS2769: No overload matches this call.
  Overload 1 of 2, '(props: { component: ElementType<any, keyof IntrinsicElements>; } & GridBaseProps & { sx?: SxProps<Theme> | undefined; } & SystemProps<...> & Omit<...>): Element | null', gave the following error.
    Property 'component' is missing in type '{ children: Element; item: true; xs: number; sm: number; md: number; }' but required in type '{ component: ElementType<any, keyof IntrinsicElements>; }'.
  Overload 2 of 2, '(props: DefaultComponentProps<GridTypeMap<{}, "div">>): Element | null', gave the following error.
    Type '{ children: Element; item: true; xs: number; sm: number; md: number; }' is not assignable to type 'IntrinsicAttributes & GridBaseProps & { sx?: SxProps<Theme> | undefined; } & SystemProps<Theme> & Omit<...>'.
      Property 'item' does not exist on type 'IntrinsicAttributes & GridBaseProps & { sx?: SxProps<Theme> | undefined; } & SystemProps<Theme> & Omit<...>'.
    200 |       {/* Summary Cards */}
    201 |       <Grid container spacing={3} sx={{ mb: 4 }}>
  > 202 |         <Grid item xs={12} sm={6} md={3}>
        |         ^^^^^^^^^^^^^^^^^^^^^^^^^^^^^^^^^
    203 |           <Card sx={{ background: 'linear-gradient(135deg, #667eea 0%, #764ba2 100%)', color: 'white' }}>
    204 |             <CardContent>
    205 |               <Box sx={{ display: 'flex', alignItems: 'center', mb: 1 }}>

ERROR in src/components/LenderDashboard.tsx:216:9
TS2769: No overload matches this call.
  Overload 1 of 2, '(props: { component: ElementType<any, keyof IntrinsicElements>; } & GridBaseProps & { sx?: SxProps<Theme> | undefined; } & SystemProps<...> & Omit<...>): Element | null', gave the following error.
    Property 'component' is missing in type '{ children: Element; item: true; xs: number; sm: number; md: number; }' but required in type '{ component: ElementType<any, keyof IntrinsicElements>; }'.
  Overload 2 of 2, '(props: DefaultComponentProps<GridTypeMap<{}, "div">>): Element | null', gave the following error.
    Type '{ children: Element; item: true; xs: number; sm: number; md: number; }' is not assignable to type 'IntrinsicAttributes & GridBaseProps & { sx?: SxProps<Theme> | undefined; } & SystemProps<Theme> & Omit<...>'.
      Property 'item' does not exist on type 'IntrinsicAttributes & GridBaseProps & { sx?: SxProps<Theme> | undefined; } & SystemProps<Theme> & Omit<...>'.
    214 |         </Grid>
    215 |
  > 216 |         <Grid item xs={12} sm={6} md={3}>
        |         ^^^^^^^^^^^^^^^^^^^^^^^^^^^^^^^^^
    217 |           <Card sx={{ background: 'linear-gradient(135deg, #f093fb 0%, #f5576c 100%)', color: 'white' }}>
    218 |             <CardContent>
    219 |               <Box sx={{ display: 'flex', alignItems: 'center', mb: 1 }}>

ERROR in src/components/LenderDashboard.tsx:230:9
TS2769: No overload matches this call.
  Overload 1 of 2, '(props: { component: ElementType<any, keyof IntrinsicElements>; } & GridBaseProps & { sx?: SxProps<Theme> | undefined; } & SystemProps<...> & Omit<...>): Element | null', gave the following error.
    Property 'component' is missing in type '{ children: Element; item: true; xs: number; sm: number; md: number; }' but required in type '{ component: ElementType<any, keyof IntrinsicElements>; }'.
  Overload 2 of 2, '(props: DefaultComponentProps<GridTypeMap<{}, "div">>): Element | null', gave the following error.
    Type '{ children: Element; item: true; xs: number; sm: number; md: number; }' is not assignable to type 'IntrinsicAttributes & GridBaseProps & { sx?: SxProps<Theme> | undefined; } & SystemProps<Theme> & Omit<...>'.
      Property 'item' does not exist on type 'IntrinsicAttributes & GridBaseProps & { sx?: SxProps<Theme> | undefined; } & SystemProps<Theme> & Omit<...>'.
    228 |         </Grid>
    229 |
  > 230 |         <Grid item xs={12} sm={6} md={3}>
        |         ^^^^^^^^^^^^^^^^^^^^^^^^^^^^^^^^^
    231 |           <Card sx={{ background: 'linear-gradient(135deg, #4facfe 0%, #00f2fe 100%)', color: 'white' }}>
    232 |             <CardContent>
    233 |               <Box sx={{ display: 'flex', alignItems: 'center', mb: 1 }}>

ERROR in src/components/LenderDashboard.tsx:247:9
TS2769: No overload matches this call.
  Overload 1 of 2, '(props: { component: ElementType<any, keyof IntrinsicElements>; } & GridBaseProps & { sx?: SxProps<Theme> | undefined; } & SystemProps<...> & Omit<...>): Element | null', gave the following error.
    Property 'component' is missing in type '{ children: Element; item: true; xs: number; sm: number; md: number; }' but required in type '{ component: ElementType<any, keyof IntrinsicElements>; }'.
  Overload 2 of 2, '(props: DefaultComponentProps<GridTypeMap<{}, "div">>): Element | null', gave the following error.
    Type '{ children: Element; item: true; xs: number; sm: number; md: number; }' is not assignable to type 'IntrinsicAttributes & GridBaseProps & { sx?: SxProps<Theme> | undefined; } & SystemProps<Theme> & Omit<...>'.
      Property 'item' does not exist on type 'IntrinsicAttributes & GridBaseProps & { sx?: SxProps<Theme> | undefined; } & SystemProps<Theme> & Omit<...>'.
    245 |         </Grid>
    246 |
  > 247 |         <Grid item xs={12} sm={6} md={3}>
        |         ^^^^^^^^^^^^^^^^^^^^^^^^^^^^^^^^^
    248 |           <Card sx={{ background: 'linear-gradient(135deg, #fa709a 0%, #fee140 100%)', color: 'white' }}>
    249 |             <CardContent>
    250 |               <Box sx={{ display: 'flex', alignItems: 'center', mb: 1 }}>

ERROR in src/components/LenderDashboard.tsx:264:9
TS2769: No overload matches this call.
  Overload 1 of 2, '(props: { component: ElementType<any, keyof IntrinsicElements>; } & GridBaseProps & { sx?: SxProps<Theme> | undefined; } & SystemProps<...> & Omit<...>): Element | null', gave the following error.
    Property 'component' is missing in type '{ children: Element; item: true; xs: number; md: number; }' but required in type '{ component: ElementType<any, keyof IntrinsicElements>; }'.
  Overload 2 of 2, '(props: DefaultComponentProps<GridTypeMap<{}, "div">>): Element | null', gave the following error.
    Type '{ children: Element; item: true; xs: number; md: number; }' is not assignable to type 'IntrinsicAttributes & GridBaseProps & { sx?: SxProps<Theme> | undefined; } & SystemProps<Theme> & Omit<...>'.
      Property 'item' does not exist on type 'IntrinsicAttributes & GridBaseProps & { sx?: SxProps<Theme> | undefined; } & SystemProps<Theme> & Omit<...>'.
    262 |       <Grid container spacing={3}>
    263 |         {/* Collection Trends */}
  > 264 |         <Grid item xs={12} md={8}>
        |         ^^^^^^^^^^^^^^^^^^^^^^^^^^
    265 |           <Paper sx={{ p: 3 }}>
    266 |             <Typography variant="h6" gutterBottom>
    267 |               Monthly Collection Trends

ERROR in src/components/LenderDashboard.tsx:296:9
TS2769: No overload matches this call.
  Overload 1 of 2, '(props: { component: ElementType<any, keyof IntrinsicElements>; } & GridBaseProps & { sx?: SxProps<Theme> | undefined; } & SystemProps<...> & Omit<...>): Element | null', gave the following error.
    Property 'component' is missing in type '{ children: Element; item: true; xs: number; md: number; }' but required in type '{ component: ElementType<any, keyof IntrinsicElements>; }'.
  Overload 2 of 2, '(props: DefaultComponentProps<GridTypeMap<{}, "div">>): Element | null', gave the following error.
    Type '{ children: Element; item: true; xs: number; md: number; }' is not assignable to type 'IntrinsicAttributes & GridBaseProps & { sx?: SxProps<Theme> | undefined; } & SystemProps<Theme> & Omit<...>'.
      Property 'item' does not exist on type 'IntrinsicAttributes & GridBaseProps & { sx?: SxProps<Theme> | undefined; } & SystemProps<Theme> & Omit<...>'.
    294 |
    295 |         {/* Collection Progress */}
  > 296 |         <Grid item xs={12} md={4}>
        |         ^^^^^^^^^^^^^^^^^^^^^^^^^^
    297 |           <Paper sx={{ p: 3 }}>
    298 |             <Typography variant="h6" gutterBottom>
    299 |               This Month's Progress

ERROR in src/components/LenderDashboard.tsx:331:9
TS2769: No overload matches this call.
  Overload 1 of 2, '(props: { component: ElementType<any, keyof IntrinsicElements>; } & GridBaseProps & { sx?: SxProps<Theme> | undefined; } & SystemProps<...> & Omit<...>): Element | null', gave the following error.
    Property 'component' is missing in type '{ children: Element; item: true; xs: number; md: number; }' but required in type '{ component: ElementType<any, keyof IntrinsicElements>; }'.
  Overload 2 of 2, '(props: DefaultComponentProps<GridTypeMap<{}, "div">>): Element | null', gave the following error.
    Type '{ children: Element; item: true; xs: number; md: number; }' is not assignable to type 'IntrinsicAttributes & GridBaseProps & { sx?: SxProps<Theme> | undefined; } & SystemProps<Theme> & Omit<...>'.
      Property 'item' does not exist on type 'IntrinsicAttributes & GridBaseProps & { sx?: SxProps<Theme> | undefined; } & SystemProps<Theme> & Omit<...>'.
    329 |
    330 |         {/* Borrower-wise Collections */}
  > 331 |         <Grid item xs={12} md={8}>
        |         ^^^^^^^^^^^^^^^^^^^^^^^^^^
    332 |           <Paper sx={{ p: 3 }}>
    333 |             <Typography variant="h6" gutterBottom>
    334 |               Borrower-wise Collection Status

ERROR in src/components/LenderDashboard.tsx:351:9
TS2769: No overload matches this call.
  Overload 1 of 2, '(props: { component: ElementType<any, keyof IntrinsicElements>; } & GridBaseProps & { sx?: SxProps<Theme> | undefined; } & SystemProps<...> & Omit<...>): Element | null', gave the following error.
    Property 'component' is missing in type '{ children: Element; item: true; xs: number; md: number; }' but required in type '{ component: ElementType<any, keyof IntrinsicElements>; }'.
  Overload 2 of 2, '(props: DefaultComponentProps<GridTypeMap<{}, "div">>): Element | null', gave the following error.
    Type '{ children: Element; item: true; xs: number; md: number; }' is not assignable to type 'IntrinsicAttributes & GridBaseProps & { sx?: SxProps<Theme> | undefined; } & SystemProps<Theme> & Omit<...>'.
      Property 'item' does not exist on type 'IntrinsicAttributes & GridBaseProps & { sx?: SxProps<Theme> | undefined; } & SystemProps<Theme> & Omit<...>'.
    349 |
    350 |         {/* Upcoming Payments */}
  > 351 |         <Grid item xs={12} md={4}>
        |         ^^^^^^^^^^^^^^^^^^^^^^^^^^
    352 |           <Paper sx={{ p: 3 }}>
    353 |             <Typography variant="h6" gutterBottom>
    354 |               Upcoming EMI Payments

ERROR in src/components/LenderDashboard.tsx:394:9
TS2769: No overload matches this call.
  Overload 1 of 2, '(props: { component: ElementType<any, keyof IntrinsicElements>; } & GridBaseProps & { sx?: SxProps<Theme> | undefined; } & SystemProps<...> & Omit<...>): Element | null', gave the following error.
    Property 'component' is missing in type '{ children: Element; item: true; xs: number; }' but required in type '{ component: ElementType<any, keyof IntrinsicElements>; }'.
  Overload 2 of 2, '(props: DefaultComponentProps<GridTypeMap<{}, "div">>): Element | null', gave the following error.
    Type '{ children: Element; item: true; xs: number; }' is not assignable to type 'IntrinsicAttributes & GridBaseProps & { sx?: SxProps<Theme> | undefined; } & SystemProps<Theme> & Omit<...>'.
      Property 'item' does not exist on type 'IntrinsicAttributes & GridBaseProps & { sx?: SxProps<Theme> | undefined; } & SystemProps<Theme> & Omit<...>'.
    392 |
    393 |         {/* Borrower Portfolio */}
  > 394 |         <Grid item xs={12}>
        |         ^^^^^^^^^^^^^^^^^^^
    395 |           <Paper sx={{ p: 3 }}>
    396 |             <Typography variant="h6" gutterBottom>
    397 |               Borrower Portfolio

ERROR in src/components/LoanManagement.tsx:81:11
TS2739: Type '{ id: number; borrowerId: number; lenderId: number; principalAmount: number; interestRate: number; loanTermMonths: number; emiAmount: number; emiCollectionPercentage: number; emiDueDate: number; ... 6 more ...; remainingAmount: number; }' is missing the following properties from type 'Loan': loanAmount, tenureMonths, monthlyEmiAmount, nextEmiDate, outstandingAmount
     79 |         // Demo data
     80 |         const demoLoans: Loan[] = [
  >  81 |           {
        |           ^
  >  82 |             id: 1,
        | ^^^^^^^^^^^^^^^^^^
  >  83 |             borrowerId: 1,
        | ^^^^^^^^^^^^^^^^^^
  >  84 |             lenderId: 2,
        | ^^^^^^^^^^^^^^^^^^
  >  85 |             principalAmount: 500000,
        | ^^^^^^^^^^^^^^^^^^
  >  86 |             interestRate: 12,
        | ^^^^^^^^^^^^^^^^^^
  >  87 |             loanTermMonths: 24,
        | ^^^^^^^^^^^^^^^^^^
  >  88 |             emiAmount: 23538,
        | ^^^^^^^^^^^^^^^^^^
  >  89 |             emiCollectionPercentage: 5,
        | ^^^^^^^^^^^^^^^^^^
  >  90 |             emiDueDate: 15,
        | ^^^^^^^^^^^^^^^^^^
  >  91 |             startDate: '2023-12-01',
        | ^^^^^^^^^^^^^^^^^^
  >  92 |             endDate: '2025-12-01',
        | ^^^^^^^^^^^^^^^^^^
  >  93 |             status: 'ACTIVE',
        | ^^^^^^^^^^^^^^^^^^
  >  94 |             borrowerName: 'John Smith',
        | ^^^^^^^^^^^^^^^^^^
  >  95 |             lenderName: 'Jane Doe',
        | ^^^^^^^^^^^^^^^^^^
  >  96 |             collectedAmount: 15000,
        | ^^^^^^^^^^^^^^^^^^
  >  97 |             remainingAmount: 8538,
        | ^^^^^^^^^^^^^^^^^^
  >  98 |           },
        | ^^^^^^^^^^^^
     99 |           {
    100 |             id: 2,
    101 |             borrowerId: 3,

ERROR in src/components/LoanManagement.tsx:99:11
TS2739: Type '{ id: number; borrowerId: number; lenderId: number; principalAmount: number; interestRate: number; loanTermMonths: number; emiAmount: number; emiCollectionPercentage: number; emiDueDate: number; ... 6 more ...; remainingAmount: number; }' is missing the following properties from type 'Loan': loanAmount, tenureMonths, monthlyEmiAmount, nextEmiDate, outstandingAmount
     97 |             remainingAmount: 8538,
     98 |           },
  >  99 |           {
        |           ^
  > 100 |             id: 2,
        | ^^^^^^^^^^^^^^^^^^
  > 101 |             borrowerId: 3,
        | ^^^^^^^^^^^^^^^^^^
  > 102 |             lenderId: 2,
        | ^^^^^^^^^^^^^^^^^^
  > 103 |             principalAmount: 250000,
        | ^^^^^^^^^^^^^^^^^^
  > 104 |             interestRate: 10,
        | ^^^^^^^^^^^^^^^^^^
  > 105 |             loanTermMonths: 18,
        | ^^^^^^^^^^^^^^^^^^
  > 106 |             emiAmount: 15234,
        | ^^^^^^^^^^^^^^^^^^
  > 107 |             emiCollectionPercentage: 4,
        | ^^^^^^^^^^^^^^^^^^
  > 108 |             emiDueDate: 20,
        | ^^^^^^^^^^^^^^^^^^
  > 109 |             startDate: '2024-01-01',
        | ^^^^^^^^^^^^^^^^^^
  > 110 |             endDate: '2025-07-01',
        | ^^^^^^^^^^^^^^^^^^
  > 111 |             status: 'ACTIVE',
        | ^^^^^^^^^^^^^^^^^^
  > 112 |             borrowerName: 'Ram Kumar',
        | ^^^^^^^^^^^^^^^^^^
  > 113 |             lenderName: 'Jane Doe',
        | ^^^^^^^^^^^^^^^^^^
  > 114 |             collectedAmount: 8000,
        | ^^^^^^^^^^^^^^^^^^
  > 115 |             remainingAmount: 7234,
        | ^^^^^^^^^^^^^^^^^^
  > 116 |           },
        | ^^^^^^^^^^^^
    117 |         ];
    118 |
    119 |         const demoUsers: User[] = [

ERROR in src/components/LoanManagement.tsx:289:23
TS18048: 'loan.principalAmount' is possibly 'undefined'.
    287 |                   </TableCell>
    288 |                   <TableCell align="right">
  > 289 |                     ₹{loan.principalAmount.toLocaleString()}
        |                       ^^^^^^^^^^^^^^^^^^^^
    290 |                   </TableCell>
    291 |                   <TableCell align="right">{loan.interestRate}%</TableCell>
    292 |                   <TableCell align="right">

ERROR in src/components/LoanManagement.tsx:293:23
TS18048: 'loan.emiAmount' is possibly 'undefined'.
    291 |                   <TableCell align="right">{loan.interestRate}%</TableCell>
    292 |                   <TableCell align="right">
  > 293 |                     ₹{loan.emiAmount.toLocaleString()}
        |                       ^^^^^^^^^^^^^^
    294 |                   </TableCell>
    295 |                   <TableCell align="center">{loan.loanTermMonths}</TableCell>
    296 |                   <TableCell align="center">{loan.emiCollectionPercentage}%</TableCell>

ERROR in src/components/LoanManagement.tsx:330:13
TS2769: No overload matches this call.
  Overload 1 of 2, '(props: { component: ElementType<any, keyof IntrinsicElements>; } & GridBaseProps & { sx?: SxProps<Theme> | undefined; } & SystemProps<...> & Omit<...>): Element | null', gave the following error.
    Property 'component' is missing in type '{ children: Element; item: true; xs: number; md: number; }' but required in type '{ component: ElementType<any, keyof IntrinsicElements>; }'.
  Overload 2 of 2, '(props: DefaultComponentProps<GridTypeMap<{}, "div">>): Element | null', gave the following error.
    Type '{ children: Element; item: true; xs: number; md: number; }' is not assignable to type 'IntrinsicAttributes & GridBaseProps & { sx?: SxProps<Theme> | undefined; } & SystemProps<Theme> & Omit<...>'.
      Property 'item' does not exist on type 'IntrinsicAttributes & GridBaseProps & { sx?: SxProps<Theme> | undefined; } & SystemProps<Theme> & Omit<...>'.
    328 |         <DialogContent>
    329 |           <Grid container spacing={2} sx={{ mt: 1 }}>
  > 330 |             <Grid item xs={12} md={6}>
        |             ^^^^^^^^^^^^^^^^^^^^^^^^^^
    331 |               <Autocomplete
    332 |                 options={getAvailableUsers()}
    333 |                 getOptionLabel={(option) => option.fullName}

ERROR in src/components/LoanManagement.tsx:364:13
TS2769: No overload matches this call.
  Overload 1 of 2, '(props: { component: ElementType<any, keyof IntrinsicElements>; } & GridBaseProps & { sx?: SxProps<Theme> | undefined; } & SystemProps<...> & Omit<...>): Element | null', gave the following error.
    Property 'component' is missing in type '{ children: Element; item: true; xs: number; md: number; }' but required in type '{ component: ElementType<any, keyof IntrinsicElements>; }'.
  Overload 2 of 2, '(props: DefaultComponentProps<GridTypeMap<{}, "div">>): Element | null', gave the following error.
    Type '{ children: Element; item: true; xs: number; md: number; }' is not assignable to type 'IntrinsicAttributes & GridBaseProps & { sx?: SxProps<Theme> | undefined; } & SystemProps<Theme> & Omit<...>'.
      Property 'item' does not exist on type 'IntrinsicAttributes & GridBaseProps & { sx?: SxProps<Theme> | undefined; } & SystemProps<Theme> & Omit<...>'.
    362 |             </Grid>
    363 |
  > 364 |             <Grid item xs={12} md={6}>
        |             ^^^^^^^^^^^^^^^^^^^^^^^^^^
    365 |               <TextField
    366 |                 label="Principal Amount"
    367 |                 type="number"

ERROR in src/components/LoanManagement.tsx:381:13
TS2769: No overload matches this call.
  Overload 1 of 2, '(props: { component: ElementType<any, keyof IntrinsicElements>; } & GridBaseProps & { sx?: SxProps<Theme> | undefined; } & SystemProps<...> & Omit<...>): Element | null', gave the following error.
    Property 'component' is missing in type '{ children: Element; item: true; xs: number; md: number; }' but required in type '{ component: ElementType<any, keyof IntrinsicElements>; }'.
  Overload 2 of 2, '(props: DefaultComponentProps<GridTypeMap<{}, "div">>): Element | null', gave the following error.
    Type '{ children: Element; item: true; xs: number; md: number; }' is not assignable to type 'IntrinsicAttributes & GridBaseProps & { sx?: SxProps<Theme> | undefined; } & SystemProps<Theme> & Omit<...>'.
      Property 'item' does not exist on type 'IntrinsicAttributes & GridBaseProps & { sx?: SxProps<Theme> | undefined; } & SystemProps<Theme> & Omit<...>'.
    379 |             </Grid>
    380 |
  > 381 |             <Grid item xs={12} md={6}>
        |             ^^^^^^^^^^^^^^^^^^^^^^^^^^
    382 |               <TextField
    383 |                 label="Interest Rate (%)"
    384 |                 type="number"

ERROR in src/components/LoanManagement.tsx:398:13
TS2769: No overload matches this call.
  Overload 1 of 2, '(props: { component: ElementType<any, keyof IntrinsicElements>; } & GridBaseProps & { sx?: SxProps<Theme> | undefined; } & SystemProps<...> & Omit<...>): Element | null', gave the following error.
    Property 'component' is missing in type '{ children: Element; item: true; xs: number; md: number; }' but required in type '{ component: ElementType<any, keyof IntrinsicElements>; }'.
  Overload 2 of 2, '(props: DefaultComponentProps<GridTypeMap<{}, "div">>): Element | null', gave the following error.
    Type '{ children: Element; item: true; xs: number; md: number; }' is not assignable to type 'IntrinsicAttributes & GridBaseProps & { sx?: SxProps<Theme> | undefined; } & SystemProps<Theme> & Omit<...>'.
      Property 'item' does not exist on type 'IntrinsicAttributes & GridBaseProps & { sx?: SxProps<Theme> | undefined; } & SystemProps<Theme> & Omit<...>'.
    396 |             </Grid>
    397 |
  > 398 |             <Grid item xs={12} md={6}>
        |             ^^^^^^^^^^^^^^^^^^^^^^^^^^
    399 |               <TextField
    400 |                 label="Loan Term (Months)"
    401 |                 type="number"

ERROR in src/components/LoanManagement.tsx:412:13
TS2769: No overload matches this call.
  Overload 1 of 2, '(props: { component: ElementType<any, keyof IntrinsicElements>; } & GridBaseProps & { sx?: SxProps<Theme> | undefined; } & SystemProps<...> & Omit<...>): Element | null', gave the following error.
    Property 'component' is missing in type '{ children: Element; item: true; xs: number; md: number; }' but required in type '{ component: ElementType<any, keyof IntrinsicElements>; }'.
  Overload 2 of 2, '(props: DefaultComponentProps<GridTypeMap<{}, "div">>): Element | null', gave the following error.
    Type '{ children: Element; item: true; xs: number; md: number; }' is not assignable to type 'IntrinsicAttributes & GridBaseProps & { sx?: SxProps<Theme> | undefined; } & SystemProps<Theme> & Omit<...>'.
      Property 'item' does not exist on type 'IntrinsicAttributes & GridBaseProps & { sx?: SxProps<Theme> | undefined; } & SystemProps<Theme> & Omit<...>'.
    410 |             </Grid>
    411 |
  > 412 |             <Grid item xs={12} md={6}>
        |             ^^^^^^^^^^^^^^^^^^^^^^^^^^
    413 |               <TextField
    414 |                 label="EMI Collection Percentage"
    415 |                 type="number"

ERROR in src/components/LoanManagement.tsx:430:13
TS2769: No overload matches this call.
  Overload 1 of 2, '(props: { component: ElementType<any, keyof IntrinsicElements>; } & GridBaseProps & { sx?: SxProps<Theme> | undefined; } & SystemProps<...> & Omit<...>): Element | null', gave the following error.
    Property 'component' is missing in type '{ children: Element; item: true; xs: number; md: number; }' but required in type '{ component: ElementType<any, keyof IntrinsicElements>; }'.
  Overload 2 of 2, '(props: DefaultComponentProps<GridTypeMap<{}, "div">>): Element | null', gave the following error.
    Type '{ children: Element; item: true; xs: number; md: number; }' is not assignable to type 'IntrinsicAttributes & GridBaseProps & { sx?: SxProps<Theme> | undefined; } & SystemProps<Theme> & Omit<...>'.
      Property 'item' does not exist on type 'IntrinsicAttributes & GridBaseProps & { sx?: SxProps<Theme> | undefined; } & SystemProps<Theme> & Omit<...>'.
    428 |             </Grid>
    429 |
  > 430 |             <Grid item xs={12} md={6}>
        |             ^^^^^^^^^^^^^^^^^^^^^^^^^^
    431 |               <TextField
    432 |                 label="EMI Due Date"
    433 |                 type="number"

ERROR in src/components/LoanManagement.tsx:447:15
TS2769: No overload matches this call.
  Overload 1 of 2, '(props: { component: ElementType<any, keyof IntrinsicElements>; } & GridBaseProps & { sx?: SxProps<Theme> | undefined; } & SystemProps<...> & Omit<...>): Element | null', gave the following error.
    Property 'component' is missing in type '{ children: Element; item: true; xs: number; }' but required in type '{ component: ElementType<any, keyof IntrinsicElements>; }'.
  Overload 2 of 2, '(props: DefaultComponentProps<GridTypeMap<{}, "div">>): Element | null', gave the following error.
    Type '{ children: Element; item: true; xs: number; }' is not assignable to type 'IntrinsicAttributes & GridBaseProps & { sx?: SxProps<Theme> | undefined; } & SystemProps<Theme> & Omit<...>'.
      Property 'item' does not exist on type 'IntrinsicAttributes & GridBaseProps & { sx?: SxProps<Theme> | undefined; } & SystemProps<Theme> & Omit<...>'.
    445 |
    446 |             {newLoan.principalAmount > 0 && newLoan.interestRate > 0 && newLoan.loanTermMonths > 0 && (
  > 447 |               <Grid item xs={12}>
        |               ^^^^^^^^^^^^^^^^^^^
    448 |                 <Alert severity="info">
    449 |                   <Typography variant="body2">
    450 |                     <strong>Calculated EMI: ₹{calculateEMI(

Compiling...
Failed to compile.

[eslint] 
src/components/LoanManagement.tsx
Syntax error: Expected corresponding JSX closing tag for 'Box' (457:16)
WARNING in [eslint] 
src/components/TransactionForm.tsx
  Line 13:3:   'Card' is defined but never used                                                                              @typescript-eslint/no-unused-vars
  Line 14:3:   'CardContent' is defined but never used                                                                       @typescript-eslint/no-unused-vars
  Line 30:3:   'AccountBalance' is defined but never used                                                                    @typescript-eslint/no-unused-vars
  Line 31:3:   'TrendingUp' is defined but never used                                                                        @typescript-eslint/no-unused-vars
  Line 111:6:  React Hook useEffect has a missing dependency: 'fetchData'. Either include it or remove the dependency array  react-hooks/exhaustive-deps

ERROR in ./src/components/LoanManagement.tsx
Module build failed (from ./node_modules/babel-loader/lib/index.js):
SyntaxError: /workspace/kishti-app/frontend/src/components/LoanManagement.tsx: Expected corresponding JSX closing tag for <Box>. (457:14)

  455 |                   </Typography>
  456 |                 </Alert>
> 457 |               </Grid>
      |               ^
  458 |             )}
  459 |           </Grid>
  460 |         </DialogContent>
    at constructor (/workspace/kishti-app/frontend/node_modules/@babel/parser/lib/index.js:367:19)
    at TypeScriptParserMixin.raise (/workspace/kishti-app/frontend/node_modules/@babel/parser/lib/index.js:6627:19)
    at TypeScriptParserMixin.jsxParseElementAt (/workspace/kishti-app/frontend/node_modules/@babel/parser/lib/index.js:4757:16)
    at TypeScriptParserMixin.jsxParseElement (/workspace/kishti-app/frontend/node_modules/@babel/parser/lib/index.js:4779:17)
    at TypeScriptParserMixin.parseExprAtom (/workspace/kishti-app/frontend/node_modules/@babel/parser/lib/index.js:4789:19)
    at TypeScriptParserMixin.parseExprSubscripts (/workspace/kishti-app/frontend/node_modules/@babel/parser/lib/index.js:11076:23)
    at TypeScriptParserMixin.parseUpdate (/workspace/kishti-app/frontend/node_modules/@babel/parser/lib/index.js:11061:21)
    at TypeScriptParserMixin.parseMaybeUnary (/workspace/kishti-app/frontend/node_modules/@babel/parser/lib/index.js:11041:23)
    at TypeScriptParserMixin.parseMaybeUnary (/workspace/kishti-app/frontend/node_modules/@babel/parser/lib/index.js:9852:18)
    at TypeScriptParserMixin.parseMaybeUnaryOrPrivate (/workspace/kishti-app/frontend/node_modules/@babel/parser/lib/index.js:10894:61)
    at TypeScriptParserMixin.parseExprOps (/workspace/kishti-app/frontend/node_modules/@babel/parser/lib/index.js:10899:23)
    at TypeScriptParserMixin.parseMaybeConditional (/workspace/kishti-app/frontend/node_modules/@babel/parser/lib/index.js:10876:23)
    at TypeScriptParserMixin.parseMaybeAssign (/workspace/kishti-app/frontend/node_modules/@babel/parser/lib/index.js:10826:21)
    at /workspace/kishti-app/frontend/node_modules/@babel/parser/lib/index.js:9790:39
    at TypeScriptParserMixin.tryParse (/workspace/kishti-app/frontend/node_modules/@babel/parser/lib/index.js:6935:20)
    at TypeScriptParserMixin.parseMaybeAssign (/workspace/kishti-app/frontend/node_modules/@babel/parser/lib/index.js:9790:18)
    at /workspace/kishti-app/frontend/node_modules/@babel/parser/lib/index.js:10795:39
    at TypeScriptParserMixin.allowInAnd (/workspace/kishti-app/frontend/node_modules/@babel/parser/lib/index.js:12427:12)
    at TypeScriptParserMixin.parseMaybeAssignAllowIn (/workspace/kishti-app/frontend/node_modules/@babel/parser/lib/index.js:10795:17)
    at TypeScriptParserMixin.parseMaybeAssignAllowInOrVoidPattern (/workspace/kishti-app/frontend/node_modules/@babel/parser/lib/index.js:12494:17)
    at TypeScriptParserMixin.parseParenAndDistinguishExpression (/workspace/kishti-app/frontend/node_modules/@babel/parser/lib/index.js:11674:28)
    at TypeScriptParserMixin.parseExprAtom (/workspace/kishti-app/frontend/node_modules/@babel/parser/lib/index.js:11326:23)
    at TypeScriptParserMixin.parseExprAtom (/workspace/kishti-app/frontend/node_modules/@babel/parser/lib/index.js:4794:20)
    at TypeScriptParserMixin.parseExprSubscripts (/workspace/kishti-app/frontend/node_modules/@babel/parser/lib/index.js:11076:23)
    at TypeScriptParserMixin.parseUpdate (/workspace/kishti-app/frontend/node_modules/@babel/parser/lib/index.js:11061:21)
    at TypeScriptParserMixin.parseMaybeUnary (/workspace/kishti-app/frontend/node_modules/@babel/parser/lib/index.js:11041:23)
    at TypeScriptParserMixin.parseMaybeUnary (/workspace/kishti-app/frontend/node_modules/@babel/parser/lib/index.js:9852:18)
    at TypeScriptParserMixin.parseMaybeUnaryOrPrivate (/workspace/kishti-app/frontend/node_modules/@babel/parser/lib/index.js:10894:61)
    at TypeScriptParserMixin.parseExprOpBaseRightExpr (/workspace/kishti-app/frontend/node_modules/@babel/parser/lib/index.js:10981:34)
    at TypeScriptParserMixin.parseExprOpRightExpr (/workspace/kishti-app/frontend/node_modules/@babel/parser/lib/index.js:10976:21)
    at TypeScriptParserMixin.parseExprOp (/workspace/kishti-app/frontend/node_modules/@babel/parser/lib/index.js:10942:27)
    at TypeScriptParserMixin.parseExprOp (/workspace/kishti-app/frontend/node_modules/@babel/parser/lib/index.js:9389:18)
    at TypeScriptParserMixin.parseExprOp (/workspace/kishti-app/frontend/node_modules/@babel/parser/lib/index.js:10948:21)
    at TypeScriptParserMixin.parseExprOp (/workspace/kishti-app/frontend/node_modules/@babel/parser/lib/index.js:9389:18)
    at TypeScriptParserMixin.parseExprOp (/workspace/kishti-app/frontend/node_modules/@babel/parser/lib/index.js:10948:21)
    at TypeScriptParserMixin.parseExprOp (/workspace/kishti-app/frontend/node_modules/@babel/parser/lib/index.js:9389:18)
    at TypeScriptParserMixin.parseExprOp (/workspace/kishti-app/frontend/node_modules/@babel/parser/lib/index.js:10948:21)
    at TypeScriptParserMixin.parseExprOp (/workspace/kishti-app/frontend/node_modules/@babel/parser/lib/index.js:9389:18)
    at TypeScriptParserMixin.parseExprOps (/workspace/kishti-app/frontend/node_modules/@babel/parser/lib/index.js:10903:17)
    at TypeScriptParserMixin.parseMaybeConditional (/workspace/kishti-app/frontend/node_modules/@babel/parser/lib/index.js:10876:23)
    at TypeScriptParserMixin.parseMaybeAssign (/workspace/kishti-app/frontend/node_modules/@babel/parser/lib/index.js:10826:21)
    at TypeScriptParserMixin.parseMaybeAssign (/workspace/kishti-app/frontend/node_modules/@babel/parser/lib/index.js:9801:20)
    at TypeScriptParserMixin.parseExpressionBase (/workspace/kishti-app/frontend/node_modules/@babel/parser/lib/index.js:10779:23)
    at /workspace/kishti-app/frontend/node_modules/@babel/parser/lib/index.js:10775:39
    at TypeScriptParserMixin.allowInAnd (/workspace/kishti-app/frontend/node_modules/@babel/parser/lib/index.js:12427:12)
    at TypeScriptParserMixin.parseExpression (/workspace/kishti-app/frontend/node_modules/@babel/parser/lib/index.js:10775:17)
    at TypeScriptParserMixin.jsxParseExpressionContainer (/workspace/kishti-app/frontend/node_modules/@babel/parser/lib/index.js:4662:31)
    at TypeScriptParserMixin.jsxParseElementAt (/workspace/kishti-app/frontend/node_modules/@babel/parser/lib/index.js:4741:36)
    at TypeScriptParserMixin.jsxParseElementAt (/workspace/kishti-app/frontend/node_modules/@babel/parser/lib/index.js:4728:32)
    at TypeScriptParserMixin.jsxParseElementAt (/workspace/kishti-app/frontend/node_modules/@babel/parser/lib/index.js:4728:32)

ERROR in [eslint] 
src/components/LoanManagement.tsx
  Line 457:16:  Parsing error: Expected corresponding JSX closing tag for 'Box'

webpack compiled with 2 errors and 1 warning
ERROR in src/components/BorrowerDashboard.tsx:173:9
TS2769: No overload matches this call.
  Overload 1 of 2, '(props: { component: ElementType<any, keyof IntrinsicElements>; } & GridBaseProps & { sx?: SxProps<Theme> | undefined; } & SystemProps<...> & Omit<...>): Element | null', gave the following error.
    Property 'component' is missing in type '{ children: Element; item: true; xs: number; sm: number; md: number; }' but required in type '{ component: ElementType<any, keyof IntrinsicElements>; }'.
  Overload 2 of 2, '(props: DefaultComponentProps<GridTypeMap<{}, "div">>): Element | null', gave the following error.
    Type '{ children: Element; item: true; xs: number; sm: number; md: number; }' is not assignable to type 'IntrinsicAttributes & GridBaseProps & { sx?: SxProps<Theme> | undefined; } & SystemProps<Theme> & Omit<...>'.
      Property 'item' does not exist on type 'IntrinsicAttributes & GridBaseProps & { sx?: SxProps<Theme> | undefined; } & SystemProps<Theme> & Omit<...>'.
    171 |       {/* Summary Cards */}
    172 |       <Grid container spacing={3} sx={{ mb: 4 }}>
  > 173 |         <Grid item xs={12} sm={6} md={3}>
        |         ^^^^^^^^^^^^^^^^^^^^^^^^^^^^^^^^^
    174 |           <Card sx={{ background: 'linear-gradient(135deg, #667eea 0%, #764ba2 100%)', color: 'white' }}>
    175 |             <CardContent>
    176 |               <Box sx={{ display: 'flex', alignItems: 'center', mb: 1 }}>

ERROR in src/components/BorrowerDashboard.tsx:187:9
TS2769: No overload matches this call.
  Overload 1 of 2, '(props: { component: ElementType<any, keyof IntrinsicElements>; } & GridBaseProps & { sx?: SxProps<Theme> | undefined; } & SystemProps<...> & Omit<...>): Element | null', gave the following error.
    Property 'component' is missing in type '{ children: Element; item: true; xs: number; sm: number; md: number; }' but required in type '{ component: ElementType<any, keyof IntrinsicElements>; }'.
  Overload 2 of 2, '(props: DefaultComponentProps<GridTypeMap<{}, "div">>): Element | null', gave the following error.
    Type '{ children: Element; item: true; xs: number; sm: number; md: number; }' is not assignable to type 'IntrinsicAttributes & GridBaseProps & { sx?: SxProps<Theme> | undefined; } & SystemProps<Theme> & Omit<...>'.
      Property 'item' does not exist on type 'IntrinsicAttributes & GridBaseProps & { sx?: SxProps<Theme> | undefined; } & SystemProps<Theme> & Omit<...>'.
    185 |         </Grid>
    186 |
  > 187 |         <Grid item xs={12} sm={6} md={3}>
        |         ^^^^^^^^^^^^^^^^^^^^^^^^^^^^^^^^^
    188 |           <Card sx={{ background: 'linear-gradient(135deg, #f093fb 0%, #f5576c 100%)', color: 'white' }}>
    189 |             <CardContent>
    190 |               <Box sx={{ display: 'flex', alignItems: 'center', mb: 1 }}>

ERROR in src/components/BorrowerDashboard.tsx:201:9
TS2769: No overload matches this call.
  Overload 1 of 2, '(props: { component: ElementType<any, keyof IntrinsicElements>; } & GridBaseProps & { sx?: SxProps<Theme> | undefined; } & SystemProps<...> & Omit<...>): Element | null', gave the following error.
    Property 'component' is missing in type '{ children: Element; item: true; xs: number; sm: number; md: number; }' but required in type '{ component: ElementType<any, keyof IntrinsicElements>; }'.
  Overload 2 of 2, '(props: DefaultComponentProps<GridTypeMap<{}, "div">>): Element | null', gave the following error.
    Type '{ children: Element; item: true; xs: number; sm: number; md: number; }' is not assignable to type 'IntrinsicAttributes & GridBaseProps & { sx?: SxProps<Theme> | undefined; } & SystemProps<Theme> & Omit<...>'.
      Property 'item' does not exist on type 'IntrinsicAttributes & GridBaseProps & { sx?: SxProps<Theme> | undefined; } & SystemProps<Theme> & Omit<...>'.
    199 |         </Grid>
    200 |
  > 201 |         <Grid item xs={12} sm={6} md={3}>
        |         ^^^^^^^^^^^^^^^^^^^^^^^^^^^^^^^^^
    202 |           <Card sx={{ background: 'linear-gradient(135deg, #4facfe 0%, #00f2fe 100%)', color: 'white' }}>
    203 |             <CardContent>
    204 |               <Box sx={{ display: 'flex', alignItems: 'center', mb: 1 }}>

ERROR in src/components/BorrowerDashboard.tsx:215:9
TS2769: No overload matches this call.
  Overload 1 of 2, '(props: { component: ElementType<any, keyof IntrinsicElements>; } & GridBaseProps & { sx?: SxProps<Theme> | undefined; } & SystemProps<...> & Omit<...>): Element | null', gave the following error.
    Property 'component' is missing in type '{ children: Element; item: true; xs: number; sm: number; md: number; }' but required in type '{ component: ElementType<any, keyof IntrinsicElements>; }'.
  Overload 2 of 2, '(props: DefaultComponentProps<GridTypeMap<{}, "div">>): Element | null', gave the following error.
    Type '{ children: Element; item: true; xs: number; sm: number; md: number; }' is not assignable to type 'IntrinsicAttributes & GridBaseProps & { sx?: SxProps<Theme> | undefined; } & SystemProps<Theme> & Omit<...>'.
      Property 'item' does not exist on type 'IntrinsicAttributes & GridBaseProps & { sx?: SxProps<Theme> | undefined; } & SystemProps<Theme> & Omit<...>'.
    213 |         </Grid>
    214 |
  > 215 |         <Grid item xs={12} sm={6} md={3}>
        |         ^^^^^^^^^^^^^^^^^^^^^^^^^^^^^^^^^
    216 |           <Card sx={{ background: 'linear-gradient(135deg, #fa709a 0%, #fee140 100%)', color: 'white' }}>
    217 |             <CardContent>
    218 |               <Box sx={{ display: 'flex', alignItems: 'center', mb: 1 }}>

ERROR in src/components/BorrowerDashboard.tsx:232:9
TS2769: No overload matches this call.
  Overload 1 of 2, '(props: { component: ElementType<any, keyof IntrinsicElements>; } & GridBaseProps & { sx?: SxProps<Theme> | undefined; } & SystemProps<...> & Omit<...>): Element | null', gave the following error.
    Property 'component' is missing in type '{ children: Element; item: true; xs: number; md: number; }' but required in type '{ component: ElementType<any, keyof IntrinsicElements>; }'.
  Overload 2 of 2, '(props: DefaultComponentProps<GridTypeMap<{}, "div">>): Element | null', gave the following error.
    Type '{ children: Element; item: true; xs: number; md: number; }' is not assignable to type 'IntrinsicAttributes & GridBaseProps & { sx?: SxProps<Theme> | undefined; } & SystemProps<Theme> & Omit<...>'.
      Property 'item' does not exist on type 'IntrinsicAttributes & GridBaseProps & { sx?: SxProps<Theme> | undefined; } & SystemProps<Theme> & Omit<...>'.
    230 |       <Grid container spacing={3}>
    231 |         {/* EMI Collection Progress */}
  > 232 |         <Grid item xs={12} md={6}>
        |         ^^^^^^^^^^^^^^^^^^^^^^^^^^
    233 |           <Paper sx={{ p: 3 }}>
    234 |             <Typography variant="h6" gutterBottom>
    235 |               This Month's EMI Collection Progress

ERROR in src/components/BorrowerDashboard.tsx:279:9
TS2769: No overload matches this call.
  Overload 1 of 2, '(props: { component: ElementType<any, keyof IntrinsicElements>; } & GridBaseProps & { sx?: SxProps<Theme> | undefined; } & SystemProps<...> & Omit<...>): Element | null', gave the following error.
    Property 'component' is missing in type '{ children: Element; item: true; xs: number; md: number; }' but required in type '{ component: ElementType<any, keyof IntrinsicElements>; }'.
  Overload 2 of 2, '(props: DefaultComponentProps<GridTypeMap<{}, "div">>): Element | null', gave the following error.
    Type '{ children: Element; item: true; xs: number; md: number; }' is not assignable to type 'IntrinsicAttributes & GridBaseProps & { sx?: SxProps<Theme> | undefined; } & SystemProps<Theme> & Omit<...>'.
      Property 'item' does not exist on type 'IntrinsicAttributes & GridBaseProps & { sx?: SxProps<Theme> | undefined; } & SystemProps<Theme> & Omit<...>'.
    277 |
    278 |         {/* Loan-wise Collection */}
  > 279 |         <Grid item xs={12} md={6}>
        |         ^^^^^^^^^^^^^^^^^^^^^^^^^^
    280 |           <Paper sx={{ p: 3 }}>
    281 |             <Typography variant="h6" gutterBottom>
    282 |               Loan-wise Collection Status

ERROR in src/components/BorrowerDashboard.tsx:299:9
TS2769: No overload matches this call.
  Overload 1 of 2, '(props: { component: ElementType<any, keyof IntrinsicElements>; } & GridBaseProps & { sx?: SxProps<Theme> | undefined; } & SystemProps<...> & Omit<...>): Element | null', gave the following error.
    Property 'component' is missing in type '{ children: Element; item: true; xs: number; md: number; }' but required in type '{ component: ElementType<any, keyof IntrinsicElements>; }'.
  Overload 2 of 2, '(props: DefaultComponentProps<GridTypeMap<{}, "div">>): Element | null', gave the following error.
    Type '{ children: Element; item: true; xs: number; md: number; }' is not assignable to type 'IntrinsicAttributes & GridBaseProps & { sx?: SxProps<Theme> | undefined; } & SystemProps<Theme> & Omit<...>'.
      Property 'item' does not exist on type 'IntrinsicAttributes & GridBaseProps & { sx?: SxProps<Theme> | undefined; } & SystemProps<Theme> & Omit<...>'.
    297 |
    298 |         {/* Loan Summaries */}
  > 299 |         <Grid item xs={12} md={8}>
        |         ^^^^^^^^^^^^^^^^^^^^^^^^^^
    300 |           <Paper sx={{ p: 3 }}>
    301 |             <Typography variant="h6" gutterBottom>
    302 |               Active Loans Summary

ERROR in src/components/BorrowerDashboard.tsx:356:9
TS2769: No overload matches this call.
  Overload 1 of 2, '(props: { component: ElementType<any, keyof IntrinsicElements>; } & GridBaseProps & { sx?: SxProps<Theme> | undefined; } & SystemProps<...> & Omit<...>): Element | null', gave the following error.
    Property 'component' is missing in type '{ children: Element; item: true; xs: number; md: number; }' but required in type '{ component: ElementType<any, keyof IntrinsicElements>; }'.
  Overload 2 of 2, '(props: DefaultComponentProps<GridTypeMap<{}, "div">>): Element | null', gave the following error.
    Type '{ children: Element; item: true; xs: number; md: number; }' is not assignable to type 'IntrinsicAttributes & GridBaseProps & { sx?: SxProps<Theme> | undefined; } & SystemProps<Theme> & Omit<...>'.
      Property 'item' does not exist on type 'IntrinsicAttributes & GridBaseProps & { sx?: SxProps<Theme> | undefined; } & SystemProps<Theme> & Omit<...>'.
    354 |
    355 |         {/* Recent Transactions */}
  > 356 |         <Grid item xs={12} md={4}>
        |         ^^^^^^^^^^^^^^^^^^^^^^^^^^
    357 |           <Paper sx={{ p: 3 }}>
    358 |             <Typography variant="h6" gutterBottom>
    359 |               Recent Transactions

ERROR in src/components/LenderDashboard.tsx:202:9
TS2769: No overload matches this call.
  Overload 1 of 2, '(props: { component: ElementType<any, keyof IntrinsicElements>; } & GridBaseProps & { sx?: SxProps<Theme> | undefined; } & SystemProps<...> & Omit<...>): Element | null', gave the following error.
    Property 'component' is missing in type '{ children: Element; item: true; xs: number; sm: number; md: number; }' but required in type '{ component: ElementType<any, keyof IntrinsicElements>; }'.
  Overload 2 of 2, '(props: DefaultComponentProps<GridTypeMap<{}, "div">>): Element | null', gave the following error.
    Type '{ children: Element; item: true; xs: number; sm: number; md: number; }' is not assignable to type 'IntrinsicAttributes & GridBaseProps & { sx?: SxProps<Theme> | undefined; } & SystemProps<Theme> & Omit<...>'.
      Property 'item' does not exist on type 'IntrinsicAttributes & GridBaseProps & { sx?: SxProps<Theme> | undefined; } & SystemProps<Theme> & Omit<...>'.
    200 |       {/* Summary Cards */}
    201 |       <Grid container spacing={3} sx={{ mb: 4 }}>
  > 202 |         <Grid item xs={12} sm={6} md={3}>
        |         ^^^^^^^^^^^^^^^^^^^^^^^^^^^^^^^^^
    203 |           <Card sx={{ background: 'linear-gradient(135deg, #667eea 0%, #764ba2 100%)', color: 'white' }}>
    204 |             <CardContent>
    205 |               <Box sx={{ display: 'flex', alignItems: 'center', mb: 1 }}>

ERROR in src/components/LenderDashboard.tsx:216:9
TS2769: No overload matches this call.
  Overload 1 of 2, '(props: { component: ElementType<any, keyof IntrinsicElements>; } & GridBaseProps & { sx?: SxProps<Theme> | undefined; } & SystemProps<...> & Omit<...>): Element | null', gave the following error.
    Property 'component' is missing in type '{ children: Element; item: true; xs: number; sm: number; md: number; }' but required in type '{ component: ElementType<any, keyof IntrinsicElements>; }'.
  Overload 2 of 2, '(props: DefaultComponentProps<GridTypeMap<{}, "div">>): Element | null', gave the following error.
    Type '{ children: Element; item: true; xs: number; sm: number; md: number; }' is not assignable to type 'IntrinsicAttributes & GridBaseProps & { sx?: SxProps<Theme> | undefined; } & SystemProps<Theme> & Omit<...>'.
      Property 'item' does not exist on type 'IntrinsicAttributes & GridBaseProps & { sx?: SxProps<Theme> | undefined; } & SystemProps<Theme> & Omit<...>'.
    214 |         </Grid>
    215 |
  > 216 |         <Grid item xs={12} sm={6} md={3}>
        |         ^^^^^^^^^^^^^^^^^^^^^^^^^^^^^^^^^
    217 |           <Card sx={{ background: 'linear-gradient(135deg, #f093fb 0%, #f5576c 100%)', color: 'white' }}>
    218 |             <CardContent>
    219 |               <Box sx={{ display: 'flex', alignItems: 'center', mb: 1 }}>

ERROR in src/components/LenderDashboard.tsx:230:9
TS2769: No overload matches this call.
  Overload 1 of 2, '(props: { component: ElementType<any, keyof IntrinsicElements>; } & GridBaseProps & { sx?: SxProps<Theme> | undefined; } & SystemProps<...> & Omit<...>): Element | null', gave the following error.
    Property 'component' is missing in type '{ children: Element; item: true; xs: number; sm: number; md: number; }' but required in type '{ component: ElementType<any, keyof IntrinsicElements>; }'.
  Overload 2 of 2, '(props: DefaultComponentProps<GridTypeMap<{}, "div">>): Element | null', gave the following error.
    Type '{ children: Element; item: true; xs: number; sm: number; md: number; }' is not assignable to type 'IntrinsicAttributes & GridBaseProps & { sx?: SxProps<Theme> | undefined; } & SystemProps<Theme> & Omit<...>'.
      Property 'item' does not exist on type 'IntrinsicAttributes & GridBaseProps & { sx?: SxProps<Theme> | undefined; } & SystemProps<Theme> & Omit<...>'.
    228 |         </Grid>
    229 |
  > 230 |         <Grid item xs={12} sm={6} md={3}>
        |         ^^^^^^^^^^^^^^^^^^^^^^^^^^^^^^^^^
    231 |           <Card sx={{ background: 'linear-gradient(135deg, #4facfe 0%, #00f2fe 100%)', color: 'white' }}>
    232 |             <CardContent>
    233 |               <Box sx={{ display: 'flex', alignItems: 'center', mb: 1 }}>

ERROR in src/components/LenderDashboard.tsx:247:9
TS2769: No overload matches this call.
  Overload 1 of 2, '(props: { component: ElementType<any, keyof IntrinsicElements>; } & GridBaseProps & { sx?: SxProps<Theme> | undefined; } & SystemProps<...> & Omit<...>): Element | null', gave the following error.
    Property 'component' is missing in type '{ children: Element; item: true; xs: number; sm: number; md: number; }' but required in type '{ component: ElementType<any, keyof IntrinsicElements>; }'.
  Overload 2 of 2, '(props: DefaultComponentProps<GridTypeMap<{}, "div">>): Element | null', gave the following error.
    Type '{ children: Element; item: true; xs: number; sm: number; md: number; }' is not assignable to type 'IntrinsicAttributes & GridBaseProps & { sx?: SxProps<Theme> | undefined; } & SystemProps<Theme> & Omit<...>'.
      Property 'item' does not exist on type 'IntrinsicAttributes & GridBaseProps & { sx?: SxProps<Theme> | undefined; } & SystemProps<Theme> & Omit<...>'.
    245 |         </Grid>
    246 |
  > 247 |         <Grid item xs={12} sm={6} md={3}>
        |         ^^^^^^^^^^^^^^^^^^^^^^^^^^^^^^^^^
    248 |           <Card sx={{ background: 'linear-gradient(135deg, #fa709a 0%, #fee140 100%)', color: 'white' }}>
    249 |             <CardContent>
    250 |               <Box sx={{ display: 'flex', alignItems: 'center', mb: 1 }}>

ERROR in src/components/LenderDashboard.tsx:264:9
TS2769: No overload matches this call.
  Overload 1 of 2, '(props: { component: ElementType<any, keyof IntrinsicElements>; } & GridBaseProps & { sx?: SxProps<Theme> | undefined; } & SystemProps<...> & Omit<...>): Element | null', gave the following error.
    Property 'component' is missing in type '{ children: Element; item: true; xs: number; md: number; }' but required in type '{ component: ElementType<any, keyof IntrinsicElements>; }'.
  Overload 2 of 2, '(props: DefaultComponentProps<GridTypeMap<{}, "div">>): Element | null', gave the following error.
    Type '{ children: Element; item: true; xs: number; md: number; }' is not assignable to type 'IntrinsicAttributes & GridBaseProps & { sx?: SxProps<Theme> | undefined; } & SystemProps<Theme> & Omit<...>'.
      Property 'item' does not exist on type 'IntrinsicAttributes & GridBaseProps & { sx?: SxProps<Theme> | undefined; } & SystemProps<Theme> & Omit<...>'.
    262 |       <Grid container spacing={3}>
    263 |         {/* Collection Trends */}
  > 264 |         <Grid item xs={12} md={8}>
        |         ^^^^^^^^^^^^^^^^^^^^^^^^^^
    265 |           <Paper sx={{ p: 3 }}>
    266 |             <Typography variant="h6" gutterBottom>
    267 |               Monthly Collection Trends

ERROR in src/components/LenderDashboard.tsx:296:9
TS2769: No overload matches this call.
  Overload 1 of 2, '(props: { component: ElementType<any, keyof IntrinsicElements>; } & GridBaseProps & { sx?: SxProps<Theme> | undefined; } & SystemProps<...> & Omit<...>): Element | null', gave the following error.
    Property 'component' is missing in type '{ children: Element; item: true; xs: number; md: number; }' but required in type '{ component: ElementType<any, keyof IntrinsicElements>; }'.
  Overload 2 of 2, '(props: DefaultComponentProps<GridTypeMap<{}, "div">>): Element | null', gave the following error.
    Type '{ children: Element; item: true; xs: number; md: number; }' is not assignable to type 'IntrinsicAttributes & GridBaseProps & { sx?: SxProps<Theme> | undefined; } & SystemProps<Theme> & Omit<...>'.
      Property 'item' does not exist on type 'IntrinsicAttributes & GridBaseProps & { sx?: SxProps<Theme> | undefined; } & SystemProps<Theme> & Omit<...>'.
    294 |
    295 |         {/* Collection Progress */}
  > 296 |         <Grid item xs={12} md={4}>
        |         ^^^^^^^^^^^^^^^^^^^^^^^^^^
    297 |           <Paper sx={{ p: 3 }}>
    298 |             <Typography variant="h6" gutterBottom>
    299 |               This Month's Progress

ERROR in src/components/LenderDashboard.tsx:331:9
TS2769: No overload matches this call.
  Overload 1 of 2, '(props: { component: ElementType<any, keyof IntrinsicElements>; } & GridBaseProps & { sx?: SxProps<Theme> | undefined; } & SystemProps<...> & Omit<...>): Element | null', gave the following error.
    Property 'component' is missing in type '{ children: Element; item: true; xs: number; md: number; }' but required in type '{ component: ElementType<any, keyof IntrinsicElements>; }'.
  Overload 2 of 2, '(props: DefaultComponentProps<GridTypeMap<{}, "div">>): Element | null', gave the following error.
    Type '{ children: Element; item: true; xs: number; md: number; }' is not assignable to type 'IntrinsicAttributes & GridBaseProps & { sx?: SxProps<Theme> | undefined; } & SystemProps<Theme> & Omit<...>'.
      Property 'item' does not exist on type 'IntrinsicAttributes & GridBaseProps & { sx?: SxProps<Theme> | undefined; } & SystemProps<Theme> & Omit<...>'.
    329 |
    330 |         {/* Borrower-wise Collections */}
  > 331 |         <Grid item xs={12} md={8}>
        |         ^^^^^^^^^^^^^^^^^^^^^^^^^^
    332 |           <Paper sx={{ p: 3 }}>
    333 |             <Typography variant="h6" gutterBottom>
    334 |               Borrower-wise Collection Status

ERROR in src/components/LenderDashboard.tsx:351:9
TS2769: No overload matches this call.
  Overload 1 of 2, '(props: { component: ElementType<any, keyof IntrinsicElements>; } & GridBaseProps & { sx?: SxProps<Theme> | undefined; } & SystemProps<...> & Omit<...>): Element | null', gave the following error.
    Property 'component' is missing in type '{ children: Element; item: true; xs: number; md: number; }' but required in type '{ component: ElementType<any, keyof IntrinsicElements>; }'.
  Overload 2 of 2, '(props: DefaultComponentProps<GridTypeMap<{}, "div">>): Element | null', gave the following error.
    Type '{ children: Element; item: true; xs: number; md: number; }' is not assignable to type 'IntrinsicAttributes & GridBaseProps & { sx?: SxProps<Theme> | undefined; } & SystemProps<Theme> & Omit<...>'.
      Property 'item' does not exist on type 'IntrinsicAttributes & GridBaseProps & { sx?: SxProps<Theme> | undefined; } & SystemProps<Theme> & Omit<...>'.
    349 |
    350 |         {/* Upcoming Payments */}
  > 351 |         <Grid item xs={12} md={4}>
        |         ^^^^^^^^^^^^^^^^^^^^^^^^^^
    352 |           <Paper sx={{ p: 3 }}>
    353 |             <Typography variant="h6" gutterBottom>
    354 |               Upcoming EMI Payments

ERROR in src/components/LenderDashboard.tsx:394:9
TS2769: No overload matches this call.
  Overload 1 of 2, '(props: { component: ElementType<any, keyof IntrinsicElements>; } & GridBaseProps & { sx?: SxProps<Theme> | undefined; } & SystemProps<...> & Omit<...>): Element | null', gave the following error.
    Property 'component' is missing in type '{ children: Element; item: true; xs: number; }' but required in type '{ component: ElementType<any, keyof IntrinsicElements>; }'.
  Overload 2 of 2, '(props: DefaultComponentProps<GridTypeMap<{}, "div">>): Element | null', gave the following error.
    Type '{ children: Element; item: true; xs: number; }' is not assignable to type 'IntrinsicAttributes & GridBaseProps & { sx?: SxProps<Theme> | undefined; } & SystemProps<Theme> & Omit<...>'.
      Property 'item' does not exist on type 'IntrinsicAttributes & GridBaseProps & { sx?: SxProps<Theme> | undefined; } & SystemProps<Theme> & Omit<...>'.
    392 |
    393 |         {/* Borrower Portfolio */}
  > 394 |         <Grid item xs={12}>
        |         ^^^^^^^^^^^^^^^^^^^
    395 |           <Paper sx={{ p: 3 }}>
    396 |             <Typography variant="h6" gutterBottom>
    397 |               Borrower Portfolio

ERROR in src/components/LoanManagement.tsx:81:11
TS2739: Type '{ id: number; borrowerId: number; lenderId: number; principalAmount: number; interestRate: number; loanTermMonths: number; emiAmount: number; emiCollectionPercentage: number; emiDueDate: number; ... 6 more ...; remainingAmount: number; }' is missing the following properties from type 'Loan': loanAmount, tenureMonths, monthlyEmiAmount, nextEmiDate, outstandingAmount
     79 |         // Demo data
     80 |         const demoLoans: Loan[] = [
  >  81 |           {
        |           ^
  >  82 |             id: 1,
        | ^^^^^^^^^^^^^^^^^^
  >  83 |             borrowerId: 1,
        | ^^^^^^^^^^^^^^^^^^
  >  84 |             lenderId: 2,
        | ^^^^^^^^^^^^^^^^^^
  >  85 |             principalAmount: 500000,
        | ^^^^^^^^^^^^^^^^^^
  >  86 |             interestRate: 12,
        | ^^^^^^^^^^^^^^^^^^
  >  87 |             loanTermMonths: 24,
        | ^^^^^^^^^^^^^^^^^^
  >  88 |             emiAmount: 23538,
        | ^^^^^^^^^^^^^^^^^^
  >  89 |             emiCollectionPercentage: 5,
        | ^^^^^^^^^^^^^^^^^^
  >  90 |             emiDueDate: 15,
        | ^^^^^^^^^^^^^^^^^^
  >  91 |             startDate: '2023-12-01',
        | ^^^^^^^^^^^^^^^^^^
  >  92 |             endDate: '2025-12-01',
        | ^^^^^^^^^^^^^^^^^^
  >  93 |             status: 'ACTIVE',
        | ^^^^^^^^^^^^^^^^^^
  >  94 |             borrowerName: 'John Smith',
        | ^^^^^^^^^^^^^^^^^^
  >  95 |             lenderName: 'Jane Doe',
        | ^^^^^^^^^^^^^^^^^^
  >  96 |             collectedAmount: 15000,
        | ^^^^^^^^^^^^^^^^^^
  >  97 |             remainingAmount: 8538,
        | ^^^^^^^^^^^^^^^^^^
  >  98 |           },
        | ^^^^^^^^^^^^
     99 |           {
    100 |             id: 2,
    101 |             borrowerId: 3,

ERROR in src/components/LoanManagement.tsx:99:11
TS2739: Type '{ id: number; borrowerId: number; lenderId: number; principalAmount: number; interestRate: number; loanTermMonths: number; emiAmount: number; emiCollectionPercentage: number; emiDueDate: number; ... 6 more ...; remainingAmount: number; }' is missing the following properties from type 'Loan': loanAmount, tenureMonths, monthlyEmiAmount, nextEmiDate, outstandingAmount
     97 |             remainingAmount: 8538,
     98 |           },
  >  99 |           {
        |           ^
  > 100 |             id: 2,
        | ^^^^^^^^^^^^^^^^^^
  > 101 |             borrowerId: 3,
        | ^^^^^^^^^^^^^^^^^^
  > 102 |             lenderId: 2,
        | ^^^^^^^^^^^^^^^^^^
  > 103 |             principalAmount: 250000,
        | ^^^^^^^^^^^^^^^^^^
  > 104 |             interestRate: 10,
        | ^^^^^^^^^^^^^^^^^^
  > 105 |             loanTermMonths: 18,
        | ^^^^^^^^^^^^^^^^^^
  > 106 |             emiAmount: 15234,
        | ^^^^^^^^^^^^^^^^^^
  > 107 |             emiCollectionPercentage: 4,
        | ^^^^^^^^^^^^^^^^^^
  > 108 |             emiDueDate: 20,
        | ^^^^^^^^^^^^^^^^^^
  > 109 |             startDate: '2024-01-01',
        | ^^^^^^^^^^^^^^^^^^
  > 110 |             endDate: '2025-07-01',
        | ^^^^^^^^^^^^^^^^^^
  > 111 |             status: 'ACTIVE',
        | ^^^^^^^^^^^^^^^^^^
  > 112 |             borrowerName: 'Ram Kumar',
        | ^^^^^^^^^^^^^^^^^^
  > 113 |             lenderName: 'Jane Doe',
        | ^^^^^^^^^^^^^^^^^^
  > 114 |             collectedAmount: 8000,
        | ^^^^^^^^^^^^^^^^^^
  > 115 |             remainingAmount: 7234,
        | ^^^^^^^^^^^^^^^^^^
  > 116 |           },
        | ^^^^^^^^^^^^
    117 |         ];
    118 |
    119 |         const demoUsers: User[] = [

ERROR in src/components/LoanManagement.tsx:289:23
TS18048: 'loan.principalAmount' is possibly 'undefined'.
    287 |                   </TableCell>
    288 |                   <TableCell align="right">
  > 289 |                     ₹{loan.principalAmount.toLocaleString()}
        |                       ^^^^^^^^^^^^^^^^^^^^
    290 |                   </TableCell>
    291 |                   <TableCell align="right">{loan.interestRate}%</TableCell>
    292 |                   <TableCell align="right">

ERROR in src/components/LoanManagement.tsx:293:23
TS18048: 'loan.emiAmount' is possibly 'undefined'.
    291 |                   <TableCell align="right">{loan.interestRate}%</TableCell>
    292 |                   <TableCell align="right">
  > 293 |                     ₹{loan.emiAmount.toLocaleString()}
        |                       ^^^^^^^^^^^^^^
    294 |                   </TableCell>
    295 |                   <TableCell align="center">{loan.loanTermMonths}</TableCell>
    296 |                   <TableCell align="center">{loan.emiCollectionPercentage}%</TableCell>

ERROR in src/components/LoanManagement.tsx:330:13
TS2769: No overload matches this call.
  Overload 1 of 2, '(props: { component: ElementType<any, keyof IntrinsicElements>; } & GridBaseProps & { sx?: SxProps<Theme> | undefined; } & SystemProps<...> & Omit<...>): Element | null', gave the following error.
    Property 'component' is missing in type '{ children: Element; item: true; xs: number; md: number; }' but required in type '{ component: ElementType<any, keyof IntrinsicElements>; }'.
  Overload 2 of 2, '(props: DefaultComponentProps<GridTypeMap<{}, "div">>): Element | null', gave the following error.
    Type '{ children: Element; item: true; xs: number; md: number; }' is not assignable to type 'IntrinsicAttributes & GridBaseProps & { sx?: SxProps<Theme> | undefined; } & SystemProps<Theme> & Omit<...>'.
      Property 'item' does not exist on type 'IntrinsicAttributes & GridBaseProps & { sx?: SxProps<Theme> | undefined; } & SystemProps<Theme> & Omit<...>'.
    328 |         <DialogContent>
    329 |           <Grid container spacing={2} sx={{ mt: 1 }}>
  > 330 |             <Grid item xs={12} md={6}>
        |             ^^^^^^^^^^^^^^^^^^^^^^^^^^
    331 |               <Autocomplete
    332 |                 options={getAvailableUsers()}
    333 |                 getOptionLabel={(option) => option.fullName}

ERROR in src/components/LoanManagement.tsx:364:13
TS2769: No overload matches this call.
  Overload 1 of 2, '(props: { component: ElementType<any, keyof IntrinsicElements>; } & GridBaseProps & { sx?: SxProps<Theme> | undefined; } & SystemProps<...> & Omit<...>): Element | null', gave the following error.
    Property 'component' is missing in type '{ children: Element; item: true; xs: number; md: number; }' but required in type '{ component: ElementType<any, keyof IntrinsicElements>; }'.
  Overload 2 of 2, '(props: DefaultComponentProps<GridTypeMap<{}, "div">>): Element | null', gave the following error.
    Type '{ children: Element; item: true; xs: number; md: number; }' is not assignable to type 'IntrinsicAttributes & GridBaseProps & { sx?: SxProps<Theme> | undefined; } & SystemProps<Theme> & Omit<...>'.
      Property 'item' does not exist on type 'IntrinsicAttributes & GridBaseProps & { sx?: SxProps<Theme> | undefined; } & SystemProps<Theme> & Omit<...>'.
    362 |             </Grid>
    363 |
  > 364 |             <Grid item xs={12} md={6}>
        |             ^^^^^^^^^^^^^^^^^^^^^^^^^^
    365 |               <TextField
    366 |                 label="Principal Amount"
    367 |                 type="number"

ERROR in src/components/LoanManagement.tsx:381:13
TS2769: No overload matches this call.
  Overload 1 of 2, '(props: { component: ElementType<any, keyof IntrinsicElements>; } & GridBaseProps & { sx?: SxProps<Theme> | undefined; } & SystemProps<...> & Omit<...>): Element | null', gave the following error.
    Property 'component' is missing in type '{ children: Element; item: true; xs: number; md: number; }' but required in type '{ component: ElementType<any, keyof IntrinsicElements>; }'.
  Overload 2 of 2, '(props: DefaultComponentProps<GridTypeMap<{}, "div">>): Element | null', gave the following error.
    Type '{ children: Element; item: true; xs: number; md: number; }' is not assignable to type 'IntrinsicAttributes & GridBaseProps & { sx?: SxProps<Theme> | undefined; } & SystemProps<Theme> & Omit<...>'.
      Property 'item' does not exist on type 'IntrinsicAttributes & GridBaseProps & { sx?: SxProps<Theme> | undefined; } & SystemProps<Theme> & Omit<...>'.
    379 |             </Grid>
    380 |
  > 381 |             <Grid item xs={12} md={6}>
        |             ^^^^^^^^^^^^^^^^^^^^^^^^^^
    382 |               <TextField
    383 |                 label="Interest Rate (%)"
    384 |                 type="number"

ERROR in src/components/LoanManagement.tsx:398:13
TS2769: No overload matches this call.
  Overload 1 of 2, '(props: { component: ElementType<any, keyof IntrinsicElements>; } & GridBaseProps & { sx?: SxProps<Theme> | undefined; } & SystemProps<...> & Omit<...>): Element | null', gave the following error.
    Property 'component' is missing in type '{ children: Element; item: true; xs: number; md: number; }' but required in type '{ component: ElementType<any, keyof IntrinsicElements>; }'.
  Overload 2 of 2, '(props: DefaultComponentProps<GridTypeMap<{}, "div">>): Element | null', gave the following error.
    Type '{ children: Element; item: true; xs: number; md: number; }' is not assignable to type 'IntrinsicAttributes & GridBaseProps & { sx?: SxProps<Theme> | undefined; } & SystemProps<Theme> & Omit<...>'.
      Property 'item' does not exist on type 'IntrinsicAttributes & GridBaseProps & { sx?: SxProps<Theme> | undefined; } & SystemProps<Theme> & Omit<...>'.
    396 |             </Grid>
    397 |
  > 398 |             <Grid item xs={12} md={6}>
        |             ^^^^^^^^^^^^^^^^^^^^^^^^^^
    399 |               <TextField
    400 |                 label="Loan Term (Months)"
    401 |                 type="number"

ERROR in src/components/LoanManagement.tsx:412:13
TS2769: No overload matches this call.
  Overload 1 of 2, '(props: { component: ElementType<any, keyof IntrinsicElements>; } & GridBaseProps & { sx?: SxProps<Theme> | undefined; } & SystemProps<...> & Omit<...>): Element | null', gave the following error.
    Property 'component' is missing in type '{ children: Element; item: true; xs: number; md: number; }' but required in type '{ component: ElementType<any, keyof IntrinsicElements>; }'.
  Overload 2 of 2, '(props: DefaultComponentProps<GridTypeMap<{}, "div">>): Element | null', gave the following error.
    Type '{ children: Element; item: true; xs: number; md: number; }' is not assignable to type 'IntrinsicAttributes & GridBaseProps & { sx?: SxProps<Theme> | undefined; } & SystemProps<Theme> & Omit<...>'.
      Property 'item' does not exist on type 'IntrinsicAttributes & GridBaseProps & { sx?: SxProps<Theme> | undefined; } & SystemProps<Theme> & Omit<...>'.
    410 |             </Grid>
    411 |
  > 412 |             <Grid item xs={12} md={6}>
        |             ^^^^^^^^^^^^^^^^^^^^^^^^^^
    413 |               <TextField
    414 |                 label="EMI Collection Percentage"
    415 |                 type="number"

ERROR in src/components/LoanManagement.tsx:457:17
TS17002: Expected corresponding JSX closing tag for 'Box'.
    455 |                   </Typography>
    456 |                 </Alert>
  > 457 |               </Grid>
        |                 ^^^^
    458 |             )}
    459 |           </Grid>
    460 |         </DialogContent>

Compiling...
Compiled with warnings.

[eslint] 
src/components/LoanManagement.tsx
  Line 22:3:   'Select' is defined but never used                                                                           @typescript-eslint/no-unused-vars
  Line 23:3:   'MenuItem' is defined but never used                                                                         @typescript-eslint/no-unused-vars
  Line 24:3:   'FormControl' is defined but never used                                                                      @typescript-eslint/no-unused-vars
  Line 25:3:   'InputLabel' is defined but never used                                                                       @typescript-eslint/no-unused-vars
  Line 31:3:   'Edit' is defined but never used                                                                             @typescript-eslint/no-unused-vars
  Line 32:3:   'AccountBalance' is defined but never used                                                                   @typescript-eslint/no-unused-vars
  Line 44:10:  'loading' is assigned a value but never used                                                                 @typescript-eslint/no-unused-vars
  Line 60:6:   React Hook useEffect has a missing dependency: 'loadData'. Either include it or remove the dependency array  react-hooks/exhaustive-deps

src/components/TransactionForm.tsx
  Line 13:3:   'Card' is defined but never used                                                                              @typescript-eslint/no-unused-vars
  Line 14:3:   'CardContent' is defined but never used                                                                       @typescript-eslint/no-unused-vars
  Line 30:3:   'AccountBalance' is defined but never used                                                                    @typescript-eslint/no-unused-vars
  Line 31:3:   'TrendingUp' is defined but never used                                                                        @typescript-eslint/no-unused-vars
  Line 111:6:  React Hook useEffect has a missing dependency: 'fetchData'. Either include it or remove the dependency array  react-hooks/exhaustive-deps

Search for the keywords to learn more about each warning.
To ignore, add // eslint-disable-next-line to the line before.

WARNING in [eslint] 
src/components/LoanManagement.tsx
  Line 22:3:   'Select' is defined but never used                                                                           @typescript-eslint/no-unused-vars
  Line 23:3:   'MenuItem' is defined but never used                                                                         @typescript-eslint/no-unused-vars
  Line 24:3:   'FormControl' is defined but never used                                                                      @typescript-eslint/no-unused-vars
  Line 25:3:   'InputLabel' is defined but never used                                                                       @typescript-eslint/no-unused-vars
  Line 31:3:   'Edit' is defined but never used                                                                             @typescript-eslint/no-unused-vars
  Line 32:3:   'AccountBalance' is defined but never used                                                                   @typescript-eslint/no-unused-vars
  Line 44:10:  'loading' is assigned a value but never used                                                                 @typescript-eslint/no-unused-vars
  Line 60:6:   React Hook useEffect has a missing dependency: 'loadData'. Either include it or remove the dependency array  react-hooks/exhaustive-deps

src/components/TransactionForm.tsx
  Line 13:3:   'Card' is defined but never used                                                                              @typescript-eslint/no-unused-vars
  Line 14:3:   'CardContent' is defined but never used                                                                       @typescript-eslint/no-unused-vars
  Line 30:3:   'AccountBalance' is defined but never used                                                                    @typescript-eslint/no-unused-vars
  Line 31:3:   'TrendingUp' is defined but never used                                                                        @typescript-eslint/no-unused-vars
  Line 111:6:  React Hook useEffect has a missing dependency: 'fetchData'. Either include it or remove the dependency array  react-hooks/exhaustive-deps

webpack compiled with 1 warning
ERROR in src/components/BorrowerDashboard.tsx:173:9
TS2769: No overload matches this call.
  Overload 1 of 2, '(props: { component: ElementType<any, keyof IntrinsicElements>; } & GridBaseProps & { sx?: SxProps<Theme> | undefined; } & SystemProps<...> & Omit<...>): Element | null', gave the following error.
    Property 'component' is missing in type '{ children: Element; item: true; xs: number; sm: number; md: number; }' but required in type '{ component: ElementType<any, keyof IntrinsicElements>; }'.
  Overload 2 of 2, '(props: DefaultComponentProps<GridTypeMap<{}, "div">>): Element | null', gave the following error.
    Type '{ children: Element; item: true; xs: number; sm: number; md: number; }' is not assignable to type 'IntrinsicAttributes & GridBaseProps & { sx?: SxProps<Theme> | undefined; } & SystemProps<Theme> & Omit<...>'.
      Property 'item' does not exist on type 'IntrinsicAttributes & GridBaseProps & { sx?: SxProps<Theme> | undefined; } & SystemProps<Theme> & Omit<...>'.
    171 |       {/* Summary Cards */}
    172 |       <Grid container spacing={3} sx={{ mb: 4 }}>
  > 173 |         <Grid item xs={12} sm={6} md={3}>
        |         ^^^^^^^^^^^^^^^^^^^^^^^^^^^^^^^^^
    174 |           <Card sx={{ background: 'linear-gradient(135deg, #667eea 0%, #764ba2 100%)', color: 'white' }}>
    175 |             <CardContent>
    176 |               <Box sx={{ display: 'flex', alignItems: 'center', mb: 1 }}>

ERROR in src/components/BorrowerDashboard.tsx:187:9
TS2769: No overload matches this call.
  Overload 1 of 2, '(props: { component: ElementType<any, keyof IntrinsicElements>; } & GridBaseProps & { sx?: SxProps<Theme> | undefined; } & SystemProps<...> & Omit<...>): Element | null', gave the following error.
    Property 'component' is missing in type '{ children: Element; item: true; xs: number; sm: number; md: number; }' but required in type '{ component: ElementType<any, keyof IntrinsicElements>; }'.
  Overload 2 of 2, '(props: DefaultComponentProps<GridTypeMap<{}, "div">>): Element | null', gave the following error.
    Type '{ children: Element; item: true; xs: number; sm: number; md: number; }' is not assignable to type 'IntrinsicAttributes & GridBaseProps & { sx?: SxProps<Theme> | undefined; } & SystemProps<Theme> & Omit<...>'.
      Property 'item' does not exist on type 'IntrinsicAttributes & GridBaseProps & { sx?: SxProps<Theme> | undefined; } & SystemProps<Theme> & Omit<...>'.
    185 |         </Grid>
    186 |
  > 187 |         <Grid item xs={12} sm={6} md={3}>
        |         ^^^^^^^^^^^^^^^^^^^^^^^^^^^^^^^^^
    188 |           <Card sx={{ background: 'linear-gradient(135deg, #f093fb 0%, #f5576c 100%)', color: 'white' }}>
    189 |             <CardContent>
    190 |               <Box sx={{ display: 'flex', alignItems: 'center', mb: 1 }}>

ERROR in src/components/BorrowerDashboard.tsx:201:9
TS2769: No overload matches this call.
  Overload 1 of 2, '(props: { component: ElementType<any, keyof IntrinsicElements>; } & GridBaseProps & { sx?: SxProps<Theme> | undefined; } & SystemProps<...> & Omit<...>): Element | null', gave the following error.
    Property 'component' is missing in type '{ children: Element; item: true; xs: number; sm: number; md: number; }' but required in type '{ component: ElementType<any, keyof IntrinsicElements>; }'.
  Overload 2 of 2, '(props: DefaultComponentProps<GridTypeMap<{}, "div">>): Element | null', gave the following error.
    Type '{ children: Element; item: true; xs: number; sm: number; md: number; }' is not assignable to type 'IntrinsicAttributes & GridBaseProps & { sx?: SxProps<Theme> | undefined; } & SystemProps<Theme> & Omit<...>'.
      Property 'item' does not exist on type 'IntrinsicAttributes & GridBaseProps & { sx?: SxProps<Theme> | undefined; } & SystemProps<Theme> & Omit<...>'.
    199 |         </Grid>
    200 |
  > 201 |         <Grid item xs={12} sm={6} md={3}>
        |         ^^^^^^^^^^^^^^^^^^^^^^^^^^^^^^^^^
    202 |           <Card sx={{ background: 'linear-gradient(135deg, #4facfe 0%, #00f2fe 100%)', color: 'white' }}>
    203 |             <CardContent>
    204 |               <Box sx={{ display: 'flex', alignItems: 'center', mb: 1 }}>

ERROR in src/components/BorrowerDashboard.tsx:215:9
TS2769: No overload matches this call.
  Overload 1 of 2, '(props: { component: ElementType<any, keyof IntrinsicElements>; } & GridBaseProps & { sx?: SxProps<Theme> | undefined; } & SystemProps<...> & Omit<...>): Element | null', gave the following error.
    Property 'component' is missing in type '{ children: Element; item: true; xs: number; sm: number; md: number; }' but required in type '{ component: ElementType<any, keyof IntrinsicElements>; }'.
  Overload 2 of 2, '(props: DefaultComponentProps<GridTypeMap<{}, "div">>): Element | null', gave the following error.
    Type '{ children: Element; item: true; xs: number; sm: number; md: number; }' is not assignable to type 'IntrinsicAttributes & GridBaseProps & { sx?: SxProps<Theme> | undefined; } & SystemProps<Theme> & Omit<...>'.
      Property 'item' does not exist on type 'IntrinsicAttributes & GridBaseProps & { sx?: SxProps<Theme> | undefined; } & SystemProps<Theme> & Omit<...>'.
    213 |         </Grid>
    214 |
  > 215 |         <Grid item xs={12} sm={6} md={3}>
        |         ^^^^^^^^^^^^^^^^^^^^^^^^^^^^^^^^^
    216 |           <Card sx={{ background: 'linear-gradient(135deg, #fa709a 0%, #fee140 100%)', color: 'white' }}>
    217 |             <CardContent>
    218 |               <Box sx={{ display: 'flex', alignItems: 'center', mb: 1 }}>

ERROR in src/components/BorrowerDashboard.tsx:232:9
TS2769: No overload matches this call.
  Overload 1 of 2, '(props: { component: ElementType<any, keyof IntrinsicElements>; } & GridBaseProps & { sx?: SxProps<Theme> | undefined; } & SystemProps<...> & Omit<...>): Element | null', gave the following error.
    Property 'component' is missing in type '{ children: Element; item: true; xs: number; md: number; }' but required in type '{ component: ElementType<any, keyof IntrinsicElements>; }'.
  Overload 2 of 2, '(props: DefaultComponentProps<GridTypeMap<{}, "div">>): Element | null', gave the following error.
    Type '{ children: Element; item: true; xs: number; md: number; }' is not assignable to type 'IntrinsicAttributes & GridBaseProps & { sx?: SxProps<Theme> | undefined; } & SystemProps<Theme> & Omit<...>'.
      Property 'item' does not exist on type 'IntrinsicAttributes & GridBaseProps & { sx?: SxProps<Theme> | undefined; } & SystemProps<Theme> & Omit<...>'.
    230 |       <Grid container spacing={3}>
    231 |         {/* EMI Collection Progress */}
  > 232 |         <Grid item xs={12} md={6}>
        |         ^^^^^^^^^^^^^^^^^^^^^^^^^^
    233 |           <Paper sx={{ p: 3 }}>
    234 |             <Typography variant="h6" gutterBottom>
    235 |               This Month's EMI Collection Progress

ERROR in src/components/BorrowerDashboard.tsx:279:9
TS2769: No overload matches this call.
  Overload 1 of 2, '(props: { component: ElementType<any, keyof IntrinsicElements>; } & GridBaseProps & { sx?: SxProps<Theme> | undefined; } & SystemProps<...> & Omit<...>): Element | null', gave the following error.
    Property 'component' is missing in type '{ children: Element; item: true; xs: number; md: number; }' but required in type '{ component: ElementType<any, keyof IntrinsicElements>; }'.
  Overload 2 of 2, '(props: DefaultComponentProps<GridTypeMap<{}, "div">>): Element | null', gave the following error.
    Type '{ children: Element; item: true; xs: number; md: number; }' is not assignable to type 'IntrinsicAttributes & GridBaseProps & { sx?: SxProps<Theme> | undefined; } & SystemProps<Theme> & Omit<...>'.
      Property 'item' does not exist on type 'IntrinsicAttributes & GridBaseProps & { sx?: SxProps<Theme> | undefined; } & SystemProps<Theme> & Omit<...>'.
    277 |
    278 |         {/* Loan-wise Collection */}
  > 279 |         <Grid item xs={12} md={6}>
        |         ^^^^^^^^^^^^^^^^^^^^^^^^^^
    280 |           <Paper sx={{ p: 3 }}>
    281 |             <Typography variant="h6" gutterBottom>
    282 |               Loan-wise Collection Status

ERROR in src/components/BorrowerDashboard.tsx:299:9
TS2769: No overload matches this call.
  Overload 1 of 2, '(props: { component: ElementType<any, keyof IntrinsicElements>; } & GridBaseProps & { sx?: SxProps<Theme> | undefined; } & SystemProps<...> & Omit<...>): Element | null', gave the following error.
    Property 'component' is missing in type '{ children: Element; item: true; xs: number; md: number; }' but required in type '{ component: ElementType<any, keyof IntrinsicElements>; }'.
  Overload 2 of 2, '(props: DefaultComponentProps<GridTypeMap<{}, "div">>): Element | null', gave the following error.
    Type '{ children: Element; item: true; xs: number; md: number; }' is not assignable to type 'IntrinsicAttributes & GridBaseProps & { sx?: SxProps<Theme> | undefined; } & SystemProps<Theme> & Omit<...>'.
      Property 'item' does not exist on type 'IntrinsicAttributes & GridBaseProps & { sx?: SxProps<Theme> | undefined; } & SystemProps<Theme> & Omit<...>'.
    297 |
    298 |         {/* Loan Summaries */}
  > 299 |         <Grid item xs={12} md={8}>
        |         ^^^^^^^^^^^^^^^^^^^^^^^^^^
    300 |           <Paper sx={{ p: 3 }}>
    301 |             <Typography variant="h6" gutterBottom>
    302 |               Active Loans Summary

ERROR in src/components/BorrowerDashboard.tsx:356:9
TS2769: No overload matches this call.
  Overload 1 of 2, '(props: { component: ElementType<any, keyof IntrinsicElements>; } & GridBaseProps & { sx?: SxProps<Theme> | undefined; } & SystemProps<...> & Omit<...>): Element | null', gave the following error.
    Property 'component' is missing in type '{ children: Element; item: true; xs: number; md: number; }' but required in type '{ component: ElementType<any, keyof IntrinsicElements>; }'.
  Overload 2 of 2, '(props: DefaultComponentProps<GridTypeMap<{}, "div">>): Element | null', gave the following error.
    Type '{ children: Element; item: true; xs: number; md: number; }' is not assignable to type 'IntrinsicAttributes & GridBaseProps & { sx?: SxProps<Theme> | undefined; } & SystemProps<Theme> & Omit<...>'.
      Property 'item' does not exist on type 'IntrinsicAttributes & GridBaseProps & { sx?: SxProps<Theme> | undefined; } & SystemProps<Theme> & Omit<...>'.
    354 |
    355 |         {/* Recent Transactions */}
  > 356 |         <Grid item xs={12} md={4}>
        |         ^^^^^^^^^^^^^^^^^^^^^^^^^^
    357 |           <Paper sx={{ p: 3 }}>
    358 |             <Typography variant="h6" gutterBottom>
    359 |               Recent Transactions

ERROR in src/components/LenderDashboard.tsx:202:9
TS2769: No overload matches this call.
  Overload 1 of 2, '(props: { component: ElementType<any, keyof IntrinsicElements>; } & GridBaseProps & { sx?: SxProps<Theme> | undefined; } & SystemProps<...> & Omit<...>): Element | null', gave the following error.
    Property 'component' is missing in type '{ children: Element; item: true; xs: number; sm: number; md: number; }' but required in type '{ component: ElementType<any, keyof IntrinsicElements>; }'.
  Overload 2 of 2, '(props: DefaultComponentProps<GridTypeMap<{}, "div">>): Element | null', gave the following error.
    Type '{ children: Element; item: true; xs: number; sm: number; md: number; }' is not assignable to type 'IntrinsicAttributes & GridBaseProps & { sx?: SxProps<Theme> | undefined; } & SystemProps<Theme> & Omit<...>'.
      Property 'item' does not exist on type 'IntrinsicAttributes & GridBaseProps & { sx?: SxProps<Theme> | undefined; } & SystemProps<Theme> & Omit<...>'.
    200 |       {/* Summary Cards */}
    201 |       <Grid container spacing={3} sx={{ mb: 4 }}>
  > 202 |         <Grid item xs={12} sm={6} md={3}>
        |         ^^^^^^^^^^^^^^^^^^^^^^^^^^^^^^^^^
    203 |           <Card sx={{ background: 'linear-gradient(135deg, #667eea 0%, #764ba2 100%)', color: 'white' }}>
    204 |             <CardContent>
    205 |               <Box sx={{ display: 'flex', alignItems: 'center', mb: 1 }}>

ERROR in src/components/LenderDashboard.tsx:216:9
TS2769: No overload matches this call.
  Overload 1 of 2, '(props: { component: ElementType<any, keyof IntrinsicElements>; } & GridBaseProps & { sx?: SxProps<Theme> | undefined; } & SystemProps<...> & Omit<...>): Element | null', gave the following error.
    Property 'component' is missing in type '{ children: Element; item: true; xs: number; sm: number; md: number; }' but required in type '{ component: ElementType<any, keyof IntrinsicElements>; }'.
  Overload 2 of 2, '(props: DefaultComponentProps<GridTypeMap<{}, "div">>): Element | null', gave the following error.
    Type '{ children: Element; item: true; xs: number; sm: number; md: number; }' is not assignable to type 'IntrinsicAttributes & GridBaseProps & { sx?: SxProps<Theme> | undefined; } & SystemProps<Theme> & Omit<...>'.
      Property 'item' does not exist on type 'IntrinsicAttributes & GridBaseProps & { sx?: SxProps<Theme> | undefined; } & SystemProps<Theme> & Omit<...>'.
    214 |         </Grid>
    215 |
  > 216 |         <Grid item xs={12} sm={6} md={3}>
        |         ^^^^^^^^^^^^^^^^^^^^^^^^^^^^^^^^^
    217 |           <Card sx={{ background: 'linear-gradient(135deg, #f093fb 0%, #f5576c 100%)', color: 'white' }}>
    218 |             <CardContent>
    219 |               <Box sx={{ display: 'flex', alignItems: 'center', mb: 1 }}>

ERROR in src/components/LenderDashboard.tsx:230:9
TS2769: No overload matches this call.
  Overload 1 of 2, '(props: { component: ElementType<any, keyof IntrinsicElements>; } & GridBaseProps & { sx?: SxProps<Theme> | undefined; } & SystemProps<...> & Omit<...>): Element | null', gave the following error.
    Property 'component' is missing in type '{ children: Element; item: true; xs: number; sm: number; md: number; }' but required in type '{ component: ElementType<any, keyof IntrinsicElements>; }'.
  Overload 2 of 2, '(props: DefaultComponentProps<GridTypeMap<{}, "div">>): Element | null', gave the following error.
    Type '{ children: Element; item: true; xs: number; sm: number; md: number; }' is not assignable to type 'IntrinsicAttributes & GridBaseProps & { sx?: SxProps<Theme> | undefined; } & SystemProps<Theme> & Omit<...>'.
      Property 'item' does not exist on type 'IntrinsicAttributes & GridBaseProps & { sx?: SxProps<Theme> | undefined; } & SystemProps<Theme> & Omit<...>'.
    228 |         </Grid>
    229 |
  > 230 |         <Grid item xs={12} sm={6} md={3}>
        |         ^^^^^^^^^^^^^^^^^^^^^^^^^^^^^^^^^
    231 |           <Card sx={{ background: 'linear-gradient(135deg, #4facfe 0%, #00f2fe 100%)', color: 'white' }}>
    232 |             <CardContent>
    233 |               <Box sx={{ display: 'flex', alignItems: 'center', mb: 1 }}>

ERROR in src/components/LenderDashboard.tsx:247:9
TS2769: No overload matches this call.
  Overload 1 of 2, '(props: { component: ElementType<any, keyof IntrinsicElements>; } & GridBaseProps & { sx?: SxProps<Theme> | undefined; } & SystemProps<...> & Omit<...>): Element | null', gave the following error.
    Property 'component' is missing in type '{ children: Element; item: true; xs: number; sm: number; md: number; }' but required in type '{ component: ElementType<any, keyof IntrinsicElements>; }'.
  Overload 2 of 2, '(props: DefaultComponentProps<GridTypeMap<{}, "div">>): Element | null', gave the following error.
    Type '{ children: Element; item: true; xs: number; sm: number; md: number; }' is not assignable to type 'IntrinsicAttributes & GridBaseProps & { sx?: SxProps<Theme> | undefined; } & SystemProps<Theme> & Omit<...>'.
      Property 'item' does not exist on type 'IntrinsicAttributes & GridBaseProps & { sx?: SxProps<Theme> | undefined; } & SystemProps<Theme> & Omit<...>'.
    245 |         </Grid>
    246 |
  > 247 |         <Grid item xs={12} sm={6} md={3}>
        |         ^^^^^^^^^^^^^^^^^^^^^^^^^^^^^^^^^
    248 |           <Card sx={{ background: 'linear-gradient(135deg, #fa709a 0%, #fee140 100%)', color: 'white' }}>
    249 |             <CardContent>
    250 |               <Box sx={{ display: 'flex', alignItems: 'center', mb: 1 }}>

ERROR in src/components/LenderDashboard.tsx:264:9
TS2769: No overload matches this call.
  Overload 1 of 2, '(props: { component: ElementType<any, keyof IntrinsicElements>; } & GridBaseProps & { sx?: SxProps<Theme> | undefined; } & SystemProps<...> & Omit<...>): Element | null', gave the following error.
    Property 'component' is missing in type '{ children: Element; item: true; xs: number; md: number; }' but required in type '{ component: ElementType<any, keyof IntrinsicElements>; }'.
  Overload 2 of 2, '(props: DefaultComponentProps<GridTypeMap<{}, "div">>): Element | null', gave the following error.
    Type '{ children: Element; item: true; xs: number; md: number; }' is not assignable to type 'IntrinsicAttributes & GridBaseProps & { sx?: SxProps<Theme> | undefined; } & SystemProps<Theme> & Omit<...>'.
      Property 'item' does not exist on type 'IntrinsicAttributes & GridBaseProps & { sx?: SxProps<Theme> | undefined; } & SystemProps<Theme> & Omit<...>'.
    262 |       <Grid container spacing={3}>
    263 |         {/* Collection Trends */}
  > 264 |         <Grid item xs={12} md={8}>
        |         ^^^^^^^^^^^^^^^^^^^^^^^^^^
    265 |           <Paper sx={{ p: 3 }}>
    266 |             <Typography variant="h6" gutterBottom>
    267 |               Monthly Collection Trends

ERROR in src/components/LenderDashboard.tsx:296:9
TS2769: No overload matches this call.
  Overload 1 of 2, '(props: { component: ElementType<any, keyof IntrinsicElements>; } & GridBaseProps & { sx?: SxProps<Theme> | undefined; } & SystemProps<...> & Omit<...>): Element | null', gave the following error.
    Property 'component' is missing in type '{ children: Element; item: true; xs: number; md: number; }' but required in type '{ component: ElementType<any, keyof IntrinsicElements>; }'.
  Overload 2 of 2, '(props: DefaultComponentProps<GridTypeMap<{}, "div">>): Element | null', gave the following error.
    Type '{ children: Element; item: true; xs: number; md: number; }' is not assignable to type 'IntrinsicAttributes & GridBaseProps & { sx?: SxProps<Theme> | undefined; } & SystemProps<Theme> & Omit<...>'.
      Property 'item' does not exist on type 'IntrinsicAttributes & GridBaseProps & { sx?: SxProps<Theme> | undefined; } & SystemProps<Theme> & Omit<...>'.
    294 |
    295 |         {/* Collection Progress */}
  > 296 |         <Grid item xs={12} md={4}>
        |         ^^^^^^^^^^^^^^^^^^^^^^^^^^
    297 |           <Paper sx={{ p: 3 }}>
    298 |             <Typography variant="h6" gutterBottom>
    299 |               This Month's Progress

ERROR in src/components/LenderDashboard.tsx:331:9
TS2769: No overload matches this call.
  Overload 1 of 2, '(props: { component: ElementType<any, keyof IntrinsicElements>; } & GridBaseProps & { sx?: SxProps<Theme> | undefined; } & SystemProps<...> & Omit<...>): Element | null', gave the following error.
    Property 'component' is missing in type '{ children: Element; item: true; xs: number; md: number; }' but required in type '{ component: ElementType<any, keyof IntrinsicElements>; }'.
  Overload 2 of 2, '(props: DefaultComponentProps<GridTypeMap<{}, "div">>): Element | null', gave the following error.
    Type '{ children: Element; item: true; xs: number; md: number; }' is not assignable to type 'IntrinsicAttributes & GridBaseProps & { sx?: SxProps<Theme> | undefined; } & SystemProps<Theme> & Omit<...>'.
      Property 'item' does not exist on type 'IntrinsicAttributes & GridBaseProps & { sx?: SxProps<Theme> | undefined; } & SystemProps<Theme> & Omit<...>'.
    329 |
    330 |         {/* Borrower-wise Collections */}
  > 331 |         <Grid item xs={12} md={8}>
        |         ^^^^^^^^^^^^^^^^^^^^^^^^^^
    332 |           <Paper sx={{ p: 3 }}>
    333 |             <Typography variant="h6" gutterBottom>
    334 |               Borrower-wise Collection Status

ERROR in src/components/LenderDashboard.tsx:351:9
TS2769: No overload matches this call.
  Overload 1 of 2, '(props: { component: ElementType<any, keyof IntrinsicElements>; } & GridBaseProps & { sx?: SxProps<Theme> | undefined; } & SystemProps<...> & Omit<...>): Element | null', gave the following error.
    Property 'component' is missing in type '{ children: Element; item: true; xs: number; md: number; }' but required in type '{ component: ElementType<any, keyof IntrinsicElements>; }'.
  Overload 2 of 2, '(props: DefaultComponentProps<GridTypeMap<{}, "div">>): Element | null', gave the following error.
    Type '{ children: Element; item: true; xs: number; md: number; }' is not assignable to type 'IntrinsicAttributes & GridBaseProps & { sx?: SxProps<Theme> | undefined; } & SystemProps<Theme> & Omit<...>'.
      Property 'item' does not exist on type 'IntrinsicAttributes & GridBaseProps & { sx?: SxProps<Theme> | undefined; } & SystemProps<Theme> & Omit<...>'.
    349 |
    350 |         {/* Upcoming Payments */}
  > 351 |         <Grid item xs={12} md={4}>
        |         ^^^^^^^^^^^^^^^^^^^^^^^^^^
    352 |           <Paper sx={{ p: 3 }}>
    353 |             <Typography variant="h6" gutterBottom>
    354 |               Upcoming EMI Payments

ERROR in src/components/LenderDashboard.tsx:394:9
TS2769: No overload matches this call.
  Overload 1 of 2, '(props: { component: ElementType<any, keyof IntrinsicElements>; } & GridBaseProps & { sx?: SxProps<Theme> | undefined; } & SystemProps<...> & Omit<...>): Element | null', gave the following error.
    Property 'component' is missing in type '{ children: Element; item: true; xs: number; }' but required in type '{ component: ElementType<any, keyof IntrinsicElements>; }'.
  Overload 2 of 2, '(props: DefaultComponentProps<GridTypeMap<{}, "div">>): Element | null', gave the following error.
    Type '{ children: Element; item: true; xs: number; }' is not assignable to type 'IntrinsicAttributes & GridBaseProps & { sx?: SxProps<Theme> | undefined; } & SystemProps<Theme> & Omit<...>'.
      Property 'item' does not exist on type 'IntrinsicAttributes & GridBaseProps & { sx?: SxProps<Theme> | undefined; } & SystemProps<Theme> & Omit<...>'.
    392 |
    393 |         {/* Borrower Portfolio */}
  > 394 |         <Grid item xs={12}>
        |         ^^^^^^^^^^^^^^^^^^^
    395 |           <Paper sx={{ p: 3 }}>
    396 |             <Typography variant="h6" gutterBottom>
    397 |               Borrower Portfolio

ERROR in src/components/LoanManagement.tsx:81:11
TS2739: Type '{ id: number; borrowerId: number; lenderId: number; principalAmount: number; interestRate: number; loanTermMonths: number; emiAmount: number; emiCollectionPercentage: number; emiDueDate: number; ... 6 more ...; remainingAmount: number; }' is missing the following properties from type 'Loan': loanAmount, tenureMonths, monthlyEmiAmount, nextEmiDate, outstandingAmount
     79 |         // Demo data
     80 |         const demoLoans: Loan[] = [
  >  81 |           {
        |           ^
  >  82 |             id: 1,
        | ^^^^^^^^^^^^^^^^^^
  >  83 |             borrowerId: 1,
        | ^^^^^^^^^^^^^^^^^^
  >  84 |             lenderId: 2,
        | ^^^^^^^^^^^^^^^^^^
  >  85 |             principalAmount: 500000,
        | ^^^^^^^^^^^^^^^^^^
  >  86 |             interestRate: 12,
        | ^^^^^^^^^^^^^^^^^^
  >  87 |             loanTermMonths: 24,
        | ^^^^^^^^^^^^^^^^^^
  >  88 |             emiAmount: 23538,
        | ^^^^^^^^^^^^^^^^^^
  >  89 |             emiCollectionPercentage: 5,
        | ^^^^^^^^^^^^^^^^^^
  >  90 |             emiDueDate: 15,
        | ^^^^^^^^^^^^^^^^^^
  >  91 |             startDate: '2023-12-01',
        | ^^^^^^^^^^^^^^^^^^
  >  92 |             endDate: '2025-12-01',
        | ^^^^^^^^^^^^^^^^^^
  >  93 |             status: 'ACTIVE',
        | ^^^^^^^^^^^^^^^^^^
  >  94 |             borrowerName: 'John Smith',
        | ^^^^^^^^^^^^^^^^^^
  >  95 |             lenderName: 'Jane Doe',
        | ^^^^^^^^^^^^^^^^^^
  >  96 |             collectedAmount: 15000,
        | ^^^^^^^^^^^^^^^^^^
  >  97 |             remainingAmount: 8538,
        | ^^^^^^^^^^^^^^^^^^
  >  98 |           },
        | ^^^^^^^^^^^^
     99 |           {
    100 |             id: 2,
    101 |             borrowerId: 3,

ERROR in src/components/LoanManagement.tsx:99:11
TS2739: Type '{ id: number; borrowerId: number; lenderId: number; principalAmount: number; interestRate: number; loanTermMonths: number; emiAmount: number; emiCollectionPercentage: number; emiDueDate: number; ... 6 more ...; remainingAmount: number; }' is missing the following properties from type 'Loan': loanAmount, tenureMonths, monthlyEmiAmount, nextEmiDate, outstandingAmount
     97 |             remainingAmount: 8538,
     98 |           },
  >  99 |           {
        |           ^
  > 100 |             id: 2,
        | ^^^^^^^^^^^^^^^^^^
  > 101 |             borrowerId: 3,
        | ^^^^^^^^^^^^^^^^^^
  > 102 |             lenderId: 2,
        | ^^^^^^^^^^^^^^^^^^
  > 103 |             principalAmount: 250000,
        | ^^^^^^^^^^^^^^^^^^
  > 104 |             interestRate: 10,
        | ^^^^^^^^^^^^^^^^^^
  > 105 |             loanTermMonths: 18,
        | ^^^^^^^^^^^^^^^^^^
  > 106 |             emiAmount: 15234,
        | ^^^^^^^^^^^^^^^^^^
  > 107 |             emiCollectionPercentage: 4,
        | ^^^^^^^^^^^^^^^^^^
  > 108 |             emiDueDate: 20,
        | ^^^^^^^^^^^^^^^^^^
  > 109 |             startDate: '2024-01-01',
        | ^^^^^^^^^^^^^^^^^^
  > 110 |             endDate: '2025-07-01',
        | ^^^^^^^^^^^^^^^^^^
  > 111 |             status: 'ACTIVE',
        | ^^^^^^^^^^^^^^^^^^
  > 112 |             borrowerName: 'Ram Kumar',
        | ^^^^^^^^^^^^^^^^^^
  > 113 |             lenderName: 'Jane Doe',
        | ^^^^^^^^^^^^^^^^^^
  > 114 |             collectedAmount: 8000,
        | ^^^^^^^^^^^^^^^^^^
  > 115 |             remainingAmount: 7234,
        | ^^^^^^^^^^^^^^^^^^
  > 116 |           },
        | ^^^^^^^^^^^^
    117 |         ];
    118 |
    119 |         const demoUsers: User[] = [

ERROR in src/components/LoanManagement.tsx:289:23
TS18048: 'loan.principalAmount' is possibly 'undefined'.
    287 |                   </TableCell>
    288 |                   <TableCell align="right">
  > 289 |                     ₹{loan.principalAmount.toLocaleString()}
        |                       ^^^^^^^^^^^^^^^^^^^^
    290 |                   </TableCell>
    291 |                   <TableCell align="right">{loan.interestRate}%</TableCell>
    292 |                   <TableCell align="right">

ERROR in src/components/LoanManagement.tsx:293:23
TS18048: 'loan.emiAmount' is possibly 'undefined'.
    291 |                   <TableCell align="right">{loan.interestRate}%</TableCell>
    292 |                   <TableCell align="right">
  > 293 |                     ₹{loan.emiAmount.toLocaleString()}
        |                       ^^^^^^^^^^^^^^
    294 |                   </TableCell>
    295 |                   <TableCell align="center">{loan.loanTermMonths}</TableCell>
    296 |                   <TableCell align="center">{loan.emiCollectionPercentage}%</TableCell>

ERROR in src/components/LoanManagement.tsx:330:13
TS2769: No overload matches this call.
  Overload 1 of 2, '(props: { component: ElementType<any, keyof IntrinsicElements>; } & GridBaseProps & { sx?: SxProps<Theme> | undefined; } & SystemProps<...> & Omit<...>): Element | null', gave the following error.
    Property 'component' is missing in type '{ children: Element; item: true; xs: number; md: number; }' but required in type '{ component: ElementType<any, keyof IntrinsicElements>; }'.
  Overload 2 of 2, '(props: DefaultComponentProps<GridTypeMap<{}, "div">>): Element | null', gave the following error.
    Type '{ children: Element; item: true; xs: number; md: number; }' is not assignable to type 'IntrinsicAttributes & GridBaseProps & { sx?: SxProps<Theme> | undefined; } & SystemProps<Theme> & Omit<...>'.
      Property 'item' does not exist on type 'IntrinsicAttributes & GridBaseProps & { sx?: SxProps<Theme> | undefined; } & SystemProps<Theme> & Omit<...>'.
    328 |         <DialogContent>
    329 |           <Grid container spacing={2} sx={{ mt: 1 }}>
  > 330 |             <Grid item xs={12} md={6}>
        |             ^^^^^^^^^^^^^^^^^^^^^^^^^^
    331 |               <Autocomplete
    332 |                 options={getAvailableUsers()}
    333 |                 getOptionLabel={(option) => option.fullName}

ERROR in src/components/LoanManagement.tsx:364:13
TS2769: No overload matches this call.
  Overload 1 of 2, '(props: { component: ElementType<any, keyof IntrinsicElements>; } & GridBaseProps & { sx?: SxProps<Theme> | undefined; } & SystemProps<...> & Omit<...>): Element | null', gave the following error.
    Property 'component' is missing in type '{ children: Element; item: true; xs: number; md: number; }' but required in type '{ component: ElementType<any, keyof IntrinsicElements>; }'.
  Overload 2 of 2, '(props: DefaultComponentProps<GridTypeMap<{}, "div">>): Element | null', gave the following error.
    Type '{ children: Element; item: true; xs: number; md: number; }' is not assignable to type 'IntrinsicAttributes & GridBaseProps & { sx?: SxProps<Theme> | undefined; } & SystemProps<Theme> & Omit<...>'.
      Property 'item' does not exist on type 'IntrinsicAttributes & GridBaseProps & { sx?: SxProps<Theme> | undefined; } & SystemProps<Theme> & Omit<...>'.
    362 |             </Grid>
    363 |
  > 364 |             <Grid item xs={12} md={6}>
        |             ^^^^^^^^^^^^^^^^^^^^^^^^^^
    365 |               <TextField
    366 |                 label="Principal Amount"
    367 |                 type="number"

ERROR in src/components/LoanManagement.tsx:381:13
TS2769: No overload matches this call.
  Overload 1 of 2, '(props: { component: ElementType<any, keyof IntrinsicElements>; } & GridBaseProps & { sx?: SxProps<Theme> | undefined; } & SystemProps<...> & Omit<...>): Element | null', gave the following error.
    Property 'component' is missing in type '{ children: Element; item: true; xs: number; md: number; }' but required in type '{ component: ElementType<any, keyof IntrinsicElements>; }'.
  Overload 2 of 2, '(props: DefaultComponentProps<GridTypeMap<{}, "div">>): Element | null', gave the following error.
    Type '{ children: Element; item: true; xs: number; md: number; }' is not assignable to type 'IntrinsicAttributes & GridBaseProps & { sx?: SxProps<Theme> | undefined; } & SystemProps<Theme> & Omit<...>'.
      Property 'item' does not exist on type 'IntrinsicAttributes & GridBaseProps & { sx?: SxProps<Theme> | undefined; } & SystemProps<Theme> & Omit<...>'.
    379 |             </Grid>
    380 |
  > 381 |             <Grid item xs={12} md={6}>
        |             ^^^^^^^^^^^^^^^^^^^^^^^^^^
    382 |               <TextField
    383 |                 label="Interest Rate (%)"
    384 |                 type="number"

ERROR in src/components/LoanManagement.tsx:398:13
TS2769: No overload matches this call.
  Overload 1 of 2, '(props: { component: ElementType<any, keyof IntrinsicElements>; } & GridBaseProps & { sx?: SxProps<Theme> | undefined; } & SystemProps<...> & Omit<...>): Element | null', gave the following error.
    Property 'component' is missing in type '{ children: Element; item: true; xs: number; md: number; }' but required in type '{ component: ElementType<any, keyof IntrinsicElements>; }'.
  Overload 2 of 2, '(props: DefaultComponentProps<GridTypeMap<{}, "div">>): Element | null', gave the following error.
    Type '{ children: Element; item: true; xs: number; md: number; }' is not assignable to type 'IntrinsicAttributes & GridBaseProps & { sx?: SxProps<Theme> | undefined; } & SystemProps<Theme> & Omit<...>'.
      Property 'item' does not exist on type 'IntrinsicAttributes & GridBaseProps & { sx?: SxProps<Theme> | undefined; } & SystemProps<Theme> & Omit<...>'.
    396 |             </Grid>
    397 |
  > 398 |             <Grid item xs={12} md={6}>
        |             ^^^^^^^^^^^^^^^^^^^^^^^^^^
    399 |               <TextField
    400 |                 label="Loan Term (Months)"
    401 |                 type="number"

ERROR in src/components/LoanManagement.tsx:412:13
TS2769: No overload matches this call.
  Overload 1 of 2, '(props: { component: ElementType<any, keyof IntrinsicElements>; } & GridBaseProps & { sx?: SxProps<Theme> | undefined; } & SystemProps<...> & Omit<...>): Element | null', gave the following error.
    Property 'component' is missing in type '{ children: Element; item: true; xs: number; md: number; }' but required in type '{ component: ElementType<any, keyof IntrinsicElements>; }'.
  Overload 2 of 2, '(props: DefaultComponentProps<GridTypeMap<{}, "div">>): Element | null', gave the following error.
    Type '{ children: Element; item: true; xs: number; md: number; }' is not assignable to type 'IntrinsicAttributes & GridBaseProps & { sx?: SxProps<Theme> | undefined; } & SystemProps<Theme> & Omit<...>'.
      Property 'item' does not exist on type 'IntrinsicAttributes & GridBaseProps & { sx?: SxProps<Theme> | undefined; } & SystemProps<Theme> & Omit<...>'.
    410 |             </Grid>
    411 |
  > 412 |             <Grid item xs={12} md={6}>
        |             ^^^^^^^^^^^^^^^^^^^^^^^^^^
    413 |               <TextField
    414 |                 label="EMI Collection Percentage"
    415 |                 type="number"

Compiling...
Compiled with warnings.

[eslint] 
src/components/LoanManagement.tsx
  Line 22:3:   'Select' is defined but never used                                                                           @typescript-eslint/no-unused-vars
  Line 23:3:   'MenuItem' is defined but never used                                                                         @typescript-eslint/no-unused-vars
  Line 24:3:   'FormControl' is defined but never used                                                                      @typescript-eslint/no-unused-vars
  Line 25:3:   'InputLabel' is defined but never used                                                                       @typescript-eslint/no-unused-vars
  Line 31:3:   'Edit' is defined but never used                                                                             @typescript-eslint/no-unused-vars
  Line 32:3:   'AccountBalance' is defined but never used                                                                   @typescript-eslint/no-unused-vars
  Line 44:10:  'loading' is assigned a value but never used                                                                 @typescript-eslint/no-unused-vars
  Line 60:6:   React Hook useEffect has a missing dependency: 'loadData'. Either include it or remove the dependency array  react-hooks/exhaustive-deps

src/components/TransactionForm.tsx
  Line 13:3:   'Card' is defined but never used                                                                              @typescript-eslint/no-unused-vars
  Line 14:3:   'CardContent' is defined but never used                                                                       @typescript-eslint/no-unused-vars
  Line 30:3:   'AccountBalance' is defined but never used                                                                    @typescript-eslint/no-unused-vars
  Line 31:3:   'TrendingUp' is defined but never used                                                                        @typescript-eslint/no-unused-vars
  Line 111:6:  React Hook useEffect has a missing dependency: 'fetchData'. Either include it or remove the dependency array  react-hooks/exhaustive-deps

Search for the keywords to learn more about each warning.
To ignore, add // eslint-disable-next-line to the line before.

WARNING in [eslint] 
src/components/LoanManagement.tsx
  Line 22:3:   'Select' is defined but never used                                                                           @typescript-eslint/no-unused-vars
  Line 23:3:   'MenuItem' is defined but never used                                                                         @typescript-eslint/no-unused-vars
  Line 24:3:   'FormControl' is defined but never used                                                                      @typescript-eslint/no-unused-vars
  Line 25:3:   'InputLabel' is defined but never used                                                                       @typescript-eslint/no-unused-vars
  Line 31:3:   'Edit' is defined but never used                                                                             @typescript-eslint/no-unused-vars
  Line 32:3:   'AccountBalance' is defined but never used                                                                   @typescript-eslint/no-unused-vars
  Line 44:10:  'loading' is assigned a value but never used                                                                 @typescript-eslint/no-unused-vars
  Line 60:6:   React Hook useEffect has a missing dependency: 'loadData'. Either include it or remove the dependency array  react-hooks/exhaustive-deps

src/components/TransactionForm.tsx
  Line 13:3:   'Card' is defined but never used                                                                              @typescript-eslint/no-unused-vars
  Line 14:3:   'CardContent' is defined but never used                                                                       @typescript-eslint/no-unused-vars
  Line 30:3:   'AccountBalance' is defined but never used                                                                    @typescript-eslint/no-unused-vars
  Line 31:3:   'TrendingUp' is defined but never used                                                                        @typescript-eslint/no-unused-vars
  Line 111:6:  React Hook useEffect has a missing dependency: 'fetchData'. Either include it or remove the dependency array  react-hooks/exhaustive-deps

webpack compiled with 1 warning
ERROR in src/components/BorrowerDashboard.tsx:173:9
TS2769: No overload matches this call.
  Overload 1 of 2, '(props: { component: ElementType<any, keyof IntrinsicElements>; } & GridBaseProps & { sx?: SxProps<Theme> | undefined; } & SystemProps<...> & Omit<...>): Element | null', gave the following error.
    Property 'component' is missing in type '{ children: Element; item: true; xs: number; sm: number; md: number; }' but required in type '{ component: ElementType<any, keyof IntrinsicElements>; }'.
  Overload 2 of 2, '(props: DefaultComponentProps<GridTypeMap<{}, "div">>): Element | null', gave the following error.
    Type '{ children: Element; item: true; xs: number; sm: number; md: number; }' is not assignable to type 'IntrinsicAttributes & GridBaseProps & { sx?: SxProps<Theme> | undefined; } & SystemProps<Theme> & Omit<...>'.
      Property 'item' does not exist on type 'IntrinsicAttributes & GridBaseProps & { sx?: SxProps<Theme> | undefined; } & SystemProps<Theme> & Omit<...>'.
    171 |       {/* Summary Cards */}
    172 |       <Grid container spacing={3} sx={{ mb: 4 }}>
  > 173 |         <Grid item xs={12} sm={6} md={3}>
        |         ^^^^^^^^^^^^^^^^^^^^^^^^^^^^^^^^^
    174 |           <Card sx={{ background: 'linear-gradient(135deg, #667eea 0%, #764ba2 100%)', color: 'white' }}>
    175 |             <CardContent>
    176 |               <Box sx={{ display: 'flex', alignItems: 'center', mb: 1 }}>

ERROR in src/components/BorrowerDashboard.tsx:187:9
TS2769: No overload matches this call.
  Overload 1 of 2, '(props: { component: ElementType<any, keyof IntrinsicElements>; } & GridBaseProps & { sx?: SxProps<Theme> | undefined; } & SystemProps<...> & Omit<...>): Element | null', gave the following error.
    Property 'component' is missing in type '{ children: Element; item: true; xs: number; sm: number; md: number; }' but required in type '{ component: ElementType<any, keyof IntrinsicElements>; }'.
  Overload 2 of 2, '(props: DefaultComponentProps<GridTypeMap<{}, "div">>): Element | null', gave the following error.
    Type '{ children: Element; item: true; xs: number; sm: number; md: number; }' is not assignable to type 'IntrinsicAttributes & GridBaseProps & { sx?: SxProps<Theme> | undefined; } & SystemProps<Theme> & Omit<...>'.
      Property 'item' does not exist on type 'IntrinsicAttributes & GridBaseProps & { sx?: SxProps<Theme> | undefined; } & SystemProps<Theme> & Omit<...>'.
    185 |         </Grid>
    186 |
  > 187 |         <Grid item xs={12} sm={6} md={3}>
        |         ^^^^^^^^^^^^^^^^^^^^^^^^^^^^^^^^^
    188 |           <Card sx={{ background: 'linear-gradient(135deg, #f093fb 0%, #f5576c 100%)', color: 'white' }}>
    189 |             <CardContent>
    190 |               <Box sx={{ display: 'flex', alignItems: 'center', mb: 1 }}>

ERROR in src/components/BorrowerDashboard.tsx:201:9
TS2769: No overload matches this call.
  Overload 1 of 2, '(props: { component: ElementType<any, keyof IntrinsicElements>; } & GridBaseProps & { sx?: SxProps<Theme> | undefined; } & SystemProps<...> & Omit<...>): Element | null', gave the following error.
    Property 'component' is missing in type '{ children: Element; item: true; xs: number; sm: number; md: number; }' but required in type '{ component: ElementType<any, keyof IntrinsicElements>; }'.
  Overload 2 of 2, '(props: DefaultComponentProps<GridTypeMap<{}, "div">>): Element | null', gave the following error.
    Type '{ children: Element; item: true; xs: number; sm: number; md: number; }' is not assignable to type 'IntrinsicAttributes & GridBaseProps & { sx?: SxProps<Theme> | undefined; } & SystemProps<Theme> & Omit<...>'.
      Property 'item' does not exist on type 'IntrinsicAttributes & GridBaseProps & { sx?: SxProps<Theme> | undefined; } & SystemProps<Theme> & Omit<...>'.
    199 |         </Grid>
    200 |
  > 201 |         <Grid item xs={12} sm={6} md={3}>
        |         ^^^^^^^^^^^^^^^^^^^^^^^^^^^^^^^^^
    202 |           <Card sx={{ background: 'linear-gradient(135deg, #4facfe 0%, #00f2fe 100%)', color: 'white' }}>
    203 |             <CardContent>
    204 |               <Box sx={{ display: 'flex', alignItems: 'center', mb: 1 }}>

ERROR in src/components/BorrowerDashboard.tsx:215:9
TS2769: No overload matches this call.
  Overload 1 of 2, '(props: { component: ElementType<any, keyof IntrinsicElements>; } & GridBaseProps & { sx?: SxProps<Theme> | undefined; } & SystemProps<...> & Omit<...>): Element | null', gave the following error.
    Property 'component' is missing in type '{ children: Element; item: true; xs: number; sm: number; md: number; }' but required in type '{ component: ElementType<any, keyof IntrinsicElements>; }'.
  Overload 2 of 2, '(props: DefaultComponentProps<GridTypeMap<{}, "div">>): Element | null', gave the following error.
    Type '{ children: Element; item: true; xs: number; sm: number; md: number; }' is not assignable to type 'IntrinsicAttributes & GridBaseProps & { sx?: SxProps<Theme> | undefined; } & SystemProps<Theme> & Omit<...>'.
      Property 'item' does not exist on type 'IntrinsicAttributes & GridBaseProps & { sx?: SxProps<Theme> | undefined; } & SystemProps<Theme> & Omit<...>'.
    213 |         </Grid>
    214 |
  > 215 |         <Grid item xs={12} sm={6} md={3}>
        |         ^^^^^^^^^^^^^^^^^^^^^^^^^^^^^^^^^
    216 |           <Card sx={{ background: 'linear-gradient(135deg, #fa709a 0%, #fee140 100%)', color: 'white' }}>
    217 |             <CardContent>
    218 |               <Box sx={{ display: 'flex', alignItems: 'center', mb: 1 }}>

ERROR in src/components/BorrowerDashboard.tsx:232:9
TS2769: No overload matches this call.
  Overload 1 of 2, '(props: { component: ElementType<any, keyof IntrinsicElements>; } & GridBaseProps & { sx?: SxProps<Theme> | undefined; } & SystemProps<...> & Omit<...>): Element | null', gave the following error.
    Property 'component' is missing in type '{ children: Element; item: true; xs: number; md: number; }' but required in type '{ component: ElementType<any, keyof IntrinsicElements>; }'.
  Overload 2 of 2, '(props: DefaultComponentProps<GridTypeMap<{}, "div">>): Element | null', gave the following error.
    Type '{ children: Element; item: true; xs: number; md: number; }' is not assignable to type 'IntrinsicAttributes & GridBaseProps & { sx?: SxProps<Theme> | undefined; } & SystemProps<Theme> & Omit<...>'.
      Property 'item' does not exist on type 'IntrinsicAttributes & GridBaseProps & { sx?: SxProps<Theme> | undefined; } & SystemProps<Theme> & Omit<...>'.
    230 |       <Grid container spacing={3}>
    231 |         {/* EMI Collection Progress */}
  > 232 |         <Grid item xs={12} md={6}>
        |         ^^^^^^^^^^^^^^^^^^^^^^^^^^
    233 |           <Paper sx={{ p: 3 }}>
    234 |             <Typography variant="h6" gutterBottom>
    235 |               This Month's EMI Collection Progress

ERROR in src/components/BorrowerDashboard.tsx:279:9
TS2769: No overload matches this call.
  Overload 1 of 2, '(props: { component: ElementType<any, keyof IntrinsicElements>; } & GridBaseProps & { sx?: SxProps<Theme> | undefined; } & SystemProps<...> & Omit<...>): Element | null', gave the following error.
    Property 'component' is missing in type '{ children: Element; item: true; xs: number; md: number; }' but required in type '{ component: ElementType<any, keyof IntrinsicElements>; }'.
  Overload 2 of 2, '(props: DefaultComponentProps<GridTypeMap<{}, "div">>): Element | null', gave the following error.
    Type '{ children: Element; item: true; xs: number; md: number; }' is not assignable to type 'IntrinsicAttributes & GridBaseProps & { sx?: SxProps<Theme> | undefined; } & SystemProps<Theme> & Omit<...>'.
      Property 'item' does not exist on type 'IntrinsicAttributes & GridBaseProps & { sx?: SxProps<Theme> | undefined; } & SystemProps<Theme> & Omit<...>'.
    277 |
    278 |         {/* Loan-wise Collection */}
  > 279 |         <Grid item xs={12} md={6}>
        |         ^^^^^^^^^^^^^^^^^^^^^^^^^^
    280 |           <Paper sx={{ p: 3 }}>
    281 |             <Typography variant="h6" gutterBottom>
    282 |               Loan-wise Collection Status

ERROR in src/components/BorrowerDashboard.tsx:299:9
TS2769: No overload matches this call.
  Overload 1 of 2, '(props: { component: ElementType<any, keyof IntrinsicElements>; } & GridBaseProps & { sx?: SxProps<Theme> | undefined; } & SystemProps<...> & Omit<...>): Element | null', gave the following error.
    Property 'component' is missing in type '{ children: Element; item: true; xs: number; md: number; }' but required in type '{ component: ElementType<any, keyof IntrinsicElements>; }'.
  Overload 2 of 2, '(props: DefaultComponentProps<GridTypeMap<{}, "div">>): Element | null', gave the following error.
    Type '{ children: Element; item: true; xs: number; md: number; }' is not assignable to type 'IntrinsicAttributes & GridBaseProps & { sx?: SxProps<Theme> | undefined; } & SystemProps<Theme> & Omit<...>'.
      Property 'item' does not exist on type 'IntrinsicAttributes & GridBaseProps & { sx?: SxProps<Theme> | undefined; } & SystemProps<Theme> & Omit<...>'.
    297 |
    298 |         {/* Loan Summaries */}
  > 299 |         <Grid item xs={12} md={8}>
        |         ^^^^^^^^^^^^^^^^^^^^^^^^^^
    300 |           <Paper sx={{ p: 3 }}>
    301 |             <Typography variant="h6" gutterBottom>
    302 |               Active Loans Summary

ERROR in src/components/BorrowerDashboard.tsx:356:9
TS2769: No overload matches this call.
  Overload 1 of 2, '(props: { component: ElementType<any, keyof IntrinsicElements>; } & GridBaseProps & { sx?: SxProps<Theme> | undefined; } & SystemProps<...> & Omit<...>): Element | null', gave the following error.
    Property 'component' is missing in type '{ children: Element; item: true; xs: number; md: number; }' but required in type '{ component: ElementType<any, keyof IntrinsicElements>; }'.
  Overload 2 of 2, '(props: DefaultComponentProps<GridTypeMap<{}, "div">>): Element | null', gave the following error.
    Type '{ children: Element; item: true; xs: number; md: number; }' is not assignable to type 'IntrinsicAttributes & GridBaseProps & { sx?: SxProps<Theme> | undefined; } & SystemProps<Theme> & Omit<...>'.
      Property 'item' does not exist on type 'IntrinsicAttributes & GridBaseProps & { sx?: SxProps<Theme> | undefined; } & SystemProps<Theme> & Omit<...>'.
    354 |
    355 |         {/* Recent Transactions */}
  > 356 |         <Grid item xs={12} md={4}>
        |         ^^^^^^^^^^^^^^^^^^^^^^^^^^
    357 |           <Paper sx={{ p: 3 }}>
    358 |             <Typography variant="h6" gutterBottom>
    359 |               Recent Transactions

ERROR in src/components/LenderDashboard.tsx:202:9
TS2769: No overload matches this call.
  Overload 1 of 2, '(props: { component: ElementType<any, keyof IntrinsicElements>; } & GridBaseProps & { sx?: SxProps<Theme> | undefined; } & SystemProps<...> & Omit<...>): Element | null', gave the following error.
    Property 'component' is missing in type '{ children: Element; item: true; xs: number; sm: number; md: number; }' but required in type '{ component: ElementType<any, keyof IntrinsicElements>; }'.
  Overload 2 of 2, '(props: DefaultComponentProps<GridTypeMap<{}, "div">>): Element | null', gave the following error.
    Type '{ children: Element; item: true; xs: number; sm: number; md: number; }' is not assignable to type 'IntrinsicAttributes & GridBaseProps & { sx?: SxProps<Theme> | undefined; } & SystemProps<Theme> & Omit<...>'.
      Property 'item' does not exist on type 'IntrinsicAttributes & GridBaseProps & { sx?: SxProps<Theme> | undefined; } & SystemProps<Theme> & Omit<...>'.
    200 |       {/* Summary Cards */}
    201 |       <Grid container spacing={3} sx={{ mb: 4 }}>
  > 202 |         <Grid item xs={12} sm={6} md={3}>
        |         ^^^^^^^^^^^^^^^^^^^^^^^^^^^^^^^^^
    203 |           <Card sx={{ background: 'linear-gradient(135deg, #667eea 0%, #764ba2 100%)', color: 'white' }}>
    204 |             <CardContent>
    205 |               <Box sx={{ display: 'flex', alignItems: 'center', mb: 1 }}>

ERROR in src/components/LenderDashboard.tsx:216:9
TS2769: No overload matches this call.
  Overload 1 of 2, '(props: { component: ElementType<any, keyof IntrinsicElements>; } & GridBaseProps & { sx?: SxProps<Theme> | undefined; } & SystemProps<...> & Omit<...>): Element | null', gave the following error.
    Property 'component' is missing in type '{ children: Element; item: true; xs: number; sm: number; md: number; }' but required in type '{ component: ElementType<any, keyof IntrinsicElements>; }'.
  Overload 2 of 2, '(props: DefaultComponentProps<GridTypeMap<{}, "div">>): Element | null', gave the following error.
    Type '{ children: Element; item: true; xs: number; sm: number; md: number; }' is not assignable to type 'IntrinsicAttributes & GridBaseProps & { sx?: SxProps<Theme> | undefined; } & SystemProps<Theme> & Omit<...>'.
      Property 'item' does not exist on type 'IntrinsicAttributes & GridBaseProps & { sx?: SxProps<Theme> | undefined; } & SystemProps<Theme> & Omit<...>'.
    214 |         </Grid>
    215 |
  > 216 |         <Grid item xs={12} sm={6} md={3}>
        |         ^^^^^^^^^^^^^^^^^^^^^^^^^^^^^^^^^
    217 |           <Card sx={{ background: 'linear-gradient(135deg, #f093fb 0%, #f5576c 100%)', color: 'white' }}>
    218 |             <CardContent>
    219 |               <Box sx={{ display: 'flex', alignItems: 'center', mb: 1 }}>

ERROR in src/components/LenderDashboard.tsx:230:9
TS2769: No overload matches this call.
  Overload 1 of 2, '(props: { component: ElementType<any, keyof IntrinsicElements>; } & GridBaseProps & { sx?: SxProps<Theme> | undefined; } & SystemProps<...> & Omit<...>): Element | null', gave the following error.
    Property 'component' is missing in type '{ children: Element; item: true; xs: number; sm: number; md: number; }' but required in type '{ component: ElementType<any, keyof IntrinsicElements>; }'.
  Overload 2 of 2, '(props: DefaultComponentProps<GridTypeMap<{}, "div">>): Element | null', gave the following error.
    Type '{ children: Element; item: true; xs: number; sm: number; md: number; }' is not assignable to type 'IntrinsicAttributes & GridBaseProps & { sx?: SxProps<Theme> | undefined; } & SystemProps<Theme> & Omit<...>'.
      Property 'item' does not exist on type 'IntrinsicAttributes & GridBaseProps & { sx?: SxProps<Theme> | undefined; } & SystemProps<Theme> & Omit<...>'.
    228 |         </Grid>
    229 |
  > 230 |         <Grid item xs={12} sm={6} md={3}>
        |         ^^^^^^^^^^^^^^^^^^^^^^^^^^^^^^^^^
    231 |           <Card sx={{ background: 'linear-gradient(135deg, #4facfe 0%, #00f2fe 100%)', color: 'white' }}>
    232 |             <CardContent>
    233 |               <Box sx={{ display: 'flex', alignItems: 'center', mb: 1 }}>

ERROR in src/components/LenderDashboard.tsx:247:9
TS2769: No overload matches this call.
  Overload 1 of 2, '(props: { component: ElementType<any, keyof IntrinsicElements>; } & GridBaseProps & { sx?: SxProps<Theme> | undefined; } & SystemProps<...> & Omit<...>): Element | null', gave the following error.
    Property 'component' is missing in type '{ children: Element; item: true; xs: number; sm: number; md: number; }' but required in type '{ component: ElementType<any, keyof IntrinsicElements>; }'.
  Overload 2 of 2, '(props: DefaultComponentProps<GridTypeMap<{}, "div">>): Element | null', gave the following error.
    Type '{ children: Element; item: true; xs: number; sm: number; md: number; }' is not assignable to type 'IntrinsicAttributes & GridBaseProps & { sx?: SxProps<Theme> | undefined; } & SystemProps<Theme> & Omit<...>'.
      Property 'item' does not exist on type 'IntrinsicAttributes & GridBaseProps & { sx?: SxProps<Theme> | undefined; } & SystemProps<Theme> & Omit<...>'.
    245 |         </Grid>
    246 |
  > 247 |         <Grid item xs={12} sm={6} md={3}>
        |         ^^^^^^^^^^^^^^^^^^^^^^^^^^^^^^^^^
    248 |           <Card sx={{ background: 'linear-gradient(135deg, #fa709a 0%, #fee140 100%)', color: 'white' }}>
    249 |             <CardContent>
    250 |               <Box sx={{ display: 'flex', alignItems: 'center', mb: 1 }}>

ERROR in src/components/LenderDashboard.tsx:264:9
TS2769: No overload matches this call.
  Overload 1 of 2, '(props: { component: ElementType<any, keyof IntrinsicElements>; } & GridBaseProps & { sx?: SxProps<Theme> | undefined; } & SystemProps<...> & Omit<...>): Element | null', gave the following error.
    Property 'component' is missing in type '{ children: Element; item: true; xs: number; md: number; }' but required in type '{ component: ElementType<any, keyof IntrinsicElements>; }'.
  Overload 2 of 2, '(props: DefaultComponentProps<GridTypeMap<{}, "div">>): Element | null', gave the following error.
    Type '{ children: Element; item: true; xs: number; md: number; }' is not assignable to type 'IntrinsicAttributes & GridBaseProps & { sx?: SxProps<Theme> | undefined; } & SystemProps<Theme> & Omit<...>'.
      Property 'item' does not exist on type 'IntrinsicAttributes & GridBaseProps & { sx?: SxProps<Theme> | undefined; } & SystemProps<Theme> & Omit<...>'.
    262 |       <Grid container spacing={3}>
    263 |         {/* Collection Trends */}
  > 264 |         <Grid item xs={12} md={8}>
        |         ^^^^^^^^^^^^^^^^^^^^^^^^^^
    265 |           <Paper sx={{ p: 3 }}>
    266 |             <Typography variant="h6" gutterBottom>
    267 |               Monthly Collection Trends

ERROR in src/components/LenderDashboard.tsx:296:9
TS2769: No overload matches this call.
  Overload 1 of 2, '(props: { component: ElementType<any, keyof IntrinsicElements>; } & GridBaseProps & { sx?: SxProps<Theme> | undefined; } & SystemProps<...> & Omit<...>): Element | null', gave the following error.
    Property 'component' is missing in type '{ children: Element; item: true; xs: number; md: number; }' but required in type '{ component: ElementType<any, keyof IntrinsicElements>; }'.
  Overload 2 of 2, '(props: DefaultComponentProps<GridTypeMap<{}, "div">>): Element | null', gave the following error.
    Type '{ children: Element; item: true; xs: number; md: number; }' is not assignable to type 'IntrinsicAttributes & GridBaseProps & { sx?: SxProps<Theme> | undefined; } & SystemProps<Theme> & Omit<...>'.
      Property 'item' does not exist on type 'IntrinsicAttributes & GridBaseProps & { sx?: SxProps<Theme> | undefined; } & SystemProps<Theme> & Omit<...>'.
    294 |
    295 |         {/* Collection Progress */}
  > 296 |         <Grid item xs={12} md={4}>
        |         ^^^^^^^^^^^^^^^^^^^^^^^^^^
    297 |           <Paper sx={{ p: 3 }}>
    298 |             <Typography variant="h6" gutterBottom>
    299 |               This Month's Progress

ERROR in src/components/LenderDashboard.tsx:331:9
TS2769: No overload matches this call.
  Overload 1 of 2, '(props: { component: ElementType<any, keyof IntrinsicElements>; } & GridBaseProps & { sx?: SxProps<Theme> | undefined; } & SystemProps<...> & Omit<...>): Element | null', gave the following error.
    Property 'component' is missing in type '{ children: Element; item: true; xs: number; md: number; }' but required in type '{ component: ElementType<any, keyof IntrinsicElements>; }'.
  Overload 2 of 2, '(props: DefaultComponentProps<GridTypeMap<{}, "div">>): Element | null', gave the following error.
    Type '{ children: Element; item: true; xs: number; md: number; }' is not assignable to type 'IntrinsicAttributes & GridBaseProps & { sx?: SxProps<Theme> | undefined; } & SystemProps<Theme> & Omit<...>'.
      Property 'item' does not exist on type 'IntrinsicAttributes & GridBaseProps & { sx?: SxProps<Theme> | undefined; } & SystemProps<Theme> & Omit<...>'.
    329 |
    330 |         {/* Borrower-wise Collections */}
  > 331 |         <Grid item xs={12} md={8}>
        |         ^^^^^^^^^^^^^^^^^^^^^^^^^^
    332 |           <Paper sx={{ p: 3 }}>
    333 |             <Typography variant="h6" gutterBottom>
    334 |               Borrower-wise Collection Status

ERROR in src/components/LenderDashboard.tsx:351:9
TS2769: No overload matches this call.
  Overload 1 of 2, '(props: { component: ElementType<any, keyof IntrinsicElements>; } & GridBaseProps & { sx?: SxProps<Theme> | undefined; } & SystemProps<...> & Omit<...>): Element | null', gave the following error.
    Property 'component' is missing in type '{ children: Element; item: true; xs: number; md: number; }' but required in type '{ component: ElementType<any, keyof IntrinsicElements>; }'.
  Overload 2 of 2, '(props: DefaultComponentProps<GridTypeMap<{}, "div">>): Element | null', gave the following error.
    Type '{ children: Element; item: true; xs: number; md: number; }' is not assignable to type 'IntrinsicAttributes & GridBaseProps & { sx?: SxProps<Theme> | undefined; } & SystemProps<Theme> & Omit<...>'.
      Property 'item' does not exist on type 'IntrinsicAttributes & GridBaseProps & { sx?: SxProps<Theme> | undefined; } & SystemProps<Theme> & Omit<...>'.
    349 |
    350 |         {/* Upcoming Payments */}
  > 351 |         <Grid item xs={12} md={4}>
        |         ^^^^^^^^^^^^^^^^^^^^^^^^^^
    352 |           <Paper sx={{ p: 3 }}>
    353 |             <Typography variant="h6" gutterBottom>
    354 |               Upcoming EMI Payments

ERROR in src/components/LenderDashboard.tsx:394:9
TS2769: No overload matches this call.
  Overload 1 of 2, '(props: { component: ElementType<any, keyof IntrinsicElements>; } & GridBaseProps & { sx?: SxProps<Theme> | undefined; } & SystemProps<...> & Omit<...>): Element | null', gave the following error.
    Property 'component' is missing in type '{ children: Element; item: true; xs: number; }' but required in type '{ component: ElementType<any, keyof IntrinsicElements>; }'.
  Overload 2 of 2, '(props: DefaultComponentProps<GridTypeMap<{}, "div">>): Element | null', gave the following error.
    Type '{ children: Element; item: true; xs: number; }' is not assignable to type 'IntrinsicAttributes & GridBaseProps & { sx?: SxProps<Theme> | undefined; } & SystemProps<Theme> & Omit<...>'.
      Property 'item' does not exist on type 'IntrinsicAttributes & GridBaseProps & { sx?: SxProps<Theme> | undefined; } & SystemProps<Theme> & Omit<...>'.
    392 |
    393 |         {/* Borrower Portfolio */}
  > 394 |         <Grid item xs={12}>
        |         ^^^^^^^^^^^^^^^^^^^
    395 |           <Paper sx={{ p: 3 }}>
    396 |             <Typography variant="h6" gutterBottom>
    397 |               Borrower Portfolio

ERROR in src/components/LoanManagement.tsx:81:11
TS2739: Type '{ id: number; borrowerId: number; lenderId: number; principalAmount: number; interestRate: number; loanTermMonths: number; emiAmount: number; emiCollectionPercentage: number; emiDueDate: number; ... 6 more ...; remainingAmount: number; }' is missing the following properties from type 'Loan': loanAmount, tenureMonths, monthlyEmiAmount, nextEmiDate, outstandingAmount
     79 |         // Demo data
     80 |         const demoLoans: Loan[] = [
  >  81 |           {
        |           ^
  >  82 |             id: 1,
        | ^^^^^^^^^^^^^^^^^^
  >  83 |             borrowerId: 1,
        | ^^^^^^^^^^^^^^^^^^
  >  84 |             lenderId: 2,
        | ^^^^^^^^^^^^^^^^^^
  >  85 |             principalAmount: 500000,
        | ^^^^^^^^^^^^^^^^^^
  >  86 |             interestRate: 12,
        | ^^^^^^^^^^^^^^^^^^
  >  87 |             loanTermMonths: 24,
        | ^^^^^^^^^^^^^^^^^^
  >  88 |             emiAmount: 23538,
        | ^^^^^^^^^^^^^^^^^^
  >  89 |             emiCollectionPercentage: 5,
        | ^^^^^^^^^^^^^^^^^^
  >  90 |             emiDueDate: 15,
        | ^^^^^^^^^^^^^^^^^^
  >  91 |             startDate: '2023-12-01',
        | ^^^^^^^^^^^^^^^^^^
  >  92 |             endDate: '2025-12-01',
        | ^^^^^^^^^^^^^^^^^^
  >  93 |             status: 'ACTIVE',
        | ^^^^^^^^^^^^^^^^^^
  >  94 |             borrowerName: 'John Smith',
        | ^^^^^^^^^^^^^^^^^^
  >  95 |             lenderName: 'Jane Doe',
        | ^^^^^^^^^^^^^^^^^^
  >  96 |             collectedAmount: 15000,
        | ^^^^^^^^^^^^^^^^^^
  >  97 |             remainingAmount: 8538,
        | ^^^^^^^^^^^^^^^^^^
  >  98 |           },
        | ^^^^^^^^^^^^
     99 |           {
    100 |             id: 2,
    101 |             borrowerId: 3,

ERROR in src/components/LoanManagement.tsx:99:11
TS2739: Type '{ id: number; borrowerId: number; lenderId: number; principalAmount: number; interestRate: number; loanTermMonths: number; emiAmount: number; emiCollectionPercentage: number; emiDueDate: number; ... 6 more ...; remainingAmount: number; }' is missing the following properties from type 'Loan': loanAmount, tenureMonths, monthlyEmiAmount, nextEmiDate, outstandingAmount
     97 |             remainingAmount: 8538,
     98 |           },
  >  99 |           {
        |           ^
  > 100 |             id: 2,
        | ^^^^^^^^^^^^^^^^^^
  > 101 |             borrowerId: 3,
        | ^^^^^^^^^^^^^^^^^^
  > 102 |             lenderId: 2,
        | ^^^^^^^^^^^^^^^^^^
  > 103 |             principalAmount: 250000,
        | ^^^^^^^^^^^^^^^^^^
  > 104 |             interestRate: 10,
        | ^^^^^^^^^^^^^^^^^^
  > 105 |             loanTermMonths: 18,
        | ^^^^^^^^^^^^^^^^^^
  > 106 |             emiAmount: 15234,
        | ^^^^^^^^^^^^^^^^^^
  > 107 |             emiCollectionPercentage: 4,
        | ^^^^^^^^^^^^^^^^^^
  > 108 |             emiDueDate: 20,
        | ^^^^^^^^^^^^^^^^^^
  > 109 |             startDate: '2024-01-01',
        | ^^^^^^^^^^^^^^^^^^
  > 110 |             endDate: '2025-07-01',
        | ^^^^^^^^^^^^^^^^^^
  > 111 |             status: 'ACTIVE',
        | ^^^^^^^^^^^^^^^^^^
  > 112 |             borrowerName: 'Ram Kumar',
        | ^^^^^^^^^^^^^^^^^^
  > 113 |             lenderName: 'Jane Doe',
        | ^^^^^^^^^^^^^^^^^^
  > 114 |             collectedAmount: 8000,
        | ^^^^^^^^^^^^^^^^^^
  > 115 |             remainingAmount: 7234,
        | ^^^^^^^^^^^^^^^^^^
  > 116 |           },
        | ^^^^^^^^^^^^
    117 |         ];
    118 |
    119 |         const demoUsers: User[] = [

ERROR in src/components/LoanManagement.tsx:289:23
TS18048: 'loan.principalAmount' is possibly 'undefined'.
    287 |                   </TableCell>
    288 |                   <TableCell align="right">
  > 289 |                     ₹{loan.principalAmount.toLocaleString()}
        |                       ^^^^^^^^^^^^^^^^^^^^
    290 |                   </TableCell>
    291 |                   <TableCell align="right">{loan.interestRate}%</TableCell>
    292 |                   <TableCell align="right">

ERROR in src/components/LoanManagement.tsx:293:23
TS18048: 'loan.emiAmount' is possibly 'undefined'.
    291 |                   <TableCell align="right">{loan.interestRate}%</TableCell>
    292 |                   <TableCell align="right">
  > 293 |                     ₹{loan.emiAmount.toLocaleString()}
        |                       ^^^^^^^^^^^^^^
    294 |                   </TableCell>
    295 |                   <TableCell align="center">{loan.loanTermMonths}</TableCell>
    296 |                   <TableCell align="center">{loan.emiCollectionPercentage}%</TableCell>

ERROR in src/components/LoanManagement.tsx:330:13
TS2769: No overload matches this call.
  Overload 1 of 2, '(props: { component: ElementType<any, keyof IntrinsicElements>; } & GridBaseProps & { sx?: SxProps<Theme> | undefined; } & SystemProps<...> & Omit<...>): Element | null', gave the following error.
    Property 'component' is missing in type '{ children: Element; item: true; xs: number; md: number; }' but required in type '{ component: ElementType<any, keyof IntrinsicElements>; }'.
  Overload 2 of 2, '(props: DefaultComponentProps<GridTypeMap<{}, "div">>): Element | null', gave the following error.
    Type '{ children: Element; item: true; xs: number; md: number; }' is not assignable to type 'IntrinsicAttributes & GridBaseProps & { sx?: SxProps<Theme> | undefined; } & SystemProps<Theme> & Omit<...>'.
      Property 'item' does not exist on type 'IntrinsicAttributes & GridBaseProps & { sx?: SxProps<Theme> | undefined; } & SystemProps<Theme> & Omit<...>'.
    328 |         <DialogContent>
    329 |           <Grid container spacing={2} sx={{ mt: 1 }}>
  > 330 |             <Grid item xs={12} md={6}>
        |             ^^^^^^^^^^^^^^^^^^^^^^^^^^
    331 |               <Autocomplete
    332 |                 options={getAvailableUsers()}
    333 |                 getOptionLabel={(option) => option.fullName}

ERROR in src/components/LoanManagement.tsx:364:13
TS2769: No overload matches this call.
  Overload 1 of 2, '(props: { component: ElementType<any, keyof IntrinsicElements>; } & GridBaseProps & { sx?: SxProps<Theme> | undefined; } & SystemProps<...> & Omit<...>): Element | null', gave the following error.
    Property 'component' is missing in type '{ children: Element; item: true; xs: number; md: number; }' but required in type '{ component: ElementType<any, keyof IntrinsicElements>; }'.
  Overload 2 of 2, '(props: DefaultComponentProps<GridTypeMap<{}, "div">>): Element | null', gave the following error.
    Type '{ children: Element; item: true; xs: number; md: number; }' is not assignable to type 'IntrinsicAttributes & GridBaseProps & { sx?: SxProps<Theme> | undefined; } & SystemProps<Theme> & Omit<...>'.
      Property 'item' does not exist on type 'IntrinsicAttributes & GridBaseProps & { sx?: SxProps<Theme> | undefined; } & SystemProps<Theme> & Omit<...>'.
    362 |             </Grid>
    363 |
  > 364 |             <Grid item xs={12} md={6}>
        |             ^^^^^^^^^^^^^^^^^^^^^^^^^^
    365 |               <TextField
    366 |                 label="Principal Amount"
    367 |                 type="number"

ERROR in src/components/LoanManagement.tsx:381:13
TS2769: No overload matches this call.
  Overload 1 of 2, '(props: { component: ElementType<any, keyof IntrinsicElements>; } & GridBaseProps & { sx?: SxProps<Theme> | undefined; } & SystemProps<...> & Omit<...>): Element | null', gave the following error.
    Property 'component' is missing in type '{ children: Element; item: true; xs: number; md: number; }' but required in type '{ component: ElementType<any, keyof IntrinsicElements>; }'.
  Overload 2 of 2, '(props: DefaultComponentProps<GridTypeMap<{}, "div">>): Element | null', gave the following error.
    Type '{ children: Element; item: true; xs: number; md: number; }' is not assignable to type 'IntrinsicAttributes & GridBaseProps & { sx?: SxProps<Theme> | undefined; } & SystemProps<Theme> & Omit<...>'.
      Property 'item' does not exist on type 'IntrinsicAttributes & GridBaseProps & { sx?: SxProps<Theme> | undefined; } & SystemProps<Theme> & Omit<...>'.
    379 |             </Grid>
    380 |
  > 381 |             <Grid item xs={12} md={6}>
        |             ^^^^^^^^^^^^^^^^^^^^^^^^^^
    382 |               <TextField
    383 |                 label="Interest Rate (%)"
    384 |                 type="number"

ERROR in src/components/LoanManagement.tsx:398:13
TS2769: No overload matches this call.
  Overload 1 of 2, '(props: { component: ElementType<any, keyof IntrinsicElements>; } & GridBaseProps & { sx?: SxProps<Theme> | undefined; } & SystemProps<...> & Omit<...>): Element | null', gave the following error.
    Property 'component' is missing in type '{ children: Element; item: true; xs: number; md: number; }' but required in type '{ component: ElementType<any, keyof IntrinsicElements>; }'.
  Overload 2 of 2, '(props: DefaultComponentProps<GridTypeMap<{}, "div">>): Element | null', gave the following error.
    Type '{ children: Element; item: true; xs: number; md: number; }' is not assignable to type 'IntrinsicAttributes & GridBaseProps & { sx?: SxProps<Theme> | undefined; } & SystemProps<Theme> & Omit<...>'.
      Property 'item' does not exist on type 'IntrinsicAttributes & GridBaseProps & { sx?: SxProps<Theme> | undefined; } & SystemProps<Theme> & Omit<...>'.
    396 |             </Grid>
    397 |
  > 398 |             <Grid item xs={12} md={6}>
        |             ^^^^^^^^^^^^^^^^^^^^^^^^^^
    399 |               <TextField
    400 |                 label="Loan Term (Months)"
    401 |                 type="number"

Compiling...
Compiled with warnings.

[eslint] 
src/components/LoanManagement.tsx
  Line 22:3:   'Select' is defined but never used                                                                           @typescript-eslint/no-unused-vars
  Line 23:3:   'MenuItem' is defined but never used                                                                         @typescript-eslint/no-unused-vars
  Line 24:3:   'FormControl' is defined but never used                                                                      @typescript-eslint/no-unused-vars
  Line 25:3:   'InputLabel' is defined but never used                                                                       @typescript-eslint/no-unused-vars
  Line 31:3:   'Edit' is defined but never used                                                                             @typescript-eslint/no-unused-vars
  Line 32:3:   'AccountBalance' is defined but never used                                                                   @typescript-eslint/no-unused-vars
  Line 44:10:  'loading' is assigned a value but never used                                                                 @typescript-eslint/no-unused-vars
  Line 60:6:   React Hook useEffect has a missing dependency: 'loadData'. Either include it or remove the dependency array  react-hooks/exhaustive-deps

src/components/TransactionForm.tsx
  Line 13:3:   'Card' is defined but never used                                                                              @typescript-eslint/no-unused-vars
  Line 14:3:   'CardContent' is defined but never used                                                                       @typescript-eslint/no-unused-vars
  Line 30:3:   'AccountBalance' is defined but never used                                                                    @typescript-eslint/no-unused-vars
  Line 31:3:   'TrendingUp' is defined but never used                                                                        @typescript-eslint/no-unused-vars
  Line 111:6:  React Hook useEffect has a missing dependency: 'fetchData'. Either include it or remove the dependency array  react-hooks/exhaustive-deps

Search for the keywords to learn more about each warning.
To ignore, add // eslint-disable-next-line to the line before.

WARNING in [eslint] 
src/components/LoanManagement.tsx
  Line 22:3:   'Select' is defined but never used                                                                           @typescript-eslint/no-unused-vars
  Line 23:3:   'MenuItem' is defined but never used                                                                         @typescript-eslint/no-unused-vars
  Line 24:3:   'FormControl' is defined but never used                                                                      @typescript-eslint/no-unused-vars
  Line 25:3:   'InputLabel' is defined but never used                                                                       @typescript-eslint/no-unused-vars
  Line 31:3:   'Edit' is defined but never used                                                                             @typescript-eslint/no-unused-vars
  Line 32:3:   'AccountBalance' is defined but never used                                                                   @typescript-eslint/no-unused-vars
  Line 44:10:  'loading' is assigned a value but never used                                                                 @typescript-eslint/no-unused-vars
  Line 60:6:   React Hook useEffect has a missing dependency: 'loadData'. Either include it or remove the dependency array  react-hooks/exhaustive-deps

src/components/TransactionForm.tsx
  Line 13:3:   'Card' is defined but never used                                                                              @typescript-eslint/no-unused-vars
  Line 14:3:   'CardContent' is defined but never used                                                                       @typescript-eslint/no-unused-vars
  Line 30:3:   'AccountBalance' is defined but never used                                                                    @typescript-eslint/no-unused-vars
  Line 31:3:   'TrendingUp' is defined but never used                                                                        @typescript-eslint/no-unused-vars
  Line 111:6:  React Hook useEffect has a missing dependency: 'fetchData'. Either include it or remove the dependency array  react-hooks/exhaustive-deps

webpack compiled with 1 warning
ERROR in src/components/BorrowerDashboard.tsx:173:9
TS2769: No overload matches this call.
  Overload 1 of 2, '(props: { component: ElementType<any, keyof IntrinsicElements>; } & GridBaseProps & { sx?: SxProps<Theme> | undefined; } & SystemProps<...> & Omit<...>): Element | null', gave the following error.
    Property 'component' is missing in type '{ children: Element; item: true; xs: number; sm: number; md: number; }' but required in type '{ component: ElementType<any, keyof IntrinsicElements>; }'.
  Overload 2 of 2, '(props: DefaultComponentProps<GridTypeMap<{}, "div">>): Element | null', gave the following error.
    Type '{ children: Element; item: true; xs: number; sm: number; md: number; }' is not assignable to type 'IntrinsicAttributes & GridBaseProps & { sx?: SxProps<Theme> | undefined; } & SystemProps<Theme> & Omit<...>'.
      Property 'item' does not exist on type 'IntrinsicAttributes & GridBaseProps & { sx?: SxProps<Theme> | undefined; } & SystemProps<Theme> & Omit<...>'.
    171 |       {/* Summary Cards */}
    172 |       <Grid container spacing={3} sx={{ mb: 4 }}>
  > 173 |         <Grid item xs={12} sm={6} md={3}>
        |         ^^^^^^^^^^^^^^^^^^^^^^^^^^^^^^^^^
    174 |           <Card sx={{ background: 'linear-gradient(135deg, #667eea 0%, #764ba2 100%)', color: 'white' }}>
    175 |             <CardContent>
    176 |               <Box sx={{ display: 'flex', alignItems: 'center', mb: 1 }}>

ERROR in src/components/BorrowerDashboard.tsx:187:9
TS2769: No overload matches this call.
  Overload 1 of 2, '(props: { component: ElementType<any, keyof IntrinsicElements>; } & GridBaseProps & { sx?: SxProps<Theme> | undefined; } & SystemProps<...> & Omit<...>): Element | null', gave the following error.
    Property 'component' is missing in type '{ children: Element; item: true; xs: number; sm: number; md: number; }' but required in type '{ component: ElementType<any, keyof IntrinsicElements>; }'.
  Overload 2 of 2, '(props: DefaultComponentProps<GridTypeMap<{}, "div">>): Element | null', gave the following error.
    Type '{ children: Element; item: true; xs: number; sm: number; md: number; }' is not assignable to type 'IntrinsicAttributes & GridBaseProps & { sx?: SxProps<Theme> | undefined; } & SystemProps<Theme> & Omit<...>'.
      Property 'item' does not exist on type 'IntrinsicAttributes & GridBaseProps & { sx?: SxProps<Theme> | undefined; } & SystemProps<Theme> & Omit<...>'.
    185 |         </Grid>
    186 |
  > 187 |         <Grid item xs={12} sm={6} md={3}>
        |         ^^^^^^^^^^^^^^^^^^^^^^^^^^^^^^^^^
    188 |           <Card sx={{ background: 'linear-gradient(135deg, #f093fb 0%, #f5576c 100%)', color: 'white' }}>
    189 |             <CardContent>
    190 |               <Box sx={{ display: 'flex', alignItems: 'center', mb: 1 }}>

ERROR in src/components/BorrowerDashboard.tsx:201:9
TS2769: No overload matches this call.
  Overload 1 of 2, '(props: { component: ElementType<any, keyof IntrinsicElements>; } & GridBaseProps & { sx?: SxProps<Theme> | undefined; } & SystemProps<...> & Omit<...>): Element | null', gave the following error.
    Property 'component' is missing in type '{ children: Element; item: true; xs: number; sm: number; md: number; }' but required in type '{ component: ElementType<any, keyof IntrinsicElements>; }'.
  Overload 2 of 2, '(props: DefaultComponentProps<GridTypeMap<{}, "div">>): Element | null', gave the following error.
    Type '{ children: Element; item: true; xs: number; sm: number; md: number; }' is not assignable to type 'IntrinsicAttributes & GridBaseProps & { sx?: SxProps<Theme> | undefined; } & SystemProps<Theme> & Omit<...>'.
      Property 'item' does not exist on type 'IntrinsicAttributes & GridBaseProps & { sx?: SxProps<Theme> | undefined; } & SystemProps<Theme> & Omit<...>'.
    199 |         </Grid>
    200 |
  > 201 |         <Grid item xs={12} sm={6} md={3}>
        |         ^^^^^^^^^^^^^^^^^^^^^^^^^^^^^^^^^
    202 |           <Card sx={{ background: 'linear-gradient(135deg, #4facfe 0%, #00f2fe 100%)', color: 'white' }}>
    203 |             <CardContent>
    204 |               <Box sx={{ display: 'flex', alignItems: 'center', mb: 1 }}>

ERROR in src/components/BorrowerDashboard.tsx:215:9
TS2769: No overload matches this call.
  Overload 1 of 2, '(props: { component: ElementType<any, keyof IntrinsicElements>; } & GridBaseProps & { sx?: SxProps<Theme> | undefined; } & SystemProps<...> & Omit<...>): Element | null', gave the following error.
    Property 'component' is missing in type '{ children: Element; item: true; xs: number; sm: number; md: number; }' but required in type '{ component: ElementType<any, keyof IntrinsicElements>; }'.
  Overload 2 of 2, '(props: DefaultComponentProps<GridTypeMap<{}, "div">>): Element | null', gave the following error.
    Type '{ children: Element; item: true; xs: number; sm: number; md: number; }' is not assignable to type 'IntrinsicAttributes & GridBaseProps & { sx?: SxProps<Theme> | undefined; } & SystemProps<Theme> & Omit<...>'.
      Property 'item' does not exist on type 'IntrinsicAttributes & GridBaseProps & { sx?: SxProps<Theme> | undefined; } & SystemProps<Theme> & Omit<...>'.
    213 |         </Grid>
    214 |
  > 215 |         <Grid item xs={12} sm={6} md={3}>
        |         ^^^^^^^^^^^^^^^^^^^^^^^^^^^^^^^^^
    216 |           <Card sx={{ background: 'linear-gradient(135deg, #fa709a 0%, #fee140 100%)', color: 'white' }}>
    217 |             <CardContent>
    218 |               <Box sx={{ display: 'flex', alignItems: 'center', mb: 1 }}>

ERROR in src/components/BorrowerDashboard.tsx:232:9
TS2769: No overload matches this call.
  Overload 1 of 2, '(props: { component: ElementType<any, keyof IntrinsicElements>; } & GridBaseProps & { sx?: SxProps<Theme> | undefined; } & SystemProps<...> & Omit<...>): Element | null', gave the following error.
    Property 'component' is missing in type '{ children: Element; item: true; xs: number; md: number; }' but required in type '{ component: ElementType<any, keyof IntrinsicElements>; }'.
  Overload 2 of 2, '(props: DefaultComponentProps<GridTypeMap<{}, "div">>): Element | null', gave the following error.
    Type '{ children: Element; item: true; xs: number; md: number; }' is not assignable to type 'IntrinsicAttributes & GridBaseProps & { sx?: SxProps<Theme> | undefined; } & SystemProps<Theme> & Omit<...>'.
      Property 'item' does not exist on type 'IntrinsicAttributes & GridBaseProps & { sx?: SxProps<Theme> | undefined; } & SystemProps<Theme> & Omit<...>'.
    230 |       <Grid container spacing={3}>
    231 |         {/* EMI Collection Progress */}
  > 232 |         <Grid item xs={12} md={6}>
        |         ^^^^^^^^^^^^^^^^^^^^^^^^^^
    233 |           <Paper sx={{ p: 3 }}>
    234 |             <Typography variant="h6" gutterBottom>
    235 |               This Month's EMI Collection Progress

ERROR in src/components/BorrowerDashboard.tsx:279:9
TS2769: No overload matches this call.
  Overload 1 of 2, '(props: { component: ElementType<any, keyof IntrinsicElements>; } & GridBaseProps & { sx?: SxProps<Theme> | undefined; } & SystemProps<...> & Omit<...>): Element | null', gave the following error.
    Property 'component' is missing in type '{ children: Element; item: true; xs: number; md: number; }' but required in type '{ component: ElementType<any, keyof IntrinsicElements>; }'.
  Overload 2 of 2, '(props: DefaultComponentProps<GridTypeMap<{}, "div">>): Element | null', gave the following error.
    Type '{ children: Element; item: true; xs: number; md: number; }' is not assignable to type 'IntrinsicAttributes & GridBaseProps & { sx?: SxProps<Theme> | undefined; } & SystemProps<Theme> & Omit<...>'.
      Property 'item' does not exist on type 'IntrinsicAttributes & GridBaseProps & { sx?: SxProps<Theme> | undefined; } & SystemProps<Theme> & Omit<...>'.
    277 |
    278 |         {/* Loan-wise Collection */}
  > 279 |         <Grid item xs={12} md={6}>
        |         ^^^^^^^^^^^^^^^^^^^^^^^^^^
    280 |           <Paper sx={{ p: 3 }}>
    281 |             <Typography variant="h6" gutterBottom>
    282 |               Loan-wise Collection Status

ERROR in src/components/BorrowerDashboard.tsx:299:9
TS2769: No overload matches this call.
  Overload 1 of 2, '(props: { component: ElementType<any, keyof IntrinsicElements>; } & GridBaseProps & { sx?: SxProps<Theme> | undefined; } & SystemProps<...> & Omit<...>): Element | null', gave the following error.
    Property 'component' is missing in type '{ children: Element; item: true; xs: number; md: number; }' but required in type '{ component: ElementType<any, keyof IntrinsicElements>; }'.
  Overload 2 of 2, '(props: DefaultComponentProps<GridTypeMap<{}, "div">>): Element | null', gave the following error.
    Type '{ children: Element; item: true; xs: number; md: number; }' is not assignable to type 'IntrinsicAttributes & GridBaseProps & { sx?: SxProps<Theme> | undefined; } & SystemProps<Theme> & Omit<...>'.
      Property 'item' does not exist on type 'IntrinsicAttributes & GridBaseProps & { sx?: SxProps<Theme> | undefined; } & SystemProps<Theme> & Omit<...>'.
    297 |
    298 |         {/* Loan Summaries */}
  > 299 |         <Grid item xs={12} md={8}>
        |         ^^^^^^^^^^^^^^^^^^^^^^^^^^
    300 |           <Paper sx={{ p: 3 }}>
    301 |             <Typography variant="h6" gutterBottom>
    302 |               Active Loans Summary

ERROR in src/components/BorrowerDashboard.tsx:356:9
TS2769: No overload matches this call.
  Overload 1 of 2, '(props: { component: ElementType<any, keyof IntrinsicElements>; } & GridBaseProps & { sx?: SxProps<Theme> | undefined; } & SystemProps<...> & Omit<...>): Element | null', gave the following error.
    Property 'component' is missing in type '{ children: Element; item: true; xs: number; md: number; }' but required in type '{ component: ElementType<any, keyof IntrinsicElements>; }'.
  Overload 2 of 2, '(props: DefaultComponentProps<GridTypeMap<{}, "div">>): Element | null', gave the following error.
    Type '{ children: Element; item: true; xs: number; md: number; }' is not assignable to type 'IntrinsicAttributes & GridBaseProps & { sx?: SxProps<Theme> | undefined; } & SystemProps<Theme> & Omit<...>'.
      Property 'item' does not exist on type 'IntrinsicAttributes & GridBaseProps & { sx?: SxProps<Theme> | undefined; } & SystemProps<Theme> & Omit<...>'.
    354 |
    355 |         {/* Recent Transactions */}
  > 356 |         <Grid item xs={12} md={4}>
        |         ^^^^^^^^^^^^^^^^^^^^^^^^^^
    357 |           <Paper sx={{ p: 3 }}>
    358 |             <Typography variant="h6" gutterBottom>
    359 |               Recent Transactions

ERROR in src/components/LenderDashboard.tsx:202:9
TS2769: No overload matches this call.
  Overload 1 of 2, '(props: { component: ElementType<any, keyof IntrinsicElements>; } & GridBaseProps & { sx?: SxProps<Theme> | undefined; } & SystemProps<...> & Omit<...>): Element | null', gave the following error.
    Property 'component' is missing in type '{ children: Element; item: true; xs: number; sm: number; md: number; }' but required in type '{ component: ElementType<any, keyof IntrinsicElements>; }'.
  Overload 2 of 2, '(props: DefaultComponentProps<GridTypeMap<{}, "div">>): Element | null', gave the following error.
    Type '{ children: Element; item: true; xs: number; sm: number; md: number; }' is not assignable to type 'IntrinsicAttributes & GridBaseProps & { sx?: SxProps<Theme> | undefined; } & SystemProps<Theme> & Omit<...>'.
      Property 'item' does not exist on type 'IntrinsicAttributes & GridBaseProps & { sx?: SxProps<Theme> | undefined; } & SystemProps<Theme> & Omit<...>'.
    200 |       {/* Summary Cards */}
    201 |       <Grid container spacing={3} sx={{ mb: 4 }}>
  > 202 |         <Grid item xs={12} sm={6} md={3}>
        |         ^^^^^^^^^^^^^^^^^^^^^^^^^^^^^^^^^
    203 |           <Card sx={{ background: 'linear-gradient(135deg, #667eea 0%, #764ba2 100%)', color: 'white' }}>
    204 |             <CardContent>
    205 |               <Box sx={{ display: 'flex', alignItems: 'center', mb: 1 }}>

ERROR in src/components/LenderDashboard.tsx:216:9
TS2769: No overload matches this call.
  Overload 1 of 2, '(props: { component: ElementType<any, keyof IntrinsicElements>; } & GridBaseProps & { sx?: SxProps<Theme> | undefined; } & SystemProps<...> & Omit<...>): Element | null', gave the following error.
    Property 'component' is missing in type '{ children: Element; item: true; xs: number; sm: number; md: number; }' but required in type '{ component: ElementType<any, keyof IntrinsicElements>; }'.
  Overload 2 of 2, '(props: DefaultComponentProps<GridTypeMap<{}, "div">>): Element | null', gave the following error.
    Type '{ children: Element; item: true; xs: number; sm: number; md: number; }' is not assignable to type 'IntrinsicAttributes & GridBaseProps & { sx?: SxProps<Theme> | undefined; } & SystemProps<Theme> & Omit<...>'.
      Property 'item' does not exist on type 'IntrinsicAttributes & GridBaseProps & { sx?: SxProps<Theme> | undefined; } & SystemProps<Theme> & Omit<...>'.
    214 |         </Grid>
    215 |
  > 216 |         <Grid item xs={12} sm={6} md={3}>
        |         ^^^^^^^^^^^^^^^^^^^^^^^^^^^^^^^^^
    217 |           <Card sx={{ background: 'linear-gradient(135deg, #f093fb 0%, #f5576c 100%)', color: 'white' }}>
    218 |             <CardContent>
    219 |               <Box sx={{ display: 'flex', alignItems: 'center', mb: 1 }}>

ERROR in src/components/LenderDashboard.tsx:230:9
TS2769: No overload matches this call.
  Overload 1 of 2, '(props: { component: ElementType<any, keyof IntrinsicElements>; } & GridBaseProps & { sx?: SxProps<Theme> | undefined; } & SystemProps<...> & Omit<...>): Element | null', gave the following error.
    Property 'component' is missing in type '{ children: Element; item: true; xs: number; sm: number; md: number; }' but required in type '{ component: ElementType<any, keyof IntrinsicElements>; }'.
  Overload 2 of 2, '(props: DefaultComponentProps<GridTypeMap<{}, "div">>): Element | null', gave the following error.
    Type '{ children: Element; item: true; xs: number; sm: number; md: number; }' is not assignable to type 'IntrinsicAttributes & GridBaseProps & { sx?: SxProps<Theme> | undefined; } & SystemProps<Theme> & Omit<...>'.
      Property 'item' does not exist on type 'IntrinsicAttributes & GridBaseProps & { sx?: SxProps<Theme> | undefined; } & SystemProps<Theme> & Omit<...>'.
    228 |         </Grid>
    229 |
  > 230 |         <Grid item xs={12} sm={6} md={3}>
        |         ^^^^^^^^^^^^^^^^^^^^^^^^^^^^^^^^^
    231 |           <Card sx={{ background: 'linear-gradient(135deg, #4facfe 0%, #00f2fe 100%)', color: 'white' }}>
    232 |             <CardContent>
    233 |               <Box sx={{ display: 'flex', alignItems: 'center', mb: 1 }}>

ERROR in src/components/LenderDashboard.tsx:247:9
TS2769: No overload matches this call.
  Overload 1 of 2, '(props: { component: ElementType<any, keyof IntrinsicElements>; } & GridBaseProps & { sx?: SxProps<Theme> | undefined; } & SystemProps<...> & Omit<...>): Element | null', gave the following error.
    Property 'component' is missing in type '{ children: Element; item: true; xs: number; sm: number; md: number; }' but required in type '{ component: ElementType<any, keyof IntrinsicElements>; }'.
  Overload 2 of 2, '(props: DefaultComponentProps<GridTypeMap<{}, "div">>): Element | null', gave the following error.
    Type '{ children: Element; item: true; xs: number; sm: number; md: number; }' is not assignable to type 'IntrinsicAttributes & GridBaseProps & { sx?: SxProps<Theme> | undefined; } & SystemProps<Theme> & Omit<...>'.
      Property 'item' does not exist on type 'IntrinsicAttributes & GridBaseProps & { sx?: SxProps<Theme> | undefined; } & SystemProps<Theme> & Omit<...>'.
    245 |         </Grid>
    246 |
  > 247 |         <Grid item xs={12} sm={6} md={3}>
        |         ^^^^^^^^^^^^^^^^^^^^^^^^^^^^^^^^^
    248 |           <Card sx={{ background: 'linear-gradient(135deg, #fa709a 0%, #fee140 100%)', color: 'white' }}>
    249 |             <CardContent>
    250 |               <Box sx={{ display: 'flex', alignItems: 'center', mb: 1 }}>

ERROR in src/components/LenderDashboard.tsx:264:9
TS2769: No overload matches this call.
  Overload 1 of 2, '(props: { component: ElementType<any, keyof IntrinsicElements>; } & GridBaseProps & { sx?: SxProps<Theme> | undefined; } & SystemProps<...> & Omit<...>): Element | null', gave the following error.
    Property 'component' is missing in type '{ children: Element; item: true; xs: number; md: number; }' but required in type '{ component: ElementType<any, keyof IntrinsicElements>; }'.
  Overload 2 of 2, '(props: DefaultComponentProps<GridTypeMap<{}, "div">>): Element | null', gave the following error.
    Type '{ children: Element; item: true; xs: number; md: number; }' is not assignable to type 'IntrinsicAttributes & GridBaseProps & { sx?: SxProps<Theme> | undefined; } & SystemProps<Theme> & Omit<...>'.
      Property 'item' does not exist on type 'IntrinsicAttributes & GridBaseProps & { sx?: SxProps<Theme> | undefined; } & SystemProps<Theme> & Omit<...>'.
    262 |       <Grid container spacing={3}>
    263 |         {/* Collection Trends */}
  > 264 |         <Grid item xs={12} md={8}>
        |         ^^^^^^^^^^^^^^^^^^^^^^^^^^
    265 |           <Paper sx={{ p: 3 }}>
    266 |             <Typography variant="h6" gutterBottom>
    267 |               Monthly Collection Trends

ERROR in src/components/LenderDashboard.tsx:296:9
TS2769: No overload matches this call.
  Overload 1 of 2, '(props: { component: ElementType<any, keyof IntrinsicElements>; } & GridBaseProps & { sx?: SxProps<Theme> | undefined; } & SystemProps<...> & Omit<...>): Element | null', gave the following error.
    Property 'component' is missing in type '{ children: Element; item: true; xs: number; md: number; }' but required in type '{ component: ElementType<any, keyof IntrinsicElements>; }'.
  Overload 2 of 2, '(props: DefaultComponentProps<GridTypeMap<{}, "div">>): Element | null', gave the following error.
    Type '{ children: Element; item: true; xs: number; md: number; }' is not assignable to type 'IntrinsicAttributes & GridBaseProps & { sx?: SxProps<Theme> | undefined; } & SystemProps<Theme> & Omit<...>'.
      Property 'item' does not exist on type 'IntrinsicAttributes & GridBaseProps & { sx?: SxProps<Theme> | undefined; } & SystemProps<Theme> & Omit<...>'.
    294 |
    295 |         {/* Collection Progress */}
  > 296 |         <Grid item xs={12} md={4}>
        |         ^^^^^^^^^^^^^^^^^^^^^^^^^^
    297 |           <Paper sx={{ p: 3 }}>
    298 |             <Typography variant="h6" gutterBottom>
    299 |               This Month's Progress

ERROR in src/components/LenderDashboard.tsx:331:9
TS2769: No overload matches this call.
  Overload 1 of 2, '(props: { component: ElementType<any, keyof IntrinsicElements>; } & GridBaseProps & { sx?: SxProps<Theme> | undefined; } & SystemProps<...> & Omit<...>): Element | null', gave the following error.
    Property 'component' is missing in type '{ children: Element; item: true; xs: number; md: number; }' but required in type '{ component: ElementType<any, keyof IntrinsicElements>; }'.
  Overload 2 of 2, '(props: DefaultComponentProps<GridTypeMap<{}, "div">>): Element | null', gave the following error.
    Type '{ children: Element; item: true; xs: number; md: number; }' is not assignable to type 'IntrinsicAttributes & GridBaseProps & { sx?: SxProps<Theme> | undefined; } & SystemProps<Theme> & Omit<...>'.
      Property 'item' does not exist on type 'IntrinsicAttributes & GridBaseProps & { sx?: SxProps<Theme> | undefined; } & SystemProps<Theme> & Omit<...>'.
    329 |
    330 |         {/* Borrower-wise Collections */}
  > 331 |         <Grid item xs={12} md={8}>
        |         ^^^^^^^^^^^^^^^^^^^^^^^^^^
    332 |           <Paper sx={{ p: 3 }}>
    333 |             <Typography variant="h6" gutterBottom>
    334 |               Borrower-wise Collection Status

ERROR in src/components/LenderDashboard.tsx:351:9
TS2769: No overload matches this call.
  Overload 1 of 2, '(props: { component: ElementType<any, keyof IntrinsicElements>; } & GridBaseProps & { sx?: SxProps<Theme> | undefined; } & SystemProps<...> & Omit<...>): Element | null', gave the following error.
    Property 'component' is missing in type '{ children: Element; item: true; xs: number; md: number; }' but required in type '{ component: ElementType<any, keyof IntrinsicElements>; }'.
  Overload 2 of 2, '(props: DefaultComponentProps<GridTypeMap<{}, "div">>): Element | null', gave the following error.
    Type '{ children: Element; item: true; xs: number; md: number; }' is not assignable to type 'IntrinsicAttributes & GridBaseProps & { sx?: SxProps<Theme> | undefined; } & SystemProps<Theme> & Omit<...>'.
      Property 'item' does not exist on type 'IntrinsicAttributes & GridBaseProps & { sx?: SxProps<Theme> | undefined; } & SystemProps<Theme> & Omit<...>'.
    349 |
    350 |         {/* Upcoming Payments */}
  > 351 |         <Grid item xs={12} md={4}>
        |         ^^^^^^^^^^^^^^^^^^^^^^^^^^
    352 |           <Paper sx={{ p: 3 }}>
    353 |             <Typography variant="h6" gutterBottom>
    354 |               Upcoming EMI Payments

ERROR in src/components/LenderDashboard.tsx:394:9
TS2769: No overload matches this call.
  Overload 1 of 2, '(props: { component: ElementType<any, keyof IntrinsicElements>; } & GridBaseProps & { sx?: SxProps<Theme> | undefined; } & SystemProps<...> & Omit<...>): Element | null', gave the following error.
    Property 'component' is missing in type '{ children: Element; item: true; xs: number; }' but required in type '{ component: ElementType<any, keyof IntrinsicElements>; }'.
  Overload 2 of 2, '(props: DefaultComponentProps<GridTypeMap<{}, "div">>): Element | null', gave the following error.
    Type '{ children: Element; item: true; xs: number; }' is not assignable to type 'IntrinsicAttributes & GridBaseProps & { sx?: SxProps<Theme> | undefined; } & SystemProps<Theme> & Omit<...>'.
      Property 'item' does not exist on type 'IntrinsicAttributes & GridBaseProps & { sx?: SxProps<Theme> | undefined; } & SystemProps<Theme> & Omit<...>'.
    392 |
    393 |         {/* Borrower Portfolio */}
  > 394 |         <Grid item xs={12}>
        |         ^^^^^^^^^^^^^^^^^^^
    395 |           <Paper sx={{ p: 3 }}>
    396 |             <Typography variant="h6" gutterBottom>
    397 |               Borrower Portfolio

ERROR in src/components/LoanManagement.tsx:81:11
TS2739: Type '{ id: number; borrowerId: number; lenderId: number; principalAmount: number; interestRate: number; loanTermMonths: number; emiAmount: number; emiCollectionPercentage: number; emiDueDate: number; ... 6 more ...; remainingAmount: number; }' is missing the following properties from type 'Loan': loanAmount, tenureMonths, monthlyEmiAmount, nextEmiDate, outstandingAmount
     79 |         // Demo data
     80 |         const demoLoans: Loan[] = [
  >  81 |           {
        |           ^
  >  82 |             id: 1,
        | ^^^^^^^^^^^^^^^^^^
  >  83 |             borrowerId: 1,
        | ^^^^^^^^^^^^^^^^^^
  >  84 |             lenderId: 2,
        | ^^^^^^^^^^^^^^^^^^
  >  85 |             principalAmount: 500000,
        | ^^^^^^^^^^^^^^^^^^
  >  86 |             interestRate: 12,
        | ^^^^^^^^^^^^^^^^^^
  >  87 |             loanTermMonths: 24,
        | ^^^^^^^^^^^^^^^^^^
  >  88 |             emiAmount: 23538,
        | ^^^^^^^^^^^^^^^^^^
  >  89 |             emiCollectionPercentage: 5,
        | ^^^^^^^^^^^^^^^^^^
  >  90 |             emiDueDate: 15,
        | ^^^^^^^^^^^^^^^^^^
  >  91 |             startDate: '2023-12-01',
        | ^^^^^^^^^^^^^^^^^^
  >  92 |             endDate: '2025-12-01',
        | ^^^^^^^^^^^^^^^^^^
  >  93 |             status: 'ACTIVE',
        | ^^^^^^^^^^^^^^^^^^
  >  94 |             borrowerName: 'John Smith',
        | ^^^^^^^^^^^^^^^^^^
  >  95 |             lenderName: 'Jane Doe',
        | ^^^^^^^^^^^^^^^^^^
  >  96 |             collectedAmount: 15000,
        | ^^^^^^^^^^^^^^^^^^
  >  97 |             remainingAmount: 8538,
        | ^^^^^^^^^^^^^^^^^^
  >  98 |           },
        | ^^^^^^^^^^^^
     99 |           {
    100 |             id: 2,
    101 |             borrowerId: 3,

ERROR in src/components/LoanManagement.tsx:99:11
TS2739: Type '{ id: number; borrowerId: number; lenderId: number; principalAmount: number; interestRate: number; loanTermMonths: number; emiAmount: number; emiCollectionPercentage: number; emiDueDate: number; ... 6 more ...; remainingAmount: number; }' is missing the following properties from type 'Loan': loanAmount, tenureMonths, monthlyEmiAmount, nextEmiDate, outstandingAmount
     97 |             remainingAmount: 8538,
     98 |           },
  >  99 |           {
        |           ^
  > 100 |             id: 2,
        | ^^^^^^^^^^^^^^^^^^
  > 101 |             borrowerId: 3,
        | ^^^^^^^^^^^^^^^^^^
  > 102 |             lenderId: 2,
        | ^^^^^^^^^^^^^^^^^^
  > 103 |             principalAmount: 250000,
        | ^^^^^^^^^^^^^^^^^^
  > 104 |             interestRate: 10,
        | ^^^^^^^^^^^^^^^^^^
  > 105 |             loanTermMonths: 18,
        | ^^^^^^^^^^^^^^^^^^
  > 106 |             emiAmount: 15234,
        | ^^^^^^^^^^^^^^^^^^
  > 107 |             emiCollectionPercentage: 4,
        | ^^^^^^^^^^^^^^^^^^
  > 108 |             emiDueDate: 20,
        | ^^^^^^^^^^^^^^^^^^
  > 109 |             startDate: '2024-01-01',
        | ^^^^^^^^^^^^^^^^^^
  > 110 |             endDate: '2025-07-01',
        | ^^^^^^^^^^^^^^^^^^
  > 111 |             status: 'ACTIVE',
        | ^^^^^^^^^^^^^^^^^^
  > 112 |             borrowerName: 'Ram Kumar',
        | ^^^^^^^^^^^^^^^^^^
  > 113 |             lenderName: 'Jane Doe',
        | ^^^^^^^^^^^^^^^^^^
  > 114 |             collectedAmount: 8000,
        | ^^^^^^^^^^^^^^^^^^
  > 115 |             remainingAmount: 7234,
        | ^^^^^^^^^^^^^^^^^^
  > 116 |           },
        | ^^^^^^^^^^^^
    117 |         ];
    118 |
    119 |         const demoUsers: User[] = [

ERROR in src/components/LoanManagement.tsx:289:23
TS18048: 'loan.principalAmount' is possibly 'undefined'.
    287 |                   </TableCell>
    288 |                   <TableCell align="right">
  > 289 |                     ₹{loan.principalAmount.toLocaleString()}
        |                       ^^^^^^^^^^^^^^^^^^^^
    290 |                   </TableCell>
    291 |                   <TableCell align="right">{loan.interestRate}%</TableCell>
    292 |                   <TableCell align="right">

ERROR in src/components/LoanManagement.tsx:293:23
TS18048: 'loan.emiAmount' is possibly 'undefined'.
    291 |                   <TableCell align="right">{loan.interestRate}%</TableCell>
    292 |                   <TableCell align="right">
  > 293 |                     ₹{loan.emiAmount.toLocaleString()}
        |                       ^^^^^^^^^^^^^^
    294 |                   </TableCell>
    295 |                   <TableCell align="center">{loan.loanTermMonths}</TableCell>
    296 |                   <TableCell align="center">{loan.emiCollectionPercentage}%</TableCell>

ERROR in src/components/LoanManagement.tsx:330:13
TS2769: No overload matches this call.
  Overload 1 of 2, '(props: { component: ElementType<any, keyof IntrinsicElements>; } & GridBaseProps & { sx?: SxProps<Theme> | undefined; } & SystemProps<...> & Omit<...>): Element | null', gave the following error.
    Property 'component' is missing in type '{ children: Element; item: true; xs: number; md: number; }' but required in type '{ component: ElementType<any, keyof IntrinsicElements>; }'.
  Overload 2 of 2, '(props: DefaultComponentProps<GridTypeMap<{}, "div">>): Element | null', gave the following error.
    Type '{ children: Element; item: true; xs: number; md: number; }' is not assignable to type 'IntrinsicAttributes & GridBaseProps & { sx?: SxProps<Theme> | undefined; } & SystemProps<Theme> & Omit<...>'.
      Property 'item' does not exist on type 'IntrinsicAttributes & GridBaseProps & { sx?: SxProps<Theme> | undefined; } & SystemProps<Theme> & Omit<...>'.
    328 |         <DialogContent>
    329 |           <Grid container spacing={2} sx={{ mt: 1 }}>
  > 330 |             <Grid item xs={12} md={6}>
        |             ^^^^^^^^^^^^^^^^^^^^^^^^^^
    331 |               <Autocomplete
    332 |                 options={getAvailableUsers()}
    333 |                 getOptionLabel={(option) => option.fullName}

ERROR in src/components/LoanManagement.tsx:364:13
TS2769: No overload matches this call.
  Overload 1 of 2, '(props: { component: ElementType<any, keyof IntrinsicElements>; } & GridBaseProps & { sx?: SxProps<Theme> | undefined; } & SystemProps<...> & Omit<...>): Element | null', gave the following error.
    Property 'component' is missing in type '{ children: Element; item: true; xs: number; md: number; }' but required in type '{ component: ElementType<any, keyof IntrinsicElements>; }'.
  Overload 2 of 2, '(props: DefaultComponentProps<GridTypeMap<{}, "div">>): Element | null', gave the following error.
    Type '{ children: Element; item: true; xs: number; md: number; }' is not assignable to type 'IntrinsicAttributes & GridBaseProps & { sx?: SxProps<Theme> | undefined; } & SystemProps<Theme> & Omit<...>'.
      Property 'item' does not exist on type 'IntrinsicAttributes & GridBaseProps & { sx?: SxProps<Theme> | undefined; } & SystemProps<Theme> & Omit<...>'.
    362 |             </Grid>
    363 |
  > 364 |             <Grid item xs={12} md={6}>
        |             ^^^^^^^^^^^^^^^^^^^^^^^^^^
    365 |               <TextField
    366 |                 label="Principal Amount"
    367 |                 type="number"

ERROR in src/components/LoanManagement.tsx:381:13
TS2769: No overload matches this call.
  Overload 1 of 2, '(props: { component: ElementType<any, keyof IntrinsicElements>; } & GridBaseProps & { sx?: SxProps<Theme> | undefined; } & SystemProps<...> & Omit<...>): Element | null', gave the following error.
    Property 'component' is missing in type '{ children: Element; item: true; xs: number; md: number; }' but required in type '{ component: ElementType<any, keyof IntrinsicElements>; }'.
  Overload 2 of 2, '(props: DefaultComponentProps<GridTypeMap<{}, "div">>): Element | null', gave the following error.
    Type '{ children: Element; item: true; xs: number; md: number; }' is not assignable to type 'IntrinsicAttributes & GridBaseProps & { sx?: SxProps<Theme> | undefined; } & SystemProps<Theme> & Omit<...>'.
      Property 'item' does not exist on type 'IntrinsicAttributes & GridBaseProps & { sx?: SxProps<Theme> | undefined; } & SystemProps<Theme> & Omit<...>'.
    379 |             </Grid>
    380 |
  > 381 |             <Grid item xs={12} md={6}>
        |             ^^^^^^^^^^^^^^^^^^^^^^^^^^
    382 |               <TextField
    383 |                 label="Interest Rate (%)"
    384 |                 type="number"

ERROR in src/components/LoanManagement.tsx:398:13
TS2769: No overload matches this call.
  Overload 1 of 2, '(props: { component: ElementType<any, keyof IntrinsicElements>; } & GridBaseProps & { sx?: SxProps<Theme> | undefined; } & SystemProps<...> & Omit<...>): Element | null', gave the following error.
    Property 'component' is missing in type '{ children: Element; item: true; xs: number; md: number; }' but required in type '{ component: ElementType<any, keyof IntrinsicElements>; }'.
  Overload 2 of 2, '(props: DefaultComponentProps<GridTypeMap<{}, "div">>): Element | null', gave the following error.
    Type '{ children: Element; item: true; xs: number; md: number; }' is not assignable to type 'IntrinsicAttributes & GridBaseProps & { sx?: SxProps<Theme> | undefined; } & SystemProps<Theme> & Omit<...>'.
      Property 'item' does not exist on type 'IntrinsicAttributes & GridBaseProps & { sx?: SxProps<Theme> | undefined; } & SystemProps<Theme> & Omit<...>'.
    396 |             </Grid>
    397 |
  > 398 |             <Grid item xs={12} md={6}>
        |             ^^^^^^^^^^^^^^^^^^^^^^^^^^
    399 |               <TextField
    400 |                 label="Loan Term (Months)"
    401 |                 type="number"

TypeMap<{}, "div">>): Element | null', gave the following error.
    Type '{ children: Element; item: true; xs: number; sm: number; md: number; }' is not assignable to type 'IntrinsicAttributes & GridBaseProps & { sx?: SxProps<Theme> | undefined; } & SystemProps<Theme> & Omit<...>'.
      Property 'item' does not exist on type 'IntrinsicAttributes & GridBaseProps & { sx?: SxProps<Theme> | undefined; } & SystemProps<Theme> & Omit<...>'.
    199 |         </Grid>
    200 |
  > 201 |         <Grid item xs={12} sm={6} md={3}>
        |         ^^^^^^^^^^^^^^^^^^^^^^^^^^^^^^^^^
    202 |           <Card sx={{ background: 'linear-gradient(135deg, #4facfe 0%, #00f2fe 100%)', color: 'white' }}>
    203 |             <CardContent>
    204 |               <Box sx={{ display: 'flex', alignItems: 'center', mb: 1 }}>

ERROR in src/components/BorrowerDashboard.tsx:215:9
TS2769: No overload matches this call.
  Overload 1 of 2, '(props: { component: ElementType<any, keyof IntrinsicElements>; } & GridBaseProps & { sx?: SxProps<Theme> | undefined; } & SystemProps<...> & Omit<...>): Element | null', gave the following error.
    Property 'component' is missing in type '{ children: Element; item: true; xs: number; sm: number; md: number; }' but required in type '{ component: ElementType<any, keyof IntrinsicElements>; }'.
  Overload 2 of 2, '(props: DefaultComponentProps<GridTypeMap<{}, "div">>): Element | null', gave the following error.
    Type '{ children: Element; item: true; xs: number; sm: number; md: number; }' is not assignable to type 'IntrinsicAttributes & GridBaseProps & { sx?: SxProps<Theme> | undefined; } & SystemProps<Theme> & Omit<...>'.
      Property 'item' does not exist on type 'IntrinsicAttributes & GridBaseProps & { sx?: SxProps<Theme> | undefined; } & SystemProps<Theme> & Omit<...>'.
    213 |         </Grid>
    214 |
  > 215 |         <Grid item xs={12} sm={6} md={3}>
        |         ^^^^^^^^^^^^^^^^^^^^^^^^^^^^^^^^^
    216 |           <Card sx={{ background: 'linear-gradient(135deg, #fa709a 0%, #fee140 100%)', color: 'white' }}>
    217 |             <CardContent>
    218 |               <Box sx={{ display: 'flex', alignItems: 'center', mb: 1 }}>

ERROR in src/components/BorrowerDashboard.tsx:232:9
TS2769: No overload matches this call.
  Overload 1 of 2, '(props: { component: ElementType<any, keyof IntrinsicElements>; } & GridBaseProps & { sx?: SxProps<Theme> | undefined; } & SystemProps<...> & Omit<...>): Element | null', gave the following error.
    Property 'component' is missing in type '{ children: Element; item: true; xs: number; md: number; }' but required in type '{ component: ElementType<any, keyof IntrinsicElements>; }'.
  Overload 2 of 2, '(props: DefaultComponentProps<GridTypeMap<{}, "div">>): Element | null', gave the following error.
    Type '{ children: Element; item: true; xs: number; md: number; }' is not assignable to type 'IntrinsicAttributes & GridBaseProps & { sx?: SxProps<Theme> | undefined; } & SystemProps<Theme> & Omit<...>'.
      Property 'item' does not exist on type 'IntrinsicAttributes & GridBaseProps & { sx?: SxProps<Theme> | undefined; } & SystemProps<Theme> & Omit<...>'.
    230 |       <Grid container spacing={3}>
    231 |         {/* EMI Collection Progress */}
  > 232 |         <Grid item xs={12} md={6}>
        |         ^^^^^^^^^^^^^^^^^^^^^^^^^^
    233 |           <Paper sx={{ p: 3 }}>
    234 |             <Typography variant="h6" gutterBottom>
    235 |               This Month's EMI Collection Progress

ERROR in src/components/BorrowerDashboard.tsx:279:9
TS2769: No overload matches this call.
  Overload 1 of 2, '(props: { component: ElementType<any, keyof IntrinsicElements>; } & GridBaseProps & { sx?: SxProps<Theme> | undefined; } & SystemProps<...> & Omit<...>): Element | null', gave the following error.
    Property 'component' is missing in type '{ children: Element; item: true; xs: number; md: number; }' but required in type '{ component: ElementType<any, keyof IntrinsicElements>; }'.
  Overload 2 of 2, '(props: DefaultComponentProps<GridTypeMap<{}, "div">>): Element | null', gave the following error.
    Type '{ children: Element; item: true; xs: number; md: number; }' is not assignable to type 'IntrinsicAttributes & GridBaseProps & { sx?: SxProps<Theme> | undefined; } & SystemProps<Theme> & Omit<...>'.
      Property 'item' does not exist on type 'IntrinsicAttributes & GridBaseProps & { sx?: SxProps<Theme> | undefined; } & SystemProps<Theme> & Omit<...>'.
    277 |
    278 |         {/* Loan-wise Collection */}
  > 279 |         <Grid item xs={12} md={6}>
        |         ^^^^^^^^^^^^^^^^^^^^^^^^^^
    280 |           <Paper sx={{ p: 3 }}>
    281 |             <Typography variant="h6" gutterBottom>
    282 |               Loan-wise Collection Status

ERROR in src/components/BorrowerDashboard.tsx:299:9
TS2769: No overload matches this call.
  Overload 1 of 2, '(props: { component: ElementType<any, keyof IntrinsicElements>; } & GridBaseProps & { sx?: SxProps<Theme> | undefined; } & SystemProps<...> & Omit<...>): Element | null', gave the following error.
    Property 'component' is missing in type '{ children: Element; item: true; xs: number; md: number; }' but required in type '{ component: ElementType<any, keyof IntrinsicElements>; }'.
  Overload 2 of 2, '(props: DefaultComponentProps<GridTypeMap<{}, "div">>): Element | null', gave the following error.
    Type '{ children: Element; item: true; xs: number; md: number; }' is not assignable to type 'IntrinsicAttributes & GridBaseProps & { sx?: SxProps<Theme> | undefined; } & SystemProps<Theme> & Omit<...>'.
      Property 'item' does not exist on type 'IntrinsicAttributes & GridBaseProps & { sx?: SxProps<Theme> | undefined; } & SystemProps<Theme> & Omit<...>'.
    297 |
    298 |         {/* Loan Summaries */}
  > 299 |         <Grid item xs={12} md={8}>
        |         ^^^^^^^^^^^^^^^^^^^^^^^^^^
    300 |           <Paper sx={{ p: 3 }}>
    301 |             <Typography variant="h6" gutterBottom>
    302 |               Active Loans Summary

ERROR in src/components/BorrowerDashboard.tsx:356:9
TS2769: No overload matches this call.
  Overload 1 of 2, '(props: { component: ElementType<any, keyof IntrinsicElements>; } & GridBaseProps & { sx?: SxProps<Theme> | undefined; } & SystemProps<...> & Omit<...>): Element | null', gave the following error.
    Property 'component' is missing in type '{ children: Element; item: true; xs: number; md: number; }' but required in type '{ component: ElementType<any, keyof IntrinsicElements>; }'.
  Overload 2 of 2, '(props: DefaultComponentProps<GridTypeMap<{}, "div">>): Element | null', gave the following error.
    Type '{ children: Element; item: true; xs: number; md: number; }' is not assignable to type 'IntrinsicAttributes & GridBaseProps & { sx?: SxProps<Theme> | undefined; } & SystemProps<Theme> & Omit<...>'.
      Property 'item' does not exist on type 'IntrinsicAttributes & GridBaseProps & { sx?: SxProps<Theme> | undefined; } & SystemProps<Theme> & Omit<...>'.
    354 |
    355 |         {/* Recent Transactions */}
  > 356 |         <Grid item xs={12} md={4}>
        |         ^^^^^^^^^^^^^^^^^^^^^^^^^^
    357 |           <Paper sx={{ p: 3 }}>
    358 |             <Typography variant="h6" gutterBottom>
    359 |               Recent Transactions

ERROR in src/components/LenderDashboard.tsx:202:9
TS2769: No overload matches this call.
  Overload 1 of 2, '(props: { component: ElementType<any, keyof IntrinsicElements>; } & GridBaseProps & { sx?: SxProps<Theme> | undefined; } & SystemProps<...> & Omit<...>): Element | null', gave the following error.
    Property 'component' is missing in type '{ children: Element; item: true; xs: number; sm: number; md: number; }' but required in type '{ component: ElementType<any, keyof IntrinsicElements>; }'.
  Overload 2 of 2, '(props: DefaultComponentProps<GridTypeMap<{}, "div">>): Element | null', gave the following error.
    Type '{ children: Element; item: true; xs: number; sm: number; md: number; }' is not assignable to type 'IntrinsicAttributes & GridBaseProps & { sx?: SxProps<Theme> | undefined; } & SystemProps<Theme> & Omit<...>'.
      Property 'item' does not exist on type 'IntrinsicAttributes & GridBaseProps & { sx?: SxProps<Theme> | undefined; } & SystemProps<Theme> & Omit<...>'.
    200 |       {/* Summary Cards */}
    201 |       <Grid container spacing={3} sx={{ mb: 4 }}>
  > 202 |         <Grid item xs={12} sm={6} md={3}>
        |         ^^^^^^^^^^^^^^^^^^^^^^^^^^^^^^^^^
    203 |           <Card sx={{ background: 'linear-gradient(135deg, #667eea 0%, #764ba2 100%)', color: 'white' }}>
    204 |             <CardContent>
    205 |               <Box sx={{ display: 'flex', alignItems: 'center', mb: 1 }}>

ERROR in src/components/LenderDashboard.tsx:216:9
TS2769: No overload matches this call.
  Overload 1 of 2, '(props: { component: ElementType<any, keyof IntrinsicElements>; } & GridBaseProps & { sx?: SxProps<Theme> | undefined; } & SystemProps<...> & Omit<...>): Element | null', gave the following error.
    Property 'component' is missing in type '{ children: Element; item: true; xs: number; sm: number; md: number; }' but required in type '{ component: ElementType<any, keyof IntrinsicElements>; }'.
  Overload 2 of 2, '(props: DefaultComponentProps<GridTypeMap<{}, "div">>): Element | null', gave the following error.
    Type '{ children: Element; item: true; xs: number; sm: number; md: number; }' is not assignable to type 'IntrinsicAttributes & GridBaseProps & { sx?: SxProps<Theme> | undefined; } & SystemProps<Theme> & Omit<...>'.
      Property 'item' does not exist on type 'IntrinsicAttributes & GridBaseProps & { sx?: SxProps<Theme> | undefined; } & SystemProps<Theme> & Omit<...>'.
    214 |         </Grid>
    215 |
  > 216 |         <Grid item xs={12} sm={6} md={3}>
        |         ^^^^^^^^^^^^^^^^^^^^^^^^^^^^^^^^^
    217 |           <Card sx={{ background: 'linear-gradient(135deg, #f093fb 0%, #f5576c 100%)', color: 'white' }}>
    218 |             <CardContent>
    219 |               <Box sx={{ display: 'flex', alignItems: 'center', mb: 1 }}>

ERROR in src/components/LenderDashboard.tsx:230:9
TS2769: No overload matches this call.
  Overload 1 of 2, '(props: { component: ElementType<any, keyof IntrinsicElements>; } & GridBaseProps & { sx?: SxProps<Theme> | undefined; } & SystemProps<...> & Omit<...>): Element | null', gave the following error.
    Property 'component' is missing in type '{ children: Element; item: true; xs: number; sm: number; md: number; }' but required in type '{ component: ElementType<any, keyof IntrinsicElements>; }'.
  Overload 2 of 2, '(props: DefaultComponentProps<GridTypeMap<{}, "div">>): Element | null', gave the following error.
    Type '{ children: Element; item: true; xs: number; sm: number; md: number; }' is not assignable to type 'IntrinsicAttributes & GridBaseProps & { sx?: SxProps<Theme> | undefined; } & SystemProps<Theme> & Omit<...>'.
      Property 'item' does not exist on type 'IntrinsicAttributes & GridBaseProps & { sx?: SxProps<Theme> | undefined; } & SystemProps<Theme> & Omit<...>'.
    228 |         </Grid>
    229 |
  > 230 |         <Grid item xs={12} sm={6} md={3}>
        |         ^^^^^^^^^^^^^^^^^^^^^^^^^^^^^^^^^
    231 |           <Card sx={{ background: 'linear-gradient(135deg, #4facfe 0%, #00f2fe 100%)', color: 'white' }}>
    232 |             <CardContent>
    233 |               <Box sx={{ display: 'flex', alignItems: 'center', mb: 1 }}>

ERROR in src/components/LenderDashboard.tsx:247:9
TS2769: No overload matches this call.
  Overload 1 of 2, '(props: { component: ElementType<any, keyof IntrinsicElements>; } & GridBaseProps & { sx?: SxProps<Theme> | undefined; } & SystemProps<...> & Omit<...>): Element | null', gave the following error.
    Property 'component' is missing in type '{ children: Element; item: true; xs: number; sm: number; md: number; }' but required in type '{ component: ElementType<any, keyof IntrinsicElements>; }'.
  Overload 2 of 2, '(props: DefaultComponentProps<GridTypeMap<{}, "div">>): Element | null', gave the following error.
    Type '{ children: Element; item: true; xs: number; sm: number; md: number; }' is not assignable to type 'IntrinsicAttributes & GridBaseProps & { sx?: SxProps<Theme> | undefined; } & SystemProps<Theme> & Omit<...>'.
      Property 'item' does not exist on type 'IntrinsicAttributes & GridBaseProps & { sx?: SxProps<Theme> | undefined; } & SystemProps<Theme> & Omit<...>'.
    245 |         </Grid>
    246 |
  > 247 |         <Grid item xs={12} sm={6} md={3}>
        |         ^^^^^^^^^^^^^^^^^^^^^^^^^^^^^^^^^
    248 |           <Card sx={{ background: 'linear-gradient(135deg, #fa709a 0%, #fee140 100%)', color: 'white' }}>
    249 |             <CardContent>
    250 |               <Box sx={{ display: 'flex', alignItems: 'center', mb: 1 }}>

ERROR in src/components/LenderDashboard.tsx:264:9
TS2769: No overload matches this call.
  Overload 1 of 2, '(props: { component: ElementType<any, keyof IntrinsicElements>; } & GridBaseProps & { sx?: SxProps<Theme> | undefined; } & SystemProps<...> & Omit<...>): Element | null', gave the following error.
    Property 'component' is missing in type '{ children: Element; item: true; xs: number; md: number; }' but required in type '{ component: ElementType<any, keyof IntrinsicElements>; }'.
  Overload 2 of 2, '(props: DefaultComponentProps<GridTypeMap<{}, "div">>): Element | null', gave the following error.
    Type '{ children: Element; item: true; xs: number; md: number; }' is not assignable to type 'IntrinsicAttributes & GridBaseProps & { sx?: SxProps<Theme> | undefined; } & SystemProps<Theme> & Omit<...>'.
      Property 'item' does not exist on type 'IntrinsicAttributes & GridBaseProps & { sx?: SxProps<Theme> | undefined; } & SystemProps<Theme> & Omit<...>'.
    262 |       <Grid container spacing={3}>
    263 |         {/* Collection Trends */}
  > 264 |         <Grid item xs={12} md={8}>
        |         ^^^^^^^^^^^^^^^^^^^^^^^^^^
    265 |           <Paper sx={{ p: 3 }}>
    266 |             <Typography variant="h6" gutterBottom>
    267 |               Monthly Collection Trends

ERROR in src/components/LenderDashboard.tsx:296:9
TS2769: No overload matches this call.
  Overload 1 of 2, '(props: { component: ElementType<any, keyof IntrinsicElements>; } & GridBaseProps & { sx?: SxProps<Theme> | undefined; } & SystemProps<...> & Omit<...>): Element | null', gave the following error.
    Property 'component' is missing in type '{ children: Element; item: true; xs: number; md: number; }' but required in type '{ component: ElementType<any, keyof IntrinsicElements>; }'.
  Overload 2 of 2, '(props: DefaultComponentProps<GridTypeMap<{}, "div">>): Element | null', gave the following error.
    Type '{ children: Element; item: true; xs: number; md: number; }' is not assignable to type 'IntrinsicAttributes & GridBaseProps & { sx?: SxProps<Theme> | undefined; } & SystemProps<Theme> & Omit<...>'.
      Property 'item' does not exist on type 'IntrinsicAttributes & GridBaseProps & { sx?: SxProps<Theme> | undefined; } & SystemProps<Theme> & Omit<...>'.
    294 |
    295 |         {/* Collection Progress */}
  > 296 |         <Grid item xs={12} md={4}>
        |         ^^^^^^^^^^^^^^^^^^^^^^^^^^
    297 |           <Paper sx={{ p: 3 }}>
    298 |             <Typography variant="h6" gutterBottom>
    299 |               This Month's Progress

ERROR in src/components/LenderDashboard.tsx:331:9
TS2769: No overload matches this call.
  Overload 1 of 2, '(props: { component: ElementType<any, keyof IntrinsicElements>; } & GridBaseProps & { sx?: SxProps<Theme> | undefined; } & SystemProps<...> & Omit<...>): Element | null', gave the following error.
    Property 'component' is missing in type '{ children: Element; item: true; xs: number; md: number; }' but required in type '{ component: ElementType<any, keyof IntrinsicElements>; }'.
  Overload 2 of 2, '(props: DefaultComponentProps<GridTypeMap<{}, "div">>): Element | null', gave the following error.
    Type '{ children: Element; item: true; xs: number; md: number; }' is not assignable to type 'IntrinsicAttributes & GridBaseProps & { sx?: SxProps<Theme> | undefined; } & SystemProps<Theme> & Omit<...>'.
      Property 'item' does not exist on type 'IntrinsicAttributes & GridBaseProps & { sx?: SxProps<Theme> | undefined; } & SystemProps<Theme> & Omit<...>'.
    329 |
    330 |         {/* Borrower-wise Collections */}
  > 331 |         <Grid item xs={12} md={8}>
        |         ^^^^^^^^^^^^^^^^^^^^^^^^^^
    332 |           <Paper sx={{ p: 3 }}>
    333 |             <Typography variant="h6" gutterBottom>
    334 |               Borrower-wise Collection Status

ERROR in src/components/LenderDashboard.tsx:351:9
TS2769: No overload matches this call.
  Overload 1 of 2, '(props: { component: ElementType<any, keyof IntrinsicElements>; } & GridBaseProps & { sx?: SxProps<Theme> | undefined; } & SystemProps<...> & Omit<...>): Element | null', gave the following error.
    Property 'component' is missing in type '{ children: Element; item: true; xs: number; md: number; }' but required in type '{ component: ElementType<any, keyof IntrinsicElements>; }'.
  Overload 2 of 2, '(props: DefaultComponentProps<GridTypeMap<{}, "div">>): Element | null', gave the following error.
    Type '{ children: Element; item: true; xs: number; md: number; }' is not assignable to type 'IntrinsicAttributes & GridBaseProps & { sx?: SxProps<Theme> | undefined; } & SystemProps<Theme> & Omit<...>'.
      Property 'item' does not exist on type 'IntrinsicAttributes & GridBaseProps & { sx?: SxProps<Theme> | undefined; } & SystemProps<Theme> & Omit<...>'.
    349 |
    350 |         {/* Upcoming Payments */}
  > 351 |         <Grid item xs={12} md={4}>
        |         ^^^^^^^^^^^^^^^^^^^^^^^^^^
    352 |           <Paper sx={{ p: 3 }}>
    353 |             <Typography variant="h6" gutterBottom>
    354 |               Upcoming EMI Payments

ERROR in src/components/LenderDashboard.tsx:394:9
TS2769: No overload matches this call.
  Overload 1 of 2, '(props: { component: ElementType<any, keyof IntrinsicElements>; } & GridBaseProps & { sx?: SxProps<Theme> | undefined; } & SystemProps<...> & Omit<...>): Element | null', gave the following error.
    Property 'component' is missing in type '{ children: Element; item: true; xs: number; }' but required in type '{ component: ElementType<any, keyof IntrinsicElements>; }'.
  Overload 2 of 2, '(props: DefaultComponentProps<GridTypeMap<{}, "div">>): Element | null', gave the following error.
    Type '{ children: Element; item: true; xs: number; }' is not assignable to type 'IntrinsicAttributes & GridBaseProps & { sx?: SxProps<Theme> | undefined; } & SystemProps<Theme> & Omit<...>'.
      Property 'item' does not exist on type 'IntrinsicAttributes & GridBaseProps & { sx?: SxProps<Theme> | undefined; } & SystemProps<Theme> & Omit<...>'.
    392 |
    393 |         {/* Borrower Portfolio */}
  > 394 |         <Grid item xs={12}>
        |         ^^^^^^^^^^^^^^^^^^^
    395 |           <Paper sx={{ p: 3 }}>
    396 |             <Typography variant="h6" gutterBottom>
    397 |               Borrower Portfolio

ERROR in src/components/LoanManagement.tsx:81:11
TS2739: Type '{ id: number; borrowerId: number; lenderId: number; principalAmount: number; interestRate: number; loanTermMonths: number; emiAmount: number; emiCollectionPercentage: number; emiDueDate: number; ... 6 more ...; remainingAmount: number; }' is missing the following properties from type 'Loan': loanAmount, tenureMonths, monthlyEmiAmount, nextEmiDate, outstandingAmount
     79 |         // Demo data
     80 |         const demoLoans: Loan[] = [
  >  81 |           {
        |           ^
  >  82 |             id: 1,
        | ^^^^^^^^^^^^^^^^^^
  >  83 |             borrowerId: 1,
        | ^^^^^^^^^^^^^^^^^^
  >  84 |             lenderId: 2,
        | ^^^^^^^^^^^^^^^^^^
  >  85 |             principalAmount: 500000,
        | ^^^^^^^^^^^^^^^^^^
  >  86 |             interestRate: 12,
        | ^^^^^^^^^^^^^^^^^^
  >  87 |             loanTermMonths: 24,
        | ^^^^^^^^^^^^^^^^^^
  >  88 |             emiAmount: 23538,
        | ^^^^^^^^^^^^^^^^^^
  >  89 |             emiCollectionPercentage: 5,
        | ^^^^^^^^^^^^^^^^^^
  >  90 |             emiDueDate: 15,
        | ^^^^^^^^^^^^^^^^^^
  >  91 |             startDate: '2023-12-01',
        | ^^^^^^^^^^^^^^^^^^
  >  92 |             endDate: '2025-12-01',
        | ^^^^^^^^^^^^^^^^^^
  >  93 |             status: 'ACTIVE',
        | ^^^^^^^^^^^^^^^^^^
  >  94 |             borrowerName: 'John Smith',
        | ^^^^^^^^^^^^^^^^^^
  >  95 |             lenderName: 'Jane Doe',
        | ^^^^^^^^^^^^^^^^^^
  >  96 |             collectedAmount: 15000,
        | ^^^^^^^^^^^^^^^^^^
  >  97 |             remainingAmount: 8538,
        | ^^^^^^^^^^^^^^^^^^
  >  98 |           },
        | ^^^^^^^^^^^^
     99 |           {
    100 |             id: 2,
    101 |             borrowerId: 3,

ERROR in src/components/LoanManagement.tsx:99:11
TS2739: Type '{ id: number; borrowerId: number; lenderId: number; principalAmount: number; interestRate: number; loanTermMonths: number; emiAmount: number; emiCollectionPercentage: number; emiDueDate: number; ... 6 more ...; remainingAmount: number; }' is missing the following properties from type 'Loan': loanAmount, tenureMonths, monthlyEmiAmount, nextEmiDate, outstandingAmount
     97 |             remainingAmount: 8538,
     98 |           },
  >  99 |           {
        |           ^
  > 100 |             id: 2,
        | ^^^^^^^^^^^^^^^^^^
  > 101 |             borrowerId: 3,
        | ^^^^^^^^^^^^^^^^^^
  > 102 |             lenderId: 2,
        | ^^^^^^^^^^^^^^^^^^
  > 103 |             principalAmount: 250000,
        | ^^^^^^^^^^^^^^^^^^
  > 104 |             interestRate: 10,
        | ^^^^^^^^^^^^^^^^^^
  > 105 |             loanTermMonths: 18,
        | ^^^^^^^^^^^^^^^^^^
  > 106 |             emiAmount: 15234,
        | ^^^^^^^^^^^^^^^^^^
  > 107 |             emiCollectionPercentage: 4,
        | ^^^^^^^^^^^^^^^^^^
  > 108 |             emiDueDate: 20,
        | ^^^^^^^^^^^^^^^^^^
  > 109 |             startDate: '2024-01-01',
        | ^^^^^^^^^^^^^^^^^^
  > 110 |             endDate: '2025-07-01',
        | ^^^^^^^^^^^^^^^^^^
  > 111 |             status: 'ACTIVE',
        | ^^^^^^^^^^^^^^^^^^
  > 112 |             borrowerName: 'Ram Kumar',
        | ^^^^^^^^^^^^^^^^^^
  > 113 |             lenderName: 'Jane Doe',
        | ^^^^^^^^^^^^^^^^^^
  > 114 |             collectedAmount: 8000,
        | ^^^^^^^^^^^^^^^^^^
  > 115 |             remainingAmount: 7234,
        | ^^^^^^^^^^^^^^^^^^
  > 116 |           },
        | ^^^^^^^^^^^^
    117 |         ];
    118 |
    119 |         const demoUsers: User[] = [

ERROR in src/components/LoanManagement.tsx:289:23
TS18048: 'loan.principalAmount' is possibly 'undefined'.
    287 |                   </TableCell>
    288 |                   <TableCell align="right">
  > 289 |                     ₹{loan.principalAmount.toLocaleString()}
        |                       ^^^^^^^^^^^^^^^^^^^^
    290 |                   </TableCell>
    291 |                   <TableCell align="right">{loan.interestRate}%</TableCell>
    292 |                   <TableCell align="right">

ERROR in src/components/LoanManagement.tsx:293:23
TS18048: 'loan.emiAmount' is possibly 'undefined'.
    291 |                   <TableCell align="right">{loan.interestRate}%</TableCell>
    292 |                   <TableCell align="right">
  > 293 |                     ₹{loan.emiAmount.toLocaleString()}
        |                       ^^^^^^^^^^^^^^
    294 |                   </TableCell>
    295 |                   <TableCell align="center">{loan.loanTermMonths}</TableCell>
    296 |                   <TableCell align="center">{loan.emiCollectionPercentage}%</TableCell>

ERROR in src/components/LoanManagement.tsx:330:13
TS2769: No overload matches this call.
  Overload 1 of 2, '(props: { component: ElementType<any, keyof IntrinsicElements>; } & GridBaseProps & { sx?: SxProps<Theme> | undefined; } & SystemProps<...> & Omit<...>): Element | null', gave the following error.
    Property 'component' is missing in type '{ children: Element; item: true; xs: number; md: number; }' but required in type '{ component: ElementType<any, keyof IntrinsicElements>; }'.
  Overload 2 of 2, '(props: DefaultComponentProps<GridTypeMap<{}, "div">>): Element | null', gave the following error.
    Type '{ children: Element; item: true; xs: number; md: number; }' is not assignable to type 'IntrinsicAttributes & GridBaseProps & { sx?: SxProps<Theme> | undefined; } & SystemProps<Theme> & Omit<...>'.
      Property 'item' does not exist on type 'IntrinsicAttributes & GridBaseProps & { sx?: SxProps<Theme> | undefined; } & SystemProps<Theme> & Omit<...>'.
    328 |         <DialogContent>
    329 |           <Grid container spacing={2} sx={{ mt: 1 }}>
  > 330 |             <Grid item xs={12} md={6}>
        |             ^^^^^^^^^^^^^^^^^^^^^^^^^^
    331 |               <Autocomplete
    332 |                 options={getAvailableUsers()}
    333 |                 getOptionLabel={(option) => option.fullName}

ERROR in src/components/LoanManagement.tsx:364:13
TS2769: No overload matches this call.
  Overload 1 of 2, '(props: { component: ElementType<any, keyof IntrinsicElements>; } & GridBaseProps & { sx?: SxProps<Theme> | undefined; } & SystemProps<...> & Omit<...>): Element | null', gave the following error.
    Property 'component' is missing in type '{ children: Element; item: true; xs: number; md: number; }' but required in type '{ component: ElementType<any, keyof IntrinsicElements>; }'.
  Overload 2 of 2, '(props: DefaultComponentProps<GridTypeMap<{}, "div">>): Element | null', gave the following error.
    Type '{ children: Element; item: true; xs: number; md: number; }' is not assignable to type 'IntrinsicAttributes & GridBaseProps & { sx?: SxProps<Theme> | undefined; } & SystemProps<Theme> & Omit<...>'.
      Property 'item' does not exist on type 'IntrinsicAttributes & GridBaseProps & { sx?: SxProps<Theme> | undefined; } & SystemProps<Theme> & Omit<...>'.
    362 |             </Grid>
    363 |
  > 364 |             <Grid item xs={12} md={6}>
        |             ^^^^^^^^^^^^^^^^^^^^^^^^^^
    365 |               <TextField
    366 |                 label="Principal Amount"
    367 |                 type="number"

ERROR in src/components/LoanManagement.tsx:381:13
TS2769: No overload matches this call.
  Overload 1 of 2, '(props: { component: ElementType<any, keyof IntrinsicElements>; } & GridBaseProps & { sx?: SxProps<Theme> | undefined; } & SystemProps<...> & Omit<...>): Element | null', gave the following error.
    Property 'component' is missing in type '{ children: Element; item: true; xs: number; md: number; }' but required in type '{ component: ElementType<any, keyof IntrinsicElements>; }'.
  Overload 2 of 2, '(props: DefaultComponentProps<GridTypeMap<{}, "div">>): Element | null', gave the following error.
    Type '{ children: Element; item: true; xs: number; md: number; }' is not assignable to type 'IntrinsicAttributes & GridBaseProps & { sx?: SxProps<Theme> | undefined; } & SystemProps<Theme> & Omit<...>'.
      Property 'item' does not exist on type 'IntrinsicAttributes & GridBaseProps & { sx?: SxProps<Theme> | undefined; } & SystemProps<Theme> & Omit<...>'.
    379 |             </Grid>
    380 |
  > 381 |             <Grid item xs={12} md={6}>
        |             ^^^^^^^^^^^^^^^^^^^^^^^^^^
    382 |               <TextField
    383 |                 label="Interest Rate (%)"
    384 |                 type="number"

ERROR in src/components/LoanManagement.tsx:398:13
TS2769: No overload matches this call.
  Overload 1 of 2, '(props: { component: ElementType<any, keyof IntrinsicElements>; } & GridBaseProps & { sx?: SxProps<Theme> | undefined; } & SystemProps<...> & Omit<...>): Element | null', gave the following error.
    Property 'component' is missing in type '{ children: Element; item: true; xs: number; md: number; }' but required in type '{ component: ElementType<any, keyof IntrinsicElements>; }'.
  Overload 2 of 2, '(props: DefaultComponentProps<GridTypeMap<{}, "div">>): Element | null', gave the following error.
    Type '{ children: Element; item: true; xs: number; md: number; }' is not assignable to type 'IntrinsicAttributes & GridBaseProps & { sx?: SxProps<Theme> | undefined; } & SystemProps<Theme> & Omit<...>'.
      Property 'item' does not exist on type 'IntrinsicAttributes & GridBaseProps & { sx?: SxProps<Theme> | undefined; } & SystemProps<Theme> & Omit<...>'.
    396 |             </Grid>
    397 |
  > 398 |             <Grid item xs={12} md={6}>
        |             ^^^^^^^^^^^^^^^^^^^^^^^^^^
    399 |               <TextField
    400 |                 label="Loan Term (Months)"
    401 |                 type="number"

ERROR in src/components/LoanManagement.tsx:412:13
TS2769: No overload matches this call.
  Overload 1 of 2, '(props: { component: ElementType<any, keyof IntrinsicElements>; } & GridBaseProps & { sx?: SxProps<Theme> | undefined; } & SystemProps<...> & Omit<...>): Element | null', gave the following error.
    Property 'component' is missing in type '{ children: Element; item: true; xs: number; md: number; }' but required in type '{ component: ElementType<any, keyof IntrinsicElements>; }'.
  Overload 2 of 2, '(props: DefaultComponentProps<GridTypeMap<{}, "div">>): Element | null', gave the following error.
    Type '{ children: Element; item: true; xs: number; md: number; }' is not assignable to type 'IntrinsicAttributes & GridBaseProps & { sx?: SxProps<Theme> | undefined; } & SystemProps<Theme> & Omit<...>'.
      Property 'item' does not exist on type 'IntrinsicAttributes & GridBaseProps & { sx?: SxProps<Theme> | undefined; } & SystemProps<Theme> & Omit<...>'.
    410 |             </Grid>
    411 |
  > 412 |             <Grid item xs={12} md={6}>
        |             ^^^^^^^^^^^^^^^^^^^^^^^^^^
    413 |               <TextField
    414 |                 label="EMI Collection Percentage"
    415 |                 type="number"

ERROR in src/components/LoanManagement.tsx:430:13
TS2769: No overload matches this call.
  Overload 1 of 2, '(props: { component: ElementType<any, keyof IntrinsicElements>; } & GridBaseProps & { sx?: SxProps<Theme> | undefined; } & SystemProps<...> & Omit<...>): Element | null', gave the following error.
    Property 'component' is missing in type '{ children: Element; item: true; xs: number; md: number; }' but required in type '{ component: ElementType<any, keyof IntrinsicElements>; }'.
  Overload 2 of 2, '(props: DefaultComponentProps<GridTypeMap<{}, "div">>): Element | null', gave the following error.
    Type '{ children: Element; item: true; xs: number; md: number; }' is not assignable to type 'IntrinsicAttributes & GridBaseProps & { sx?: SxProps<Theme> | undefined; } & SystemProps<Theme> & Omit<...>'.
      Property 'item' does not exist on type 'IntrinsicAttributes & GridBaseProps & { sx?: SxProps<Theme> | undefined; } & SystemProps<Theme> & Omit<...>'.
    428 |             </Grid>
    429 |
  > 430 |             <Grid item xs={12} md={6}>
        |             ^^^^^^^^^^^^^^^^^^^^^^^^^^
    431 |               <TextField
    432 |                 label="EMI Due Date"
    433 |                 type="number"

ERROR in src/components/LoanManagement.tsx:447:15
TS2769: No overload matches this call.
  Overload 1 of 2, '(props: { component: ElementType<any, keyof IntrinsicElements>; } & GridBaseProps & { sx?: SxProps<Theme> | undefined; } & SystemProps<...> & Omit<...>): Element | null', gave the following error.
    Property 'component' is missing in type '{ children: Element; item: true; xs: number; }' but required in type '{ component: ElementType<any, keyof IntrinsicElements>; }'.
  Overload 2 of 2, '(props: DefaultComponentProps<GridTypeMap<{}, "div">>): Element | null', gave the following error.
    Type '{ children: Element; item: true; xs: number; }' is not assignable to type 'IntrinsicAttributes & GridBaseProps & { sx?: SxProps<Theme> | undefined; } & SystemProps<Theme> & Omit<...>'.
      Property 'item' does not exist on type 'IntrinsicAttributes & GridBaseProps & { sx?: SxProps<Theme> | undefined; } & SystemProps<Theme> & Omit<...>'.
    445 |
    446 |             {newLoan.principalAmount > 0 && newLoan.interestRate > 0 && newLoan.loanTermMonths > 0 && (
  > 447 |               <Grid item xs={12}>
        |               ^^^^^^^^^^^^^^^^^^^
    448 |                 <Alert severity="info">
    449 |                   <Typography variant="body2">
    450 |                     <strong>Calculated EMI: ₹{calculateEMI(

ERROR in src/components/TransactionForm.tsx:119:24
TS2551: Property 'getTransactionsByBorrower' does not exist on type '{ createLoan: (loan: LoanRequest) => Promise<AxiosResponse<Loan, any>>; getLoansByBorrower: (borrowerId: number) => Promise<AxiosResponse<Loan[], any>>; ... 12 more ...; getPaymentHistory: (loanId: number) => Promise<...>; }'. Did you mean 'getTransactionsByLoan'?
    117 |         const [loansResponse, transactionsResponse] = await Promise.all([
    118 |           emiWalletApi.getLoansByBorrower(currentUser.id),
  > 119 |           emiWalletApi.getTransactionsByBorrower(currentUser.id),
        |                        ^^^^^^^^^^^^^^^^^^^^^^^^^
    120 |         ]);
    121 |         setLoans(loansResponse.data);
    122 |         setTransactions(transactionsResponse.data);

ERROR in src/components/TransactionForm.tsx:156:11
TS2345: Argument of type '{ borrowerId: number; loanId: number; transactionAmount: number; emiCollectionAmount: number; description: string; }' is not assignable to parameter of type 'TransactionRequest'.
  Object literal may only specify known properties, and 'borrowerId' does not exist in type 'TransactionRequest'.
    154 |       try {
    155 |         await emiWalletApi.addTransaction({
  > 156 |           borrowerId: currentUser.id,
        |           ^^^^^^^^^^^^^^^^^^^^^^^^^^
    157 |           loanId: newTransaction.loanId,
    158 |           transactionAmount: newTransaction.transactionAmount,
    159 |           emiCollectionAmount,

Compiling...
Compiled with warnings.

[eslint] 
src/components/BorrowerDashboard.tsx
  Line 16:3:   'Button' is defined but never used                                                                                    @typescript-eslint/no-unused-vars
  Line 22:3:   'TrendingUp' is defined but never used                                                                                @typescript-eslint/no-unused-vars
  Line 26:54:  'Loan' is defined but never used                                                                                      @typescript-eslint/no-unused-vars
  Line 40:6:   React Hook useEffect has a missing dependency: 'loadDashboardData'. Either include it or remove the dependency array  react-hooks/exhaustive-deps

src/components/LenderDashboard.tsx
  Line 28:3:  'Schedule' is defined but never used                                                                                  @typescript-eslint/no-unused-vars
  Line 48:6:  React Hook useEffect has a missing dependency: 'loadDashboardData'. Either include it or remove the dependency array  react-hooks/exhaustive-deps

src/components/LoanManagement.tsx
  Line 22:3:   'Select' is defined but never used                                                                           @typescript-eslint/no-unused-vars
  Line 23:3:   'MenuItem' is defined but never used                                                                         @typescript-eslint/no-unused-vars
  Line 24:3:   'FormControl' is defined but never used                                                                      @typescript-eslint/no-unused-vars
  Line 25:3:   'InputLabel' is defined but never used                                                                       @typescript-eslint/no-unused-vars
  Line 31:3:   'Edit' is defined but never used                                                                             @typescript-eslint/no-unused-vars
  Line 32:3:   'AccountBalance' is defined but never used                                                                   @typescript-eslint/no-unused-vars
  Line 44:10:  'loading' is assigned a value but never used                                                                 @typescript-eslint/no-unused-vars
  Line 60:6:   React Hook useEffect has a missing dependency: 'loadData'. Either include it or remove the dependency array  react-hooks/exhaustive-deps

src/components/TransactionForm.tsx
  Line 13:3:   'Card' is defined but never used                                                                              @typescript-eslint/no-unused-vars
  Line 14:3:   'CardContent' is defined but never used                                                                       @typescript-eslint/no-unused-vars
  Line 30:3:   'AccountBalance' is defined but never used                                                                    @typescript-eslint/no-unused-vars
  Line 31:3:   'TrendingUp' is defined but never used                                                                        @typescript-eslint/no-unused-vars
  Line 111:6:  React Hook useEffect has a missing dependency: 'fetchData'. Either include it or remove the dependency array  react-hooks/exhaustive-deps

src/components/UserSelector.tsx
  Line 6:3:  'Button' is defined but never used  @typescript-eslint/no-unused-vars

src/services/api.ts
  Line 11:3:  'ApiResponse' is defined but never used  @typescript-eslint/no-unused-vars

Search for the keywords to learn more about each warning.
To ignore, add // eslint-disable-next-line to the line before.

WARNING in [eslint] 
src/components/BorrowerDashboard.tsx
  Line 16:3:   'Button' is defined but never used                                                                                    @typescript-eslint/no-unused-vars
  Line 22:3:   'TrendingUp' is defined but never used                                                                                @typescript-eslint/no-unused-vars
  Line 26:54:  'Loan' is defined but never used                                                                                      @typescript-eslint/no-unused-vars
  Line 40:6:   React Hook useEffect has a missing dependency: 'loadDashboardData'. Either include it or remove the dependency array  react-hooks/exhaustive-deps

src/components/LenderDashboard.tsx
  Line 28:3:  'Schedule' is defined but never used                                                                                  @typescript-eslint/no-unused-vars
  Line 48:6:  React Hook useEffect has a missing dependency: 'loadDashboardData'. Either include it or remove the dependency array  react-hooks/exhaustive-deps

src/components/LoanManagement.tsx
  Line 22:3:   'Select' is defined but never used                                                                           @typescript-eslint/no-unused-vars
  Line 23:3:   'MenuItem' is defined but never used                                                                         @typescript-eslint/no-unused-vars
  Line 24:3:   'FormControl' is defined but never used                                                                      @typescript-eslint/no-unused-vars
  Line 25:3:   'InputLabel' is defined but never used                                                                       @typescript-eslint/no-unused-vars
  Line 31:3:   'Edit' is defined but never used                                                                             @typescript-eslint/no-unused-vars
  Line 32:3:   'AccountBalance' is defined but never used                                                                   @typescript-eslint/no-unused-vars
  Line 44:10:  'loading' is assigned a value but never used                                                                 @typescript-eslint/no-unused-vars
  Line 60:6:   React Hook useEffect has a missing dependency: 'loadData'. Either include it or remove the dependency array  react-hooks/exhaustive-deps

src/components/TransactionForm.tsx
  Line 13:3:   'Card' is defined but never used                                                                              @typescript-eslint/no-unused-vars
  Line 14:3:   'CardContent' is defined but never used                                                                       @typescript-eslint/no-unused-vars
  Line 30:3:   'AccountBalance' is defined but never used                                                                    @typescript-eslint/no-unused-vars
  Line 31:3:   'TrendingUp' is defined but never used                                                                        @typescript-eslint/no-unused-vars
  Line 111:6:  React Hook useEffect has a missing dependency: 'fetchData'. Either include it or remove the dependency array  react-hooks/exhaustive-deps

src/components/UserSelector.tsx
  Line 6:3:  'Button' is defined but never used  @typescript-eslint/no-unused-vars

src/services/api.ts
  Line 11:3:  'ApiResponse' is defined but never used  @typescript-eslint/no-unused-vars

webpack compiled with 1 warning
ERROR in src/components/BorrowerDashboard.tsx:173:9
TS2769: No overload matches this call.
  Overload 1 of 2, '(props: { component: ElementType<any, keyof IntrinsicElements>; } & GridBaseProps & { sx?: SxProps<Theme> | undefined; } & SystemProps<...> & Omit<...>): Element | null', gave the following error.
    Property 'component' is missing in type '{ children: Element; item: true; xs: number; sm: number; md: number; }' but required in type '{ component: ElementType<any, keyof IntrinsicElements>; }'.
  Overload 2 of 2, '(props: DefaultComponentProps<GridTypeMap<{}, "div">>): Element | null', gave the following error.
    Type '{ children: Element; item: true; xs: number; sm: number; md: number; }' is not assignable to type 'IntrinsicAttributes & GridBaseProps & { sx?: SxProps<Theme> | undefined; } & SystemProps<Theme> & Omit<...>'.
      Property 'item' does not exist on type 'IntrinsicAttributes & GridBaseProps & { sx?: SxProps<Theme> | undefined; } & SystemProps<Theme> & Omit<...>'.
    171 |       {/* Summary Cards */}
    172 |       <Grid container spacing={3} sx={{ mb: 4 }}>
  > 173 |         <Grid item xs={12} sm={6} md={3}>
        |         ^^^^^^^^^^^^^^^^^^^^^^^^^^^^^^^^^
    174 |           <Card sx={{ background: 'linear-gradient(135deg, #667eea 0%, #764ba2 100%)', color: 'white' }}>
    175 |             <CardContent>
    176 |               <Box sx={{ display: 'flex', alignItems: 'center', mb: 1 }}>

ERROR in src/components/BorrowerDashboard.tsx:187:9
TS2769: No overload matches this call.
  Overload 1 of 2, '(props: { component: ElementType<any, keyof IntrinsicElements>; } & GridBaseProps & { sx?: SxProps<Theme> | undefined; } & SystemProps<...> & Omit<...>): Element | null', gave the following error.
    Property 'component' is missing in type '{ children: Element; item: true; xs: number; sm: number; md: number; }' but required in type '{ component: ElementType<any, keyof IntrinsicElements>; }'.
  Overload 2 of 2, '(props: DefaultComponentProps<GridTypeMap<{}, "div">>): Element | null', gave the following error.
    Type '{ children: Element; item: true; xs: number; sm: number; md: number; }' is not assignable to type 'IntrinsicAttributes & GridBaseProps & { sx?: SxProps<Theme> | undefined; } & SystemProps<Theme> & Omit<...>'.
      Property 'item' does not exist on type 'IntrinsicAttributes & GridBaseProps & { sx?: SxProps<Theme> | undefined; } & SystemProps<Theme> & Omit<...>'.
    185 |         </Grid>
    186 |
  > 187 |         <Grid item xs={12} sm={6} md={3}>
        |         ^^^^^^^^^^^^^^^^^^^^^^^^^^^^^^^^^
    188 |           <Card sx={{ background: 'linear-gradient(135deg, #f093fb 0%, #f5576c 100%)', color: 'white' }}>
    189 |             <CardContent>
    190 |               <Box sx={{ display: 'flex', alignItems: 'center', mb: 1 }}>

ERROR in src/components/BorrowerDashboard.tsx:201:9
TS2769: No overload matches this call.
  Overload 1 of 2, '(props: { component: ElementType<any, keyof IntrinsicElements>; } & GridBaseProps & { sx?: SxProps<Theme> | undefined; } & SystemProps<...> & Omit<...>): Element | null', gave the following error.
    Property 'component' is missing in type '{ children: Element; item: true; xs: number; sm: number; md: number; }' but required in type '{ component: ElementType<any, keyof IntrinsicElements>; }'.
  Overload 2 of 2, '(props: DefaultComponentProps<GridTypeMap<{}, "div">>): Element | null', gave the following error.
    Type '{ children: Element; item: true; xs: number; sm: number; md: number; }' is not assignable to type 'IntrinsicAttributes & GridBaseProps & { sx?: SxProps<Theme> | undefined; } & SystemProps<Theme> & Omit<...>'.
      Property 'item' does not exist on type 'IntrinsicAttributes & GridBaseProps & { sx?: SxProps<Theme> | undefined; } & SystemProps<Theme> & Omit<...>'.
    199 |         </Grid>
    200 |
  > 201 |         <Grid item xs={12} sm={6} md={3}>
        |         ^^^^^^^^^^^^^^^^^^^^^^^^^^^^^^^^^
    202 |           <Card sx={{ background: 'linear-gradient(135deg, #4facfe 0%, #00f2fe 100%)', color: 'white' }}>
    203 |             <CardContent>
    204 |               <Box sx={{ display: 'flex', alignItems: 'center', mb: 1 }}>

ERROR in src/components/BorrowerDashboard.tsx:215:9
TS2769: No overload matches this call.
  Overload 1 of 2, '(props: { component: ElementType<any, keyof IntrinsicElements>; } & GridBaseProps & { sx?: SxProps<Theme> | undefined; } & SystemProps<...> & Omit<...>): Element | null', gave the following error.
    Property 'component' is missing in type '{ children: Element; item: true; xs: number; sm: number; md: number; }' but required in type '{ component: ElementType<any, keyof IntrinsicElements>; }'.
  Overload 2 of 2, '(props: DefaultComponentProps<GridTypeMap<{}, "div">>): Element | null', gave the following error.
    Type '{ children: Element; item: true; xs: number; sm: number; md: number; }' is not assignable to type 'IntrinsicAttributes & GridBaseProps & { sx?: SxProps<Theme> | undefined; } & SystemProps<Theme> & Omit<...>'.
      Property 'item' does not exist on type 'IntrinsicAttributes & GridBaseProps & { sx?: SxProps<Theme> | undefined; } & SystemProps<Theme> & Omit<...>'.
    213 |         </Grid>
    214 |
  > 215 |         <Grid item xs={12} sm={6} md={3}>
        |         ^^^^^^^^^^^^^^^^^^^^^^^^^^^^^^^^^
    216 |           <Card sx={{ background: 'linear-gradient(135deg, #fa709a 0%, #fee140 100%)', color: 'white' }}>
    217 |             <CardContent>
    218 |               <Box sx={{ display: 'flex', alignItems: 'center', mb: 1 }}>

ERROR in src/components/BorrowerDashboard.tsx:232:9
TS2769: No overload matches this call.
  Overload 1 of 2, '(props: { component: ElementType<any, keyof IntrinsicElements>; } & GridBaseProps & { sx?: SxProps<Theme> | undefined; } & SystemProps<...> & Omit<...>): Element | null', gave the following error.
    Property 'component' is missing in type '{ children: Element; item: true; xs: number; md: number; }' but required in type '{ component: ElementType<any, keyof IntrinsicElements>; }'.
  Overload 2 of 2, '(props: DefaultComponentProps<GridTypeMap<{}, "div">>): Element | null', gave the following error.
    Type '{ children: Element; item: true; xs: number; md: number; }' is not assignable to type 'IntrinsicAttributes & GridBaseProps & { sx?: SxProps<Theme> | undefined; } & SystemProps<Theme> & Omit<...>'.
      Property 'item' does not exist on type 'IntrinsicAttributes & GridBaseProps & { sx?: SxProps<Theme> | undefined; } & SystemProps<Theme> & Omit<...>'.
    230 |       <Grid container spacing={3}>
    231 |         {/* EMI Collection Progress */}
  > 232 |         <Grid item xs={12} md={6}>
        |         ^^^^^^^^^^^^^^^^^^^^^^^^^^
    233 |           <Paper sx={{ p: 3 }}>
    234 |             <Typography variant="h6" gutterBottom>
    235 |               This Month's EMI Collection Progress

ERROR in src/components/BorrowerDashboard.tsx:279:9
TS2769: No overload matches this call.
  Overload 1 of 2, '(props: { component: ElementType<any, keyof IntrinsicElements>; } & GridBaseProps & { sx?: SxProps<Theme> | undefined; } & SystemProps<...> & Omit<...>): Element | null', gave the following error.
    Property 'component' is missing in type '{ children: Element; item: true; xs: number; md: number; }' but required in type '{ component: ElementType<any, keyof IntrinsicElements>; }'.
  Overload 2 of 2, '(props: DefaultComponentProps<GridTypeMap<{}, "div">>): Element | null', gave the following error.
    Type '{ children: Element; item: true; xs: number; md: number; }' is not assignable to type 'IntrinsicAttributes & GridBaseProps & { sx?: SxProps<Theme> | undefined; } & SystemProps<Theme> & Omit<...>'.
      Property 'item' does not exist on type 'IntrinsicAttributes & GridBaseProps & { sx?: SxProps<Theme> | undefined; } & SystemProps<Theme> & Omit<...>'.
    277 |
    278 |         {/* Loan-wise Collection */}
  > 279 |         <Grid item xs={12} md={6}>
        |         ^^^^^^^^^^^^^^^^^^^^^^^^^^
    280 |           <Paper sx={{ p: 3 }}>
    281 |             <Typography variant="h6" gutterBottom>
    282 |               Loan-wise Collection Status

ERROR in src/components/BorrowerDashboard.tsx:299:9
TS2769: No overload matches this call.
  Overload 1 of 2, '(props: { component: ElementType<any, keyof IntrinsicElements>; } & GridBaseProps & { sx?: SxProps<Theme> | undefined; } & SystemProps<...> & Omit<...>): Element | null', gave the following error.
    Property 'component' is missing in type '{ children: Element; item: true; xs: number; md: number; }' but required in type '{ component: ElementType<any, keyof IntrinsicElements>; }'.
  Overload 2 of 2, '(props: DefaultComponentProps<GridTypeMap<{}, "div">>): Element | null', gave the following error.
    Type '{ children: Element; item: true; xs: number; md: number; }' is not assignable to type 'IntrinsicAttributes & GridBaseProps & { sx?: SxProps<Theme> | undefined; } & SystemProps<Theme> & Omit<...>'.
      Property 'item' does not exist on type 'IntrinsicAttributes & GridBaseProps & { sx?: SxProps<Theme> | undefined; } & SystemProps<Theme> & Omit<...>'.
    297 |
    298 |         {/* Loan Summaries */}
  > 299 |         <Grid item xs={12} md={8}>
        |         ^^^^^^^^^^^^^^^^^^^^^^^^^^
    300 |           <Paper sx={{ p: 3 }}>
    301 |             <Typography variant="h6" gutterBottom>
    302 |               Active Loans Summary

ERROR in src/components/BorrowerDashboard.tsx:356:9
TS2769: No overload matches this call.
  Overload 1 of 2, '(props: { component: ElementType<any, keyof IntrinsicElements>; } & GridBaseProps & { sx?: SxProps<Theme> | undefined; } & SystemProps<...> & Omit<...>): Element | null', gave the following error.
    Property 'component' is missing in type '{ children: Element; item: true; xs: number; md: number; }' but required in type '{ component: ElementType<any, keyof IntrinsicElements>; }'.
  Overload 2 of 2, '(props: DefaultComponentProps<GridTypeMap<{}, "div">>): Element | null', gave the following error.
    Type '{ children: Element; item: true; xs: number; md: number; }' is not assignable to type 'IntrinsicAttributes & GridBaseProps & { sx?: SxProps<Theme> | undefined; } & SystemProps<Theme> & Omit<...>'.
      Property 'item' does not exist on type 'IntrinsicAttributes & GridBaseProps & { sx?: SxProps<Theme> | undefined; } & SystemProps<Theme> & Omit<...>'.
    354 |
    355 |         {/* Recent Transactions */}
  > 356 |         <Grid item xs={12} md={4}>
        |         ^^^^^^^^^^^^^^^^^^^^^^^^^^
    357 |           <Paper sx={{ p: 3 }}>
    358 |             <Typography variant="h6" gutterBottom>
    359 |               Recent Transactions

ERROR in src/components/LenderDashboard.tsx:202:9
TS2769: No overload matches this call.
  Overload 1 of 2, '(props: { component: ElementType<any, keyof IntrinsicElements>; } & GridBaseProps & { sx?: SxProps<Theme> | undefined; } & SystemProps<...> & Omit<...>): Element | null', gave the following error.
    Property 'component' is missing in type '{ children: Element; item: true; xs: number; sm: number; md: number; }' but required in type '{ component: ElementType<any, keyof IntrinsicElements>; }'.
  Overload 2 of 2, '(props: DefaultComponentProps<GridTypeMap<{}, "div">>): Element | null', gave the following error.
    Type '{ children: Element; item: true; xs: number; sm: number; md: number; }' is not assignable to type 'IntrinsicAttributes & GridBaseProps & { sx?: SxProps<Theme> | undefined; } & SystemProps<Theme> & Omit<...>'.
      Property 'item' does not exist on type 'IntrinsicAttributes & GridBaseProps & { sx?: SxProps<Theme> | undefined; } & SystemProps<Theme> & Omit<...>'.
    200 |       {/* Summary Cards */}
    201 |       <Grid container spacing={3} sx={{ mb: 4 }}>
  > 202 |         <Grid item xs={12} sm={6} md={3}>
        |         ^^^^^^^^^^^^^^^^^^^^^^^^^^^^^^^^^
    203 |           <Card sx={{ background: 'linear-gradient(135deg, #667eea 0%, #764ba2 100%)', color: 'white' }}>
    204 |             <CardContent>
    205 |               <Box sx={{ display: 'flex', alignItems: 'center', mb: 1 }}>

ERROR in src/components/LenderDashboard.tsx:216:9
TS2769: No overload matches this call.
  Overload 1 of 2, '(props: { component: ElementType<any, keyof IntrinsicElements>; } & GridBaseProps & { sx?: SxProps<Theme> | undefined; } & SystemProps<...> & Omit<...>): Element | null', gave the following error.
    Property 'component' is missing in type '{ children: Element; item: true; xs: number; sm: number; md: number; }' but required in type '{ component: ElementType<any, keyof IntrinsicElements>; }'.
  Overload 2 of 2, '(props: DefaultComponentProps<GridTypeMap<{}, "div">>): Element | null', gave the following error.
    Type '{ children: Element; item: true; xs: number; sm: number; md: number; }' is not assignable to type 'IntrinsicAttributes & GridBaseProps & { sx?: SxProps<Theme> | undefined; } & SystemProps<Theme> & Omit<...>'.
      Property 'item' does not exist on type 'IntrinsicAttributes & GridBaseProps & { sx?: SxProps<Theme> | undefined; } & SystemProps<Theme> & Omit<...>'.
    214 |         </Grid>
    215 |
  > 216 |         <Grid item xs={12} sm={6} md={3}>
        |         ^^^^^^^^^^^^^^^^^^^^^^^^^^^^^^^^^
    217 |           <Card sx={{ background: 'linear-gradient(135deg, #f093fb 0%, #f5576c 100%)', color: 'white' }}>
    218 |             <CardContent>
    219 |               <Box sx={{ display: 'flex', alignItems: 'center', mb: 1 }}>

ERROR in src/components/LenderDashboard.tsx:230:9
TS2769: No overload matches this call.
  Overload 1 of 2, '(props: { component: ElementType<any, keyof IntrinsicElements>; } & GridBaseProps & { sx?: SxProps<Theme> | undefined; } & SystemProps<...> & Omit<...>): Element | null', gave the following error.
    Property 'component' is missing in type '{ children: Element; item: true; xs: number; sm: number; md: number; }' but required in type '{ component: ElementType<any, keyof IntrinsicElements>; }'.
  Overload 2 of 2, '(props: DefaultComponentProps<GridTypeMap<{}, "div">>): Element | null', gave the following error.
    Type '{ children: Element; item: true; xs: number; sm: number; md: number; }' is not assignable to type 'IntrinsicAttributes & GridBaseProps & { sx?: SxProps<Theme> | undefined; } & SystemProps<Theme> & Omit<...>'.
      Property 'item' does not exist on type 'IntrinsicAttributes & GridBaseProps & { sx?: SxProps<Theme> | undefined; } & SystemProps<Theme> & Omit<...>'.
    228 |         </Grid>
    229 |
  > 230 |         <Grid item xs={12} sm={6} md={3}>
        |         ^^^^^^^^^^^^^^^^^^^^^^^^^^^^^^^^^
    231 |           <Card sx={{ background: 'linear-gradient(135deg, #4facfe 0%, #00f2fe 100%)', color: 'white' }}>
    232 |             <CardContent>
    233 |               <Box sx={{ display: 'flex', alignItems: 'center', mb: 1 }}>

ERROR in src/components/LenderDashboard.tsx:247:9
TS2769: No overload matches this call.
  Overload 1 of 2, '(props: { component: ElementType<any, keyof IntrinsicElements>; } & GridBaseProps & { sx?: SxProps<Theme> | undefined; } & SystemProps<...> & Omit<...>): Element | null', gave the following error.
    Property 'component' is missing in type '{ children: Element; item: true; xs: number; sm: number; md: number; }' but required in type '{ component: ElementType<any, keyof IntrinsicElements>; }'.
  Overload 2 of 2, '(props: DefaultComponentProps<GridTypeMap<{}, "div">>): Element | null', gave the following error.
    Type '{ children: Element; item: true; xs: number; sm: number; md: number; }' is not assignable to type 'IntrinsicAttributes & GridBaseProps & { sx?: SxProps<Theme> | undefined; } & SystemProps<Theme> & Omit<...>'.
      Property 'item' does not exist on type 'IntrinsicAttributes & GridBaseProps & { sx?: SxProps<Theme> | undefined; } & SystemProps<Theme> & Omit<...>'.
    245 |         </Grid>
    246 |
  > 247 |         <Grid item xs={12} sm={6} md={3}>
        |         ^^^^^^^^^^^^^^^^^^^^^^^^^^^^^^^^^
    248 |           <Card sx={{ background: 'linear-gradient(135deg, #fa709a 0%, #fee140 100%)', color: 'white' }}>
    249 |             <CardContent>
    250 |               <Box sx={{ display: 'flex', alignItems: 'center', mb: 1 }}>

ERROR in src/components/LenderDashboard.tsx:264:9
TS2769: No overload matches this call.
  Overload 1 of 2, '(props: { component: ElementType<any, keyof IntrinsicElements>; } & GridBaseProps & { sx?: SxProps<Theme> | undefined; } & SystemProps<...> & Omit<...>): Element | null', gave the following error.
    Property 'component' is missing in type '{ children: Element; item: true; xs: number; md: number; }' but required in type '{ component: ElementType<any, keyof IntrinsicElements>; }'.
  Overload 2 of 2, '(props: DefaultComponentProps<GridTypeMap<{}, "div">>): Element | null', gave the following error.
    Type '{ children: Element; item: true; xs: number; md: number; }' is not assignable to type 'IntrinsicAttributes & GridBaseProps & { sx?: SxProps<Theme> | undefined; } & SystemProps<Theme> & Omit<...>'.
      Property 'item' does not exist on type 'IntrinsicAttributes & GridBaseProps & { sx?: SxProps<Theme> | undefined; } & SystemProps<Theme> & Omit<...>'.
    262 |       <Grid container spacing={3}>
    263 |         {/* Collection Trends */}
  > 264 |         <Grid item xs={12} md={8}>
        |         ^^^^^^^^^^^^^^^^^^^^^^^^^^
    265 |           <Paper sx={{ p: 3 }}>
    266 |             <Typography variant="h6" gutterBottom>
    267 |               Monthly Collection Trends

ERROR in src/components/LenderDashboard.tsx:296:9
TS2769: No overload matches this call.
  Overload 1 of 2, '(props: { component: ElementType<any, keyof IntrinsicElements>; } & GridBaseProps & { sx?: SxProps<Theme> | undefined; } & SystemProps<...> & Omit<...>): Element | null', gave the following error.
    Property 'component' is missing in type '{ children: Element; item: true; xs: number; md: number; }' but required in type '{ component: ElementType<any, keyof IntrinsicElements>; }'.
  Overload 2 of 2, '(props: DefaultComponentProps<GridTypeMap<{}, "div">>): Element | null', gave the following error.
    Type '{ children: Element; item: true; xs: number; md: number; }' is not assignable to type 'IntrinsicAttributes & GridBaseProps & { sx?: SxProps<Theme> | undefined; } & SystemProps<Theme> & Omit<...>'.
      Property 'item' does not exist on type 'IntrinsicAttributes & GridBaseProps & { sx?: SxProps<Theme> | undefined; } & SystemProps<Theme> & Omit<...>'.
    294 |
    295 |         {/* Collection Progress */}
  > 296 |         <Grid item xs={12} md={4}>
        |         ^^^^^^^^^^^^^^^^^^^^^^^^^^
    297 |           <Paper sx={{ p: 3 }}>
    298 |             <Typography variant="h6" gutterBottom>
    299 |               This Month's Progress

ERROR in src/components/LenderDashboard.tsx:331:9
TS2769: No overload matches this call.
  Overload 1 of 2, '(props: { component: ElementType<any, keyof IntrinsicElements>; } & GridBaseProps & { sx?: SxProps<Theme> | undefined; } & SystemProps<...> & Omit<...>): Element | null', gave the following error.
    Property 'component' is missing in type '{ children: Element; item: true; xs: number; md: number; }' but required in type '{ component: ElementType<any, keyof IntrinsicElements>; }'.
  Overload 2 of 2, '(props: DefaultComponentProps<GridTypeMap<{}, "div">>): Element | null', gave the following error.
    Type '{ children: Element; item: true; xs: number; md: number; }' is not assignable to type 'IntrinsicAttributes & GridBaseProps & { sx?: SxProps<Theme> | undefined; } & SystemProps<Theme> & Omit<...>'.
      Property 'item' does not exist on type 'IntrinsicAttributes & GridBaseProps & { sx?: SxProps<Theme> | undefined; } & SystemProps<Theme> & Omit<...>'.
    329 |
    330 |         {/* Borrower-wise Collections */}
  > 331 |         <Grid item xs={12} md={8}>
        |         ^^^^^^^^^^^^^^^^^^^^^^^^^^
    332 |           <Paper sx={{ p: 3 }}>
    333 |             <Typography variant="h6" gutterBottom>
    334 |               Borrower-wise Collection Status

ERROR in src/components/LenderDashboard.tsx:351:9
TS2769: No overload matches this call.
  Overload 1 of 2, '(props: { component: ElementType<any, keyof IntrinsicElements>; } & GridBaseProps & { sx?: SxProps<Theme> | undefined; } & SystemProps<...> & Omit<...>): Element | null', gave the following error.
    Property 'component' is missing in type '{ children: Element; item: true; xs: number; md: number; }' but required in type '{ component: ElementType<any, keyof IntrinsicElements>; }'.
  Overload 2 of 2, '(props: DefaultComponentProps<GridTypeMap<{}, "div">>): Element | null', gave the following error.
    Type '{ children: Element; item: true; xs: number; md: number; }' is not assignable to type 'IntrinsicAttributes & GridBaseProps & { sx?: SxProps<Theme> | undefined; } & SystemProps<Theme> & Omit<...>'.
      Property 'item' does not exist on type 'IntrinsicAttributes & GridBaseProps & { sx?: SxProps<Theme> | undefined; } & SystemProps<Theme> & Omit<...>'.
    349 |
    350 |         {/* Upcoming Payments */}
  > 351 |         <Grid item xs={12} md={4}>
        |         ^^^^^^^^^^^^^^^^^^^^^^^^^^
    352 |           <Paper sx={{ p: 3 }}>
    353 |             <Typography variant="h6" gutterBottom>
    354 |               Upcoming EMI Payments

ERROR in src/components/LenderDashboard.tsx:394:9
TS2769: No overload matches this call.
  Overload 1 of 2, '(props: { component: ElementType<any, keyof IntrinsicElements>; } & GridBaseProps & { sx?: SxProps<Theme> | undefined; } & SystemProps<...> & Omit<...>): Element | null', gave the following error.
    Property 'component' is missing in type '{ children: Element; item: true; xs: number; }' but required in type '{ component: ElementType<any, keyof IntrinsicElements>; }'.
  Overload 2 of 2, '(props: DefaultComponentProps<GridTypeMap<{}, "div">>): Element | null', gave the following error.
    Type '{ children: Element; item: true; xs: number; }' is not assignable to type 'IntrinsicAttributes & GridBaseProps & { sx?: SxProps<Theme> | undefined; } & SystemProps<Theme> & Omit<...>'.
      Property 'item' does not exist on type 'IntrinsicAttributes & GridBaseProps & { sx?: SxProps<Theme> | undefined; } & SystemProps<Theme> & Omit<...>'.
    392 |
    393 |         {/* Borrower Portfolio */}
  > 394 |         <Grid item xs={12}>
        |         ^^^^^^^^^^^^^^^^^^^
    395 |           <Paper sx={{ p: 3 }}>
    396 |             <Typography variant="h6" gutterBottom>
    397 |               Borrower Portfolio

ERROR in src/components/LoanManagement.tsx:81:11
TS2739: Type '{ id: number; borrowerId: number; lenderId: number; principalAmount: number; interestRate: number; loanTermMonths: number; emiAmount: number; emiCollectionPercentage: number; emiDueDate: number; ... 6 more ...; remainingAmount: number; }' is missing the following properties from type 'Loan': loanAmount, tenureMonths, monthlyEmiAmount, nextEmiDate, outstandingAmount
     79 |         // Demo data
     80 |         const demoLoans: Loan[] = [
  >  81 |           {
        |           ^
  >  82 |             id: 1,
        | ^^^^^^^^^^^^^^^^^^
  >  83 |             borrowerId: 1,
        | ^^^^^^^^^^^^^^^^^^
  >  84 |             lenderId: 2,
        | ^^^^^^^^^^^^^^^^^^
  >  85 |             principalAmount: 500000,
        | ^^^^^^^^^^^^^^^^^^
  >  86 |             interestRate: 12,
        | ^^^^^^^^^^^^^^^^^^
  >  87 |             loanTermMonths: 24,
        | ^^^^^^^^^^^^^^^^^^
  >  88 |             emiAmount: 23538,
        | ^^^^^^^^^^^^^^^^^^
  >  89 |             emiCollectionPercentage: 5,
        | ^^^^^^^^^^^^^^^^^^
  >  90 |             emiDueDate: 15,
        | ^^^^^^^^^^^^^^^^^^
  >  91 |             startDate: '2023-12-01',
        | ^^^^^^^^^^^^^^^^^^
  >  92 |             endDate: '2025-12-01',
        | ^^^^^^^^^^^^^^^^^^
  >  93 |             status: 'ACTIVE',
        | ^^^^^^^^^^^^^^^^^^
  >  94 |             borrowerName: 'John Smith',
        | ^^^^^^^^^^^^^^^^^^
  >  95 |             lenderName: 'Jane Doe',
        | ^^^^^^^^^^^^^^^^^^
  >  96 |             collectedAmount: 15000,
        | ^^^^^^^^^^^^^^^^^^
  >  97 |             remainingAmount: 8538,
        | ^^^^^^^^^^^^^^^^^^
  >  98 |           },
        | ^^^^^^^^^^^^
     99 |           {
    100 |             id: 2,
    101 |             borrowerId: 3,

ERROR in src/components/LoanManagement.tsx:99:11
TS2739: Type '{ id: number; borrowerId: number; lenderId: number; principalAmount: number; interestRate: number; loanTermMonths: number; emiAmount: number; emiCollectionPercentage: number; emiDueDate: number; ... 6 more ...; remainingAmount: number; }' is missing the following properties from type 'Loan': loanAmount, tenureMonths, monthlyEmiAmount, nextEmiDate, outstandingAmount
     97 |             remainingAmount: 8538,
     98 |           },
  >  99 |           {
        |           ^
  > 100 |             id: 2,
        | ^^^^^^^^^^^^^^^^^^
  > 101 |             borrowerId: 3,
        | ^^^^^^^^^^^^^^^^^^
  > 102 |             lenderId: 2,
        | ^^^^^^^^^^^^^^^^^^
  > 103 |             principalAmount: 250000,
        | ^^^^^^^^^^^^^^^^^^
  > 104 |             interestRate: 10,
        | ^^^^^^^^^^^^^^^^^^
  > 105 |             loanTermMonths: 18,
        | ^^^^^^^^^^^^^^^^^^
  > 106 |             emiAmount: 15234,
        | ^^^^^^^^^^^^^^^^^^
  > 107 |             emiCollectionPercentage: 4,
        | ^^^^^^^^^^^^^^^^^^
  > 108 |             emiDueDate: 20,
        | ^^^^^^^^^^^^^^^^^^
  > 109 |             startDate: '2024-01-01',
        | ^^^^^^^^^^^^^^^^^^
  > 110 |             endDate: '2025-07-01',
        | ^^^^^^^^^^^^^^^^^^
  > 111 |             status: 'ACTIVE',
        | ^^^^^^^^^^^^^^^^^^
  > 112 |             borrowerName: 'Ram Kumar',
        | ^^^^^^^^^^^^^^^^^^
  > 113 |             lenderName: 'Jane Doe',
        | ^^^^^^^^^^^^^^^^^^
  > 114 |             collectedAmount: 8000,
        | ^^^^^^^^^^^^^^^^^^
  > 115 |             remainingAmount: 7234,
        | ^^^^^^^^^^^^^^^^^^
  > 116 |           },
        | ^^^^^^^^^^^^
    117 |         ];
    118 |
    119 |         const demoUsers: User[] = [

ERROR in src/components/LoanManagement.tsx:289:23
TS18048: 'loan.principalAmount' is possibly 'undefined'.
    287 |                   </TableCell>
    288 |                   <TableCell align="right">
  > 289 |                     ₹{loan.principalAmount.toLocaleString()}
        |                       ^^^^^^^^^^^^^^^^^^^^
    290 |                   </TableCell>
    291 |                   <TableCell align="right">{loan.interestRate}%</TableCell>
    292 |                   <TableCell align="right">

ERROR in src/components/LoanManagement.tsx:293:23
TS18048: 'loan.emiAmount' is possibly 'undefined'.
    291 |                   <TableCell align="right">{loan.interestRate}%</TableCell>
    292 |                   <TableCell align="right">
  > 293 |                     ₹{loan.emiAmount.toLocaleString()}
        |                       ^^^^^^^^^^^^^^
    294 |                   </TableCell>
    295 |                   <TableCell align="center">{loan.loanTermMonths}</TableCell>
    296 |                   <TableCell align="center">{loan.emiCollectionPercentage}%</TableCell>

ERROR in src/components/LoanManagement.tsx:330:13
TS2769: No overload matches this call.
  Overload 1 of 2, '(props: { component: ElementType<any, keyof IntrinsicElements>; } & GridBaseProps & { sx?: SxProps<Theme> | undefined; } & SystemProps<...> & Omit<...>): Element | null', gave the following error.
    Property 'component' is missing in type '{ children: Element; item: true; xs: number; md: number; }' but required in type '{ component: ElementType<any, keyof IntrinsicElements>; }'.
  Overload 2 of 2, '(props: DefaultComponentProps<GridTypeMap<{}, "div">>): Element | null', gave the following error.
    Type '{ children: Element; item: true; xs: number; md: number; }' is not assignable to type 'IntrinsicAttributes & GridBaseProps & { sx?: SxProps<Theme> | undefined; } & SystemProps<Theme> & Omit<...>'.
      Property 'item' does not exist on type 'IntrinsicAttributes & GridBaseProps & { sx?: SxProps<Theme> | undefined; } & SystemProps<Theme> & Omit<...>'.
    328 |         <DialogContent>
    329 |           <Grid container spacing={2} sx={{ mt: 1 }}>
  > 330 |             <Grid item xs={12} md={6}>
        |             ^^^^^^^^^^^^^^^^^^^^^^^^^^
    331 |               <Autocomplete
    332 |                 options={getAvailableUsers()}
    333 |                 getOptionLabel={(option) => option.fullName}

ERROR in src/components/LoanManagement.tsx:364:13
TS2769: No overload matches this call.
  Overload 1 of 2, '(props: { component: ElementType<any, keyof IntrinsicElements>; } & GridBaseProps & { sx?: SxProps<Theme> | undefined; } & SystemProps<...> & Omit<...>): Element | null', gave the following error.
    Property 'component' is missing in type '{ children: Element; item: true; xs: number; md: number; }' but required in type '{ component: ElementType<any, keyof IntrinsicElements>; }'.
  Overload 2 of 2, '(props: DefaultComponentProps<GridTypeMap<{}, "div">>): Element | null', gave the following error.
    Type '{ children: Element; item: true; xs: number; md: number; }' is not assignable to type 'IntrinsicAttributes & GridBaseProps & { sx?: SxProps<Theme> | undefined; } & SystemProps<Theme> & Omit<...>'.
      Property 'item' does not exist on type 'IntrinsicAttributes & GridBaseProps & { sx?: SxProps<Theme> | undefined; } & SystemProps<Theme> & Omit<...>'.
    362 |             </Grid>
    363 |
  > 364 |             <Grid item xs={12} md={6}>
        |             ^^^^^^^^^^^^^^^^^^^^^^^^^^
    365 |               <TextField
    366 |                 label="Principal Amount"
    367 |                 type="number"

ERROR in src/components/LoanManagement.tsx:381:13
TS2769: No overload matches this call.
  Overload 1 of 2, '(props: { component: ElementType<any, keyof IntrinsicElements>; } & GridBaseProps & { sx?: SxProps<Theme> | undefined; } & SystemProps<...> & Omit<...>): Element | null', gave the following error.
    Property 'component' is missing in type '{ children: Element; item: true; xs: number; md: number; }' but required in type '{ component: ElementType<any, keyof IntrinsicElements>; }'.
  Overload 2 of 2, '(props: DefaultComponentProps<GridTypeMap<{}, "div">>): Element | null', gave the following error.
    Type '{ children: Element; item: true; xs: number; md: number; }' is not assignable to type 'IntrinsicAttributes & GridBaseProps & { sx?: SxProps<Theme> | undefined; } & SystemProps<Theme> & Omit<...>'.
      Property 'item' does not exist on type 'IntrinsicAttributes & GridBaseProps & { sx?: SxProps<Theme> | undefined; } & SystemProps<Theme> & Omit<...>'.
    379 |             </Grid>
    380 |
  > 381 |             <Grid item xs={12} md={6}>
        |             ^^^^^^^^^^^^^^^^^^^^^^^^^^
    382 |               <TextField
    383 |                 label="Interest Rate (%)"
    384 |                 type="number"

ERROR in src/components/LoanManagement.tsx:398:13
TS2769: No overload matches this call.
  Overload 1 of 2, '(props: { component: ElementType<any, keyof IntrinsicElements>; } & GridBaseProps & { sx?: SxProps<Theme> | undefined; } & SystemProps<...> & Omit<...>): Element | null', gave the following error.
    Property 'component' is missing in type '{ children: Element; item: true; xs: number; md: number; }' but required in type '{ component: ElementType<any, keyof IntrinsicElements>; }'.
  Overload 2 of 2, '(props: DefaultComponentProps<GridTypeMap<{}, "div">>): Element | null', gave the following error.
    Type '{ children: Element; item: true; xs: number; md: number; }' is not assignable to type 'IntrinsicAttributes & GridBaseProps & { sx?: SxProps<Theme> | undefined; } & SystemProps<Theme> & Omit<...>'.
      Property 'item' does not exist on type 'IntrinsicAttributes & GridBaseProps & { sx?: SxProps<Theme> | undefined; } & SystemProps<Theme> & Omit<...>'.
    396 |             </Grid>
    397 |
  > 398 |             <Grid item xs={12} md={6}>
        |             ^^^^^^^^^^^^^^^^^^^^^^^^^^
    399 |               <TextField
    400 |                 label="Loan Term (Months)"
    401 |                 type="number"

ERROR in src/components/LoanManagement.tsx:412:13
TS2769: No overload matches this call.
  Overload 1 of 2, '(props: { component: ElementType<any, keyof IntrinsicElements>; } & GridBaseProps & { sx?: SxProps<Theme> | undefined; } & SystemProps<...> & Omit<...>): Element | null', gave the following error.
    Property 'component' is missing in type '{ children: Element; item: true; xs: number; md: number; }' but required in type '{ component: ElementType<any, keyof IntrinsicElements>; }'.
  Overload 2 of 2, '(props: DefaultComponentProps<GridTypeMap<{}, "div">>): Element | null', gave the following error.
    Type '{ children: Element; item: true; xs: number; md: number; }' is not assignable to type 'IntrinsicAttributes & GridBaseProps & { sx?: SxProps<Theme> | undefined; } & SystemProps<Theme> & Omit<...>'.
      Property 'item' does not exist on type 'IntrinsicAttributes & GridBaseProps & { sx?: SxProps<Theme> | undefined; } & SystemProps<Theme> & Omit<...>'.
    410 |             </Grid>
    411 |
  > 412 |             <Grid item xs={12} md={6}>
        |             ^^^^^^^^^^^^^^^^^^^^^^^^^^
    413 |               <TextField
    414 |                 label="EMI Collection Percentage"
    415 |                 type="number"

ERROR in src/components/LoanManagement.tsx:430:13
TS2769: No overload matches this call.
  Overload 1 of 2, '(props: { component: ElementType<any, keyof IntrinsicElements>; } & GridBaseProps & { sx?: SxProps<Theme> | undefined; } & SystemProps<...> & Omit<...>): Element | null', gave the following error.
    Property 'component' is missing in type '{ children: Element; item: true; xs: number; md: number; }' but required in type '{ component: ElementType<any, keyof IntrinsicElements>; }'.
  Overload 2 of 2, '(props: DefaultComponentProps<GridTypeMap<{}, "div">>): Element | null', gave the following error.
    Type '{ children: Element; item: true; xs: number; md: number; }' is not assignable to type 'IntrinsicAttributes & GridBaseProps & { sx?: SxProps<Theme> | undefined; } & SystemProps<Theme> & Omit<...>'.
      Property 'item' does not exist on type 'IntrinsicAttributes & GridBaseProps & { sx?: SxProps<Theme> | undefined; } & SystemProps<Theme> & Omit<...>'.
    428 |             </Grid>
    429 |
  > 430 |             <Grid item xs={12} md={6}>
        |             ^^^^^^^^^^^^^^^^^^^^^^^^^^
    431 |               <TextField
    432 |                 label="EMI Due Date"
    433 |                 type="number"

ERROR in src/components/LoanManagement.tsx:447:15
TS2769: No overload matches this call.
  Overload 1 of 2, '(props: { component: ElementType<any, keyof IntrinsicElements>; } & GridBaseProps & { sx?: SxProps<Theme> | undefined; } & SystemProps<...> & Omit<...>): Element | null', gave the following error.
    Property 'component' is missing in type '{ children: Element; item: true; xs: number; }' but required in type '{ component: ElementType<any, keyof IntrinsicElements>; }'.
  Overload 2 of 2, '(props: DefaultComponentProps<GridTypeMap<{}, "div">>): Element | null', gave the following error.
    Type '{ children: Element; item: true; xs: number; }' is not assignable to type 'IntrinsicAttributes & GridBaseProps & { sx?: SxProps<Theme> | undefined; } & SystemProps<Theme> & Omit<...>'.
      Property 'item' does not exist on type 'IntrinsicAttributes & GridBaseProps & { sx?: SxProps<Theme> | undefined; } & SystemProps<Theme> & Omit<...>'.
    445 |
    446 |             {newLoan.principalAmount > 0 && newLoan.interestRate > 0 && newLoan.loanTermMonths > 0 && (
  > 447 |               <Grid item xs={12}>
        |               ^^^^^^^^^^^^^^^^^^^
    448 |                 <Alert severity="info">
    449 |                   <Typography variant="body2">
    450 |                     <strong>Calculated EMI: ₹{calculateEMI(

ERROR in src/components/TransactionForm.tsx:119:24
TS2551: Property 'getTransactionsByBorrower' does not exist on type '{ createLoan: (loan: LoanRequest) => Promise<AxiosResponse<Loan, any>>; getLoansByBorrower: (borrowerId: number) => Promise<AxiosResponse<Loan[], any>>; ... 12 more ...; getPaymentHistory: (loanId: number) => Promise<...>; }'. Did you mean 'getTransactionsByLoan'?
    117 |         const [loansResponse, transactionsResponse] = await Promise.all([
    118 |           emiWalletApi.getLoansByBorrower(currentUser.id),
  > 119 |           emiWalletApi.getTransactionsByBorrower(currentUser.id),
        |                        ^^^^^^^^^^^^^^^^^^^^^^^^^
    120 |         ]);
    121 |         setLoans(loansResponse.data);
    122 |         setTransactions(transactionsResponse.data);

Compiling...
Compiled with warnings.

[eslint] 
src/components/BorrowerDashboard.tsx
  Line 16:3:   'Button' is defined but never used                                                                                    @typescript-eslint/no-unused-vars
  Line 22:3:   'TrendingUp' is defined but never used                                                                                @typescript-eslint/no-unused-vars
  Line 26:54:  'Loan' is defined but never used                                                                                      @typescript-eslint/no-unused-vars
  Line 40:6:   React Hook useEffect has a missing dependency: 'loadDashboardData'. Either include it or remove the dependency array  react-hooks/exhaustive-deps

src/components/LenderDashboard.tsx
  Line 28:3:  'Schedule' is defined but never used                                                                                  @typescript-eslint/no-unused-vars
  Line 48:6:  React Hook useEffect has a missing dependency: 'loadDashboardData'. Either include it or remove the dependency array  react-hooks/exhaustive-deps

src/components/LoanManagement.tsx
  Line 22:3:   'Select' is defined but never used                                                                           @typescript-eslint/no-unused-vars
  Line 23:3:   'MenuItem' is defined but never used                                                                         @typescript-eslint/no-unused-vars
  Line 24:3:   'FormControl' is defined but never used                                                                      @typescript-eslint/no-unused-vars
  Line 25:3:   'InputLabel' is defined but never used                                                                       @typescript-eslint/no-unused-vars
  Line 31:3:   'Edit' is defined but never used                                                                             @typescript-eslint/no-unused-vars
  Line 32:3:   'AccountBalance' is defined but never used                                                                   @typescript-eslint/no-unused-vars
  Line 44:10:  'loading' is assigned a value but never used                                                                 @typescript-eslint/no-unused-vars
  Line 60:6:   React Hook useEffect has a missing dependency: 'loadData'. Either include it or remove the dependency array  react-hooks/exhaustive-deps

src/components/TransactionForm.tsx
  Line 13:3:   'Card' is defined but never used                                                                              @typescript-eslint/no-unused-vars
  Line 14:3:   'CardContent' is defined but never used                                                                       @typescript-eslint/no-unused-vars
  Line 30:3:   'AccountBalance' is defined but never used                                                                    @typescript-eslint/no-unused-vars
  Line 31:3:   'TrendingUp' is defined but never used                                                                        @typescript-eslint/no-unused-vars
  Line 111:6:  React Hook useEffect has a missing dependency: 'fetchData'. Either include it or remove the dependency array  react-hooks/exhaustive-deps

src/components/UserSelector.tsx
  Line 6:3:  'Button' is defined but never used  @typescript-eslint/no-unused-vars

src/services/api.ts
  Line 11:3:  'ApiResponse' is defined but never used  @typescript-eslint/no-unused-vars

Search for the keywords to learn more about each warning.
To ignore, add // eslint-disable-next-line to the line before.

WARNING in [eslint] 
src/components/BorrowerDashboard.tsx
  Line 16:3:   'Button' is defined but never used                                                                                    @typescript-eslint/no-unused-vars
  Line 22:3:   'TrendingUp' is defined but never used                                                                                @typescript-eslint/no-unused-vars
  Line 26:54:  'Loan' is defined but never used                                                                                      @typescript-eslint/no-unused-vars
  Line 40:6:   React Hook useEffect has a missing dependency: 'loadDashboardData'. Either include it or remove the dependency array  react-hooks/exhaustive-deps

src/components/LenderDashboard.tsx
  Line 28:3:  'Schedule' is defined but never used                                                                                  @typescript-eslint/no-unused-vars
  Line 48:6:  React Hook useEffect has a missing dependency: 'loadDashboardData'. Either include it or remove the dependency array  react-hooks/exhaustive-deps

src/components/LoanManagement.tsx
  Line 22:3:   'Select' is defined but never used                                                                           @typescript-eslint/no-unused-vars
  Line 23:3:   'MenuItem' is defined but never used                                                                         @typescript-eslint/no-unused-vars
  Line 24:3:   'FormControl' is defined but never used                                                                      @typescript-eslint/no-unused-vars
  Line 25:3:   'InputLabel' is defined but never used                                                                       @typescript-eslint/no-unused-vars
  Line 31:3:   'Edit' is defined but never used                                                                             @typescript-eslint/no-unused-vars
  Line 32:3:   'AccountBalance' is defined but never used                                                                   @typescript-eslint/no-unused-vars
  Line 44:10:  'loading' is assigned a value but never used                                                                 @typescript-eslint/no-unused-vars
  Line 60:6:   React Hook useEffect has a missing dependency: 'loadData'. Either include it or remove the dependency array  react-hooks/exhaustive-deps

src/components/TransactionForm.tsx
  Line 13:3:   'Card' is defined but never used                                                                              @typescript-eslint/no-unused-vars
  Line 14:3:   'CardContent' is defined but never used                                                                       @typescript-eslint/no-unused-vars
  Line 30:3:   'AccountBalance' is defined but never used                                                                    @typescript-eslint/no-unused-vars
  Line 31:3:   'TrendingUp' is defined but never used                                                                        @typescript-eslint/no-unused-vars
  Line 111:6:  React Hook useEffect has a missing dependency: 'fetchData'. Either include it or remove the dependency array  react-hooks/exhaustive-deps

src/components/UserSelector.tsx
  Line 6:3:  'Button' is defined but never used  @typescript-eslint/no-unused-vars

src/services/api.ts
  Line 11:3:  'ApiResponse' is defined but never used  @typescript-eslint/no-unused-vars

webpack compiled with 1 warning
ERROR in src/components/BorrowerDashboard.tsx:173:9
TS2769: No overload matches this call.
  Overload 1 of 2, '(props: { component: ElementType<any, keyof IntrinsicElements>; } & GridBaseProps & { sx?: SxProps<Theme> | undefined; } & SystemProps<...> & Omit<...>): Element | null', gave the following error.
    Property 'component' is missing in type '{ children: Element; item: true; xs: number; sm: number; md: number; }' but required in type '{ component: ElementType<any, keyof IntrinsicElements>; }'.
  Overload 2 of 2, '(props: DefaultComponentProps<GridTypeMap<{}, "div">>): Element | null', gave the following error.
    Type '{ children: Element; item: true; xs: number; sm: number; md: number; }' is not assignable to type 'IntrinsicAttributes & GridBaseProps & { sx?: SxProps<Theme> | undefined; } & SystemProps<Theme> & Omit<...>'.
      Property 'item' does not exist on type 'IntrinsicAttributes & GridBaseProps & { sx?: SxProps<Theme> | undefined; } & SystemProps<Theme> & Omit<...>'.
    171 |       {/* Summary Cards */}
    172 |       <Grid container spacing={3} sx={{ mb: 4 }}>
  > 173 |         <Grid item xs={12} sm={6} md={3}>
        |         ^^^^^^^^^^^^^^^^^^^^^^^^^^^^^^^^^
    174 |           <Card sx={{ background: 'linear-gradient(135deg, #667eea 0%, #764ba2 100%)', color: 'white' }}>
    175 |             <CardContent>
    176 |               <Box sx={{ display: 'flex', alignItems: 'center', mb: 1 }}>

ERROR in src/components/BorrowerDashboard.tsx:187:9
TS2769: No overload matches this call.
  Overload 1 of 2, '(props: { component: ElementType<any, keyof IntrinsicElements>; } & GridBaseProps & { sx?: SxProps<Theme> | undefined; } & SystemProps<...> & Omit<...>): Element | null', gave the following error.
    Property 'component' is missing in type '{ children: Element; item: true; xs: number; sm: number; md: number; }' but required in type '{ component: ElementType<any, keyof IntrinsicElements>; }'.
  Overload 2 of 2, '(props: DefaultComponentProps<GridTypeMap<{}, "div">>): Element | null', gave the following error.
    Type '{ children: Element; item: true; xs: number; sm: number; md: number; }' is not assignable to type 'IntrinsicAttributes & GridBaseProps & { sx?: SxProps<Theme> | undefined; } & SystemProps<Theme> & Omit<...>'.
      Property 'item' does not exist on type 'IntrinsicAttributes & GridBaseProps & { sx?: SxProps<Theme> | undefined; } & SystemProps<Theme> & Omit<...>'.
    185 |         </Grid>
    186 |
  > 187 |         <Grid item xs={12} sm={6} md={3}>
        |         ^^^^^^^^^^^^^^^^^^^^^^^^^^^^^^^^^
    188 |           <Card sx={{ background: 'linear-gradient(135deg, #f093fb 0%, #f5576c 100%)', color: 'white' }}>
    189 |             <CardContent>
    190 |               <Box sx={{ display: 'flex', alignItems: 'center', mb: 1 }}>

ERROR in src/components/BorrowerDashboard.tsx:201:9
TS2769: No overload matches this call.
  Overload 1 of 2, '(props: { component: ElementType<any, keyof IntrinsicElements>; } & GridBaseProps & { sx?: SxProps<Theme> | undefined; } & SystemProps<...> & Omit<...>): Element | null', gave the following error.
    Property 'component' is missing in type '{ children: Element; item: true; xs: number; sm: number; md: number; }' but required in type '{ component: ElementType<any, keyof IntrinsicElements>; }'.
  Overload 2 of 2, '(props: DefaultComponentProps<GridTypeMap<{}, "div">>): Element | null', gave the following error.
    Type '{ children: Element; item: true; xs: number; sm: number; md: number; }' is not assignable to type 'IntrinsicAttributes & GridBaseProps & { sx?: SxProps<Theme> | undefined; } & SystemProps<Theme> & Omit<...>'.
      Property 'item' does not exist on type 'IntrinsicAttributes & GridBaseProps & { sx?: SxProps<Theme> | undefined; } & SystemProps<Theme> & Omit<...>'.
    199 |         </Grid>
    200 |
  > 201 |         <Grid item xs={12} sm={6} md={3}>
        |         ^^^^^^^^^^^^^^^^^^^^^^^^^^^^^^^^^
    202 |           <Card sx={{ background: 'linear-gradient(135deg, #4facfe 0%, #00f2fe 100%)', color: 'white' }}>
    203 |             <CardContent>
    204 |               <Box sx={{ display: 'flex', alignItems: 'center', mb: 1 }}>

ERROR in src/components/BorrowerDashboard.tsx:215:9
TS2769: No overload matches this call.
  Overload 1 of 2, '(props: { component: ElementType<any, keyof IntrinsicElements>; } & GridBaseProps & { sx?: SxProps<Theme> | undefined; } & SystemProps<...> & Omit<...>): Element | null', gave the following error.
    Property 'component' is missing in type '{ children: Element; item: true; xs: number; sm: number; md: number; }' but required in type '{ component: ElementType<any, keyof IntrinsicElements>; }'.
  Overload 2 of 2, '(props: DefaultComponentProps<GridTypeMap<{}, "div">>): Element | null', gave the following error.
    Type '{ children: Element; item: true; xs: number; sm: number; md: number; }' is not assignable to type 'IntrinsicAttributes & GridBaseProps & { sx?: SxProps<Theme> | undefined; } & SystemProps<Theme> & Omit<...>'.
      Property 'item' does not exist on type 'IntrinsicAttributes & GridBaseProps & { sx?: SxProps<Theme> | undefined; } & SystemProps<Theme> & Omit<...>'.
    213 |         </Grid>
    214 |
  > 215 |         <Grid item xs={12} sm={6} md={3}>
        |         ^^^^^^^^^^^^^^^^^^^^^^^^^^^^^^^^^
    216 |           <Card sx={{ background: 'linear-gradient(135deg, #fa709a 0%, #fee140 100%)', color: 'white' }}>
    217 |             <CardContent>
    218 |               <Box sx={{ display: 'flex', alignItems: 'center', mb: 1 }}>

ERROR in src/components/BorrowerDashboard.tsx:232:9
TS2769: No overload matches this call.
  Overload 1 of 2, '(props: { component: ElementType<any, keyof IntrinsicElements>; } & GridBaseProps & { sx?: SxProps<Theme> | undefined; } & SystemProps<...> & Omit<...>): Element | null', gave the following error.
    Property 'component' is missing in type '{ children: Element; item: true; xs: number; md: number; }' but required in type '{ component: ElementType<any, keyof IntrinsicElements>; }'.
  Overload 2 of 2, '(props: DefaultComponentProps<GridTypeMap<{}, "div">>): Element | null', gave the following error.
    Type '{ children: Element; item: true; xs: number; md: number; }' is not assignable to type 'IntrinsicAttributes & GridBaseProps & { sx?: SxProps<Theme> | undefined; } & SystemProps<Theme> & Omit<...>'.
      Property 'item' does not exist on type 'IntrinsicAttributes & GridBaseProps & { sx?: SxProps<Theme> | undefined; } & SystemProps<Theme> & Omit<...>'.
    230 |       <Grid container spacing={3}>
    231 |         {/* EMI Collection Progress */}
  > 232 |         <Grid item xs={12} md={6}>
        |         ^^^^^^^^^^^^^^^^^^^^^^^^^^
    233 |           <Paper sx={{ p: 3 }}>
    234 |             <Typography variant="h6" gutterBottom>
    235 |               This Month's EMI Collection Progress

ERROR in src/components/BorrowerDashboard.tsx:279:9
TS2769: No overload matches this call.
  Overload 1 of 2, '(props: { component: ElementType<any, keyof IntrinsicElements>; } & GridBaseProps & { sx?: SxProps<Theme> | undefined; } & SystemProps<...> & Omit<...>): Element | null', gave the following error.
    Property 'component' is missing in type '{ children: Element; item: true; xs: number; md: number; }' but required in type '{ component: ElementType<any, keyof IntrinsicElements>; }'.
  Overload 2 of 2, '(props: DefaultComponentProps<GridTypeMap<{}, "div">>): Element | null', gave the following error.
    Type '{ children: Element; item: true; xs: number; md: number; }' is not assignable to type 'IntrinsicAttributes & GridBaseProps & { sx?: SxProps<Theme> | undefined; } & SystemProps<Theme> & Omit<...>'.
      Property 'item' does not exist on type 'IntrinsicAttributes & GridBaseProps & { sx?: SxProps<Theme> | undefined; } & SystemProps<Theme> & Omit<...>'.
    277 |
    278 |         {/* Loan-wise Collection */}
  > 279 |         <Grid item xs={12} md={6}>
        |         ^^^^^^^^^^^^^^^^^^^^^^^^^^
    280 |           <Paper sx={{ p: 3 }}>
    281 |             <Typography variant="h6" gutterBottom>
    282 |               Loan-wise Collection Status

ERROR in src/components/BorrowerDashboard.tsx:299:9
TS2769: No overload matches this call.
  Overload 1 of 2, '(props: { component: ElementType<any, keyof IntrinsicElements>; } & GridBaseProps & { sx?: SxProps<Theme> | undefined; } & SystemProps<...> & Omit<...>): Element | null', gave the following error.
    Property 'component' is missing in type '{ children: Element; item: true; xs: number; md: number; }' but required in type '{ component: ElementType<any, keyof IntrinsicElements>; }'.
  Overload 2 of 2, '(props: DefaultComponentProps<GridTypeMap<{}, "div">>): Element | null', gave the following error.
    Type '{ children: Element; item: true; xs: number; md: number; }' is not assignable to type 'IntrinsicAttributes & GridBaseProps & { sx?: SxProps<Theme> | undefined; } & SystemProps<Theme> & Omit<...>'.
      Property 'item' does not exist on type 'IntrinsicAttributes & GridBaseProps & { sx?: SxProps<Theme> | undefined; } & SystemProps<Theme> & Omit<...>'.
    297 |
    298 |         {/* Loan Summaries */}
  > 299 |         <Grid item xs={12} md={8}>
        |         ^^^^^^^^^^^^^^^^^^^^^^^^^^
    300 |           <Paper sx={{ p: 3 }}>
    301 |             <Typography variant="h6" gutterBottom>
    302 |               Active Loans Summary

ERROR in src/components/BorrowerDashboard.tsx:356:9
TS2769: No overload matches this call.
  Overload 1 of 2, '(props: { component: ElementType<any, keyof IntrinsicElements>; } & GridBaseProps & { sx?: SxProps<Theme> | undefined; } & SystemProps<...> & Omit<...>): Element | null', gave the following error.
    Property 'component' is missing in type '{ children: Element; item: true; xs: number; md: number; }' but required in type '{ component: ElementType<any, keyof IntrinsicElements>; }'.
  Overload 2 of 2, '(props: DefaultComponentProps<GridTypeMap<{}, "div">>): Element | null', gave the following error.
    Type '{ children: Element; item: true; xs: number; md: number; }' is not assignable to type 'IntrinsicAttributes & GridBaseProps & { sx?: SxProps<Theme> | undefined; } & SystemProps<Theme> & Omit<...>'.
      Property 'item' does not exist on type 'IntrinsicAttributes & GridBaseProps & { sx?: SxProps<Theme> | undefined; } & SystemProps<Theme> & Omit<...>'.
    354 |
    355 |         {/* Recent Transactions */}
  > 356 |         <Grid item xs={12} md={4}>
        |         ^^^^^^^^^^^^^^^^^^^^^^^^^^
    357 |           <Paper sx={{ p: 3 }}>
    358 |             <Typography variant="h6" gutterBottom>
    359 |               Recent Transactions

ERROR in src/components/LenderDashboard.tsx:202:9
TS2769: No overload matches this call.
  Overload 1 of 2, '(props: { component: ElementType<any, keyof IntrinsicElements>; } & GridBaseProps & { sx?: SxProps<Theme> | undefined; } & SystemProps<...> & Omit<...>): Element | null', gave the following error.
    Property 'component' is missing in type '{ children: Element; item: true; xs: number; sm: number; md: number; }' but required in type '{ component: ElementType<any, keyof IntrinsicElements>; }'.
  Overload 2 of 2, '(props: DefaultComponentProps<GridTypeMap<{}, "div">>): Element | null', gave the following error.
    Type '{ children: Element; item: true; xs: number; sm: number; md: number; }' is not assignable to type 'IntrinsicAttributes & GridBaseProps & { sx?: SxProps<Theme> | undefined; } & SystemProps<Theme> & Omit<...>'.
      Property 'item' does not exist on type 'IntrinsicAttributes & GridBaseProps & { sx?: SxProps<Theme> | undefined; } & SystemProps<Theme> & Omit<...>'.
    200 |       {/* Summary Cards */}
    201 |       <Grid container spacing={3} sx={{ mb: 4 }}>
  > 202 |         <Grid item xs={12} sm={6} md={3}>
        |         ^^^^^^^^^^^^^^^^^^^^^^^^^^^^^^^^^
    203 |           <Card sx={{ background: 'linear-gradient(135deg, #667eea 0%, #764ba2 100%)', color: 'white' }}>
    204 |             <CardContent>
    205 |               <Box sx={{ display: 'flex', alignItems: 'center', mb: 1 }}>

ERROR in src/components/LenderDashboard.tsx:216:9
TS2769: No overload matches this call.
  Overload 1 of 2, '(props: { component: ElementType<any, keyof IntrinsicElements>; } & GridBaseProps & { sx?: SxProps<Theme> | undefined; } & SystemProps<...> & Omit<...>): Element | null', gave the following error.
    Property 'component' is missing in type '{ children: Element; item: true; xs: number; sm: number; md: number; }' but required in type '{ component: ElementType<any, keyof IntrinsicElements>; }'.
  Overload 2 of 2, '(props: DefaultComponentProps<GridTypeMap<{}, "div">>): Element | null', gave the following error.
    Type '{ children: Element; item: true; xs: number; sm: number; md: number; }' is not assignable to type 'IntrinsicAttributes & GridBaseProps & { sx?: SxProps<Theme> | undefined; } & SystemProps<Theme> & Omit<...>'.
      Property 'item' does not exist on type 'IntrinsicAttributes & GridBaseProps & { sx?: SxProps<Theme> | undefined; } & SystemProps<Theme> & Omit<...>'.
    214 |         </Grid>
    215 |
  > 216 |         <Grid item xs={12} sm={6} md={3}>
        |         ^^^^^^^^^^^^^^^^^^^^^^^^^^^^^^^^^
    217 |           <Card sx={{ background: 'linear-gradient(135deg, #f093fb 0%, #f5576c 100%)', color: 'white' }}>
    218 |             <CardContent>
    219 |               <Box sx={{ display: 'flex', alignItems: 'center', mb: 1 }}>

ERROR in src/components/LenderDashboard.tsx:230:9
TS2769: No overload matches this call.
  Overload 1 of 2, '(props: { component: ElementType<any, keyof IntrinsicElements>; } & GridBaseProps & { sx?: SxProps<Theme> | undefined; } & SystemProps<...> & Omit<...>): Element | null', gave the following error.
    Property 'component' is missing in type '{ children: Element; item: true; xs: number; sm: number; md: number; }' but required in type '{ component: ElementType<any, keyof IntrinsicElements>; }'.
  Overload 2 of 2, '(props: DefaultComponentProps<GridTypeMap<{}, "div">>): Element | null', gave the following error.
    Type '{ children: Element; item: true; xs: number; sm: number; md: number; }' is not assignable to type 'IntrinsicAttributes & GridBaseProps & { sx?: SxProps<Theme> | undefined; } & SystemProps<Theme> & Omit<...>'.
      Property 'item' does not exist on type 'IntrinsicAttributes & GridBaseProps & { sx?: SxProps<Theme> | undefined; } & SystemProps<Theme> & Omit<...>'.
    228 |         </Grid>
    229 |
  > 230 |         <Grid item xs={12} sm={6} md={3}>
        |         ^^^^^^^^^^^^^^^^^^^^^^^^^^^^^^^^^
    231 |           <Card sx={{ background: 'linear-gradient(135deg, #4facfe 0%, #00f2fe 100%)', color: 'white' }}>
    232 |             <CardContent>
    233 |               <Box sx={{ display: 'flex', alignItems: 'center', mb: 1 }}>

ERROR in src/components/LenderDashboard.tsx:247:9
TS2769: No overload matches this call.
  Overload 1 of 2, '(props: { component: ElementType<any, keyof IntrinsicElements>; } & GridBaseProps & { sx?: SxProps<Theme> | undefined; } & SystemProps<...> & Omit<...>): Element | null', gave the following error.
    Property 'component' is missing in type '{ children: Element; item: true; xs: number; sm: number; md: number; }' but required in type '{ component: ElementType<any, keyof IntrinsicElements>; }'.
  Overload 2 of 2, '(props: DefaultComponentProps<GridTypeMap<{}, "div">>): Element | null', gave the following error.
    Type '{ children: Element; item: true; xs: number; sm: number; md: number; }' is not assignable to type 'IntrinsicAttributes & GridBaseProps & { sx?: SxProps<Theme> | undefined; } & SystemProps<Theme> & Omit<...>'.
      Property 'item' does not exist on type 'IntrinsicAttributes & GridBaseProps & { sx?: SxProps<Theme> | undefined; } & SystemProps<Theme> & Omit<...>'.
    245 |         </Grid>
    246 |
  > 247 |         <Grid item xs={12} sm={6} md={3}>
        |         ^^^^^^^^^^^^^^^^^^^^^^^^^^^^^^^^^
    248 |           <Card sx={{ background: 'linear-gradient(135deg, #fa709a 0%, #fee140 100%)', color: 'white' }}>
    249 |             <CardContent>
    250 |               <Box sx={{ display: 'flex', alignItems: 'center', mb: 1 }}>

ERROR in src/components/LenderDashboard.tsx:264:9
TS2769: No overload matches this call.
  Overload 1 of 2, '(props: { component: ElementType<any, keyof IntrinsicElements>; } & GridBaseProps & { sx?: SxProps<Theme> | undefined; } & SystemProps<...> & Omit<...>): Element | null', gave the following error.
    Property 'component' is missing in type '{ children: Element; item: true; xs: number; md: number; }' but required in type '{ component: ElementType<any, keyof IntrinsicElements>; }'.
  Overload 2 of 2, '(props: DefaultComponentProps<GridTypeMap<{}, "div">>): Element | null', gave the following error.
    Type '{ children: Element; item: true; xs: number; md: number; }' is not assignable to type 'IntrinsicAttributes & GridBaseProps & { sx?: SxProps<Theme> | undefined; } & SystemProps<Theme> & Omit<...>'.
      Property 'item' does not exist on type 'IntrinsicAttributes & GridBaseProps & { sx?: SxProps<Theme> | undefined; } & SystemProps<Theme> & Omit<...>'.
    262 |       <Grid container spacing={3}>
    263 |         {/* Collection Trends */}
  > 264 |         <Grid item xs={12} md={8}>
        |         ^^^^^^^^^^^^^^^^^^^^^^^^^^
    265 |           <Paper sx={{ p: 3 }}>
    266 |             <Typography variant="h6" gutterBottom>
    267 |               Monthly Collection Trends

ERROR in src/components/LenderDashboard.tsx:296:9
TS2769: No overload matches this call.
  Overload 1 of 2, '(props: { component: ElementType<any, keyof IntrinsicElements>; } & GridBaseProps & { sx?: SxProps<Theme> | undefined; } & SystemProps<...> & Omit<...>): Element | null', gave the following error.
    Property 'component' is missing in type '{ children: Element; item: true; xs: number; md: number; }' but required in type '{ component: ElementType<any, keyof IntrinsicElements>; }'.
  Overload 2 of 2, '(props: DefaultComponentProps<GridTypeMap<{}, "div">>): Element | null', gave the following error.
    Type '{ children: Element; item: true; xs: number; md: number; }' is not assignable to type 'IntrinsicAttributes & GridBaseProps & { sx?: SxProps<Theme> | undefined; } & SystemProps<Theme> & Omit<...>'.
      Property 'item' does not exist on type 'IntrinsicAttributes & GridBaseProps & { sx?: SxProps<Theme> | undefined; } & SystemProps<Theme> & Omit<...>'.
    294 |
    295 |         {/* Collection Progress */}
  > 296 |         <Grid item xs={12} md={4}>
        |         ^^^^^^^^^^^^^^^^^^^^^^^^^^
    297 |           <Paper sx={{ p: 3 }}>
    298 |             <Typography variant="h6" gutterBottom>
    299 |               This Month's Progress

ERROR in src/components/LenderDashboard.tsx:331:9
TS2769: No overload matches this call.
  Overload 1 of 2, '(props: { component: ElementType<any, keyof IntrinsicElements>; } & GridBaseProps & { sx?: SxProps<Theme> | undefined; } & SystemProps<...> & Omit<...>): Element | null', gave the following error.
    Property 'component' is missing in type '{ children: Element; item: true; xs: number; md: number; }' but required in type '{ component: ElementType<any, keyof IntrinsicElements>; }'.
  Overload 2 of 2, '(props: DefaultComponentProps<GridTypeMap<{}, "div">>): Element | null', gave the following error.
    Type '{ children: Element; item: true; xs: number; md: number; }' is not assignable to type 'IntrinsicAttributes & GridBaseProps & { sx?: SxProps<Theme> | undefined; } & SystemProps<Theme> & Omit<...>'.
      Property 'item' does not exist on type 'IntrinsicAttributes & GridBaseProps & { sx?: SxProps<Theme> | undefined; } & SystemProps<Theme> & Omit<...>'.
    329 |
    330 |         {/* Borrower-wise Collections */}
  > 331 |         <Grid item xs={12} md={8}>
        |         ^^^^^^^^^^^^^^^^^^^^^^^^^^
    332 |           <Paper sx={{ p: 3 }}>
    333 |             <Typography variant="h6" gutterBottom>
    334 |               Borrower-wise Collection Status

ERROR in src/components/LenderDashboard.tsx:351:9
TS2769: No overload matches this call.
  Overload 1 of 2, '(props: { component: ElementType<any, keyof IntrinsicElements>; } & GridBaseProps & { sx?: SxProps<Theme> | undefined; } & SystemProps<...> & Omit<...>): Element | null', gave the following error.
    Property 'component' is missing in type '{ children: Element; item: true; xs: number; md: number; }' but required in type '{ component: ElementType<any, keyof IntrinsicElements>; }'.
  Overload 2 of 2, '(props: DefaultComponentProps<GridTypeMap<{}, "div">>): Element | null', gave the following error.
    Type '{ children: Element; item: true; xs: number; md: number; }' is not assignable to type 'IntrinsicAttributes & GridBaseProps & { sx?: SxProps<Theme> | undefined; } & SystemProps<Theme> & Omit<...>'.
      Property 'item' does not exist on type 'IntrinsicAttributes & GridBaseProps & { sx?: SxProps<Theme> | undefined; } & SystemProps<Theme> & Omit<...>'.
    349 |
    350 |         {/* Upcoming Payments */}
  > 351 |         <Grid item xs={12} md={4}>
        |         ^^^^^^^^^^^^^^^^^^^^^^^^^^
    352 |           <Paper sx={{ p: 3 }}>
    353 |             <Typography variant="h6" gutterBottom>
    354 |               Upcoming EMI Payments

ERROR in src/components/LenderDashboard.tsx:394:9
TS2769: No overload matches this call.
  Overload 1 of 2, '(props: { component: ElementType<any, keyof IntrinsicElements>; } & GridBaseProps & { sx?: SxProps<Theme> | undefined; } & SystemProps<...> & Omit<...>): Element | null', gave the following error.
    Property 'component' is missing in type '{ children: Element; item: true; xs: number; }' but required in type '{ component: ElementType<any, keyof IntrinsicElements>; }'.
  Overload 2 of 2, '(props: DefaultComponentProps<GridTypeMap<{}, "div">>): Element | null', gave the following error.
    Type '{ children: Element; item: true; xs: number; }' is not assignable to type 'IntrinsicAttributes & GridBaseProps & { sx?: SxProps<Theme> | undefined; } & SystemProps<Theme> & Omit<...>'.
      Property 'item' does not exist on type 'IntrinsicAttributes & GridBaseProps & { sx?: SxProps<Theme> | undefined; } & SystemProps<Theme> & Omit<...>'.
    392 |
    393 |         {/* Borrower Portfolio */}
  > 394 |         <Grid item xs={12}>
        |         ^^^^^^^^^^^^^^^^^^^
    395 |           <Paper sx={{ p: 3 }}>
    396 |             <Typography variant="h6" gutterBottom>
    397 |               Borrower Portfolio

ERROR in src/components/LoanManagement.tsx:81:11
TS2739: Type '{ id: number; borrowerId: number; lenderId: number; principalAmount: number; interestRate: number; loanTermMonths: number; emiAmount: number; emiCollectionPercentage: number; emiDueDate: number; ... 6 more ...; remainingAmount: number; }' is missing the following properties from type 'Loan': loanAmount, tenureMonths, monthlyEmiAmount, nextEmiDate, outstandingAmount
     79 |         // Demo data
     80 |         const demoLoans: Loan[] = [
  >  81 |           {
        |           ^
  >  82 |             id: 1,
        | ^^^^^^^^^^^^^^^^^^
  >  83 |             borrowerId: 1,
        | ^^^^^^^^^^^^^^^^^^
  >  84 |             lenderId: 2,
        | ^^^^^^^^^^^^^^^^^^
  >  85 |             principalAmount: 500000,
        | ^^^^^^^^^^^^^^^^^^
  >  86 |             interestRate: 12,
        | ^^^^^^^^^^^^^^^^^^
  >  87 |             loanTermMonths: 24,
        | ^^^^^^^^^^^^^^^^^^
  >  88 |             emiAmount: 23538,
        | ^^^^^^^^^^^^^^^^^^
  >  89 |             emiCollectionPercentage: 5,
        | ^^^^^^^^^^^^^^^^^^
  >  90 |             emiDueDate: 15,
        | ^^^^^^^^^^^^^^^^^^
  >  91 |             startDate: '2023-12-01',
        | ^^^^^^^^^^^^^^^^^^
  >  92 |             endDate: '2025-12-01',
        | ^^^^^^^^^^^^^^^^^^
  >  93 |             status: 'ACTIVE',
        | ^^^^^^^^^^^^^^^^^^
  >  94 |             borrowerName: 'John Smith',
        | ^^^^^^^^^^^^^^^^^^
  >  95 |             lenderName: 'Jane Doe',
        | ^^^^^^^^^^^^^^^^^^
  >  96 |             collectedAmount: 15000,
        | ^^^^^^^^^^^^^^^^^^
  >  97 |             remainingAmount: 8538,
        | ^^^^^^^^^^^^^^^^^^
  >  98 |           },
        | ^^^^^^^^^^^^
     99 |           {
    100 |             id: 2,
    101 |             borrowerId: 3,

ERROR in src/components/LoanManagement.tsx:99:11
TS2739: Type '{ id: number; borrowerId: number; lenderId: number; principalAmount: number; interestRate: number; loanTermMonths: number; emiAmount: number; emiCollectionPercentage: number; emiDueDate: number; ... 6 more ...; remainingAmount: number; }' is missing the following properties from type 'Loan': loanAmount, tenureMonths, monthlyEmiAmount, nextEmiDate, outstandingAmount
     97 |             remainingAmount: 8538,
     98 |           },
  >  99 |           {
        |           ^
  > 100 |             id: 2,
        | ^^^^^^^^^^^^^^^^^^
  > 101 |             borrowerId: 3,
        | ^^^^^^^^^^^^^^^^^^
  > 102 |             lenderId: 2,
        | ^^^^^^^^^^^^^^^^^^
  > 103 |             principalAmount: 250000,
        | ^^^^^^^^^^^^^^^^^^
  > 104 |             interestRate: 10,
        | ^^^^^^^^^^^^^^^^^^
  > 105 |             loanTermMonths: 18,
        | ^^^^^^^^^^^^^^^^^^
  > 106 |             emiAmount: 15234,
        | ^^^^^^^^^^^^^^^^^^
  > 107 |             emiCollectionPercentage: 4,
        | ^^^^^^^^^^^^^^^^^^
  > 108 |             emiDueDate: 20,
        | ^^^^^^^^^^^^^^^^^^
  > 109 |             startDate: '2024-01-01',
        | ^^^^^^^^^^^^^^^^^^
  > 110 |             endDate: '2025-07-01',
        | ^^^^^^^^^^^^^^^^^^
  > 111 |             status: 'ACTIVE',
        | ^^^^^^^^^^^^^^^^^^
  > 112 |             borrowerName: 'Ram Kumar',
        | ^^^^^^^^^^^^^^^^^^
  > 113 |             lenderName: 'Jane Doe',
        | ^^^^^^^^^^^^^^^^^^
  > 114 |             collectedAmount: 8000,
        | ^^^^^^^^^^^^^^^^^^
  > 115 |             remainingAmount: 7234,
        | ^^^^^^^^^^^^^^^^^^
  > 116 |           },
        | ^^^^^^^^^^^^
    117 |         ];
    118 |
    119 |         const demoUsers: User[] = [

ERROR in src/components/LoanManagement.tsx:289:23
TS18048: 'loan.principalAmount' is possibly 'undefined'.
    287 |                   </TableCell>
    288 |                   <TableCell align="right">
  > 289 |                     ₹{loan.principalAmount.toLocaleString()}
        |                       ^^^^^^^^^^^^^^^^^^^^
    290 |                   </TableCell>
    291 |                   <TableCell align="right">{loan.interestRate}%</TableCell>
    292 |                   <TableCell align="right">

ERROR in src/components/LoanManagement.tsx:293:23
TS18048: 'loan.emiAmount' is possibly 'undefined'.
    291 |                   <TableCell align="right">{loan.interestRate}%</TableCell>
    292 |                   <TableCell align="right">
  > 293 |                     ₹{loan.emiAmount.toLocaleString()}
        |                       ^^^^^^^^^^^^^^
    294 |                   </TableCell>
    295 |                   <TableCell align="center">{loan.loanTermMonths}</TableCell>
    296 |                   <TableCell align="center">{loan.emiCollectionPercentage}%</TableCell>

ERROR in src/components/LoanManagement.tsx:330:13
TS2769: No overload matches this call.
  Overload 1 of 2, '(props: { component: ElementType<any, keyof IntrinsicElements>; } & GridBaseProps & { sx?: SxProps<Theme> | undefined; } & SystemProps<...> & Omit<...>): Element | null', gave the following error.
    Property 'component' is missing in type '{ children: Element; item: true; xs: number; md: number; }' but required in type '{ component: ElementType<any, keyof IntrinsicElements>; }'.
  Overload 2 of 2, '(props: DefaultComponentProps<GridTypeMap<{}, "div">>): Element | null', gave the following error.
    Type '{ children: Element; item: true; xs: number; md: number; }' is not assignable to type 'IntrinsicAttributes & GridBaseProps & { sx?: SxProps<Theme> | undefined; } & SystemProps<Theme> & Omit<...>'.
      Property 'item' does not exist on type 'IntrinsicAttributes & GridBaseProps & { sx?: SxProps<Theme> | undefined; } & SystemProps<Theme> & Omit<...>'.
    328 |         <DialogContent>
    329 |           <Grid container spacing={2} sx={{ mt: 1 }}>
  > 330 |             <Grid item xs={12} md={6}>
        |             ^^^^^^^^^^^^^^^^^^^^^^^^^^
    331 |               <Autocomplete
    332 |                 options={getAvailableUsers()}
    333 |                 getOptionLabel={(option) => option.fullName}

ERROR in src/components/LoanManagement.tsx:364:13
TS2769: No overload matches this call.
  Overload 1 of 2, '(props: { component: ElementType<any, keyof IntrinsicElements>; } & GridBaseProps & { sx?: SxProps<Theme> | undefined; } & SystemProps<...> & Omit<...>): Element | null', gave the following error.
    Property 'component' is missing in type '{ children: Element; item: true; xs: number; md: number; }' but required in type '{ component: ElementType<any, keyof IntrinsicElements>; }'.
  Overload 2 of 2, '(props: DefaultComponentProps<GridTypeMap<{}, "div">>): Element | null', gave the following error.
    Type '{ children: Element; item: true; xs: number; md: number; }' is not assignable to type 'IntrinsicAttributes & GridBaseProps & { sx?: SxProps<Theme> | undefined; } & SystemProps<Theme> & Omit<...>'.
      Property 'item' does not exist on type 'IntrinsicAttributes & GridBaseProps & { sx?: SxProps<Theme> | undefined; } & SystemProps<Theme> & Omit<...>'.
    362 |             </Grid>
    363 |
  > 364 |             <Grid item xs={12} md={6}>
        |             ^^^^^^^^^^^^^^^^^^^^^^^^^^
    365 |               <TextField
    366 |                 label="Principal Amount"
    367 |                 type="number"

ERROR in src/components/LoanManagement.tsx:381:13
TS2769: No overload matches this call.
  Overload 1 of 2, '(props: { component: ElementType<any, keyof IntrinsicElements>; } & GridBaseProps & { sx?: SxProps<Theme> | undefined; } & SystemProps<...> & Omit<...>): Element | null', gave the following error.
    Property 'component' is missing in type '{ children: Element; item: true; xs: number; md: number; }' but required in type '{ component: ElementType<any, keyof IntrinsicElements>; }'.
  Overload 2 of 2, '(props: DefaultComponentProps<GridTypeMap<{}, "div">>): Element | null', gave the following error.
    Type '{ children: Element; item: true; xs: number; md: number; }' is not assignable to type 'IntrinsicAttributes & GridBaseProps & { sx?: SxProps<Theme> | undefined; } & SystemProps<Theme> & Omit<...>'.
      Property 'item' does not exist on type 'IntrinsicAttributes & GridBaseProps & { sx?: SxProps<Theme> | undefined; } & SystemProps<Theme> & Omit<...>'.
    379 |             </Grid>
    380 |
  > 381 |             <Grid item xs={12} md={6}>
        |             ^^^^^^^^^^^^^^^^^^^^^^^^^^
    382 |               <TextField
    383 |                 label="Interest Rate (%)"
    384 |                 type="number"

ERROR in src/components/LoanManagement.tsx:398:13
TS2769: No overload matches this call.
  Overload 1 of 2, '(props: { component: ElementType<any, keyof IntrinsicElements>; } & GridBaseProps & { sx?: SxProps<Theme> | undefined; } & SystemProps<...> & Omit<...>): Element | null', gave the following error.
    Property 'component' is missing in type '{ children: Element; item: true; xs: number; md: number; }' but required in type '{ component: ElementType<any, keyof IntrinsicElements>; }'.
  Overload 2 of 2, '(props: DefaultComponentProps<GridTypeMap<{}, "div">>): Element | null', gave the following error.
    Type '{ children: Element; item: true; xs: number; md: number; }' is not assignable to type 'IntrinsicAttributes & GridBaseProps & { sx?: SxProps<Theme> | undefined; } & SystemProps<Theme> & Omit<...>'.
      Property 'item' does not exist on type 'IntrinsicAttributes & GridBaseProps & { sx?: SxProps<Theme> | undefined; } & SystemProps<Theme> & Omit<...>'.
    396 |             </Grid>
    397 |
  > 398 |             <Grid item xs={12} md={6}>
        |             ^^^^^^^^^^^^^^^^^^^^^^^^^^
    399 |               <TextField
    400 |                 label="Loan Term (Months)"
    401 |                 type="number"

ERROR in src/components/LoanManagement.tsx:412:13
TS2769: No overload matches this call.
  Overload 1 of 2, '(props: { component: ElementType<any, keyof IntrinsicElements>; } & GridBaseProps & { sx?: SxProps<Theme> | undefined; } & SystemProps<...> & Omit<...>): Element | null', gave the following error.
    Property 'component' is missing in type '{ children: Element; item: true; xs: number; md: number; }' but required in type '{ component: ElementType<any, keyof IntrinsicElements>; }'.
  Overload 2 of 2, '(props: DefaultComponentProps<GridTypeMap<{}, "div">>): Element | null', gave the following error.
    Type '{ children: Element; item: true; xs: number; md: number; }' is not assignable to type 'IntrinsicAttributes & GridBaseProps & { sx?: SxProps<Theme> | undefined; } & SystemProps<Theme> & Omit<...>'.
      Property 'item' does not exist on type 'IntrinsicAttributes & GridBaseProps & { sx?: SxProps<Theme> | undefined; } & SystemProps<Theme> & Omit<...>'.
    410 |             </Grid>
    411 |
  > 412 |             <Grid item xs={12} md={6}>
        |             ^^^^^^^^^^^^^^^^^^^^^^^^^^
    413 |               <TextField
    414 |                 label="EMI Collection Percentage"
    415 |                 type="number"

ERROR in src/components/LoanManagement.tsx:430:13
TS2769: No overload matches this call.
  Overload 1 of 2, '(props: { component: ElementType<any, keyof IntrinsicElements>; } & GridBaseProps & { sx?: SxProps<Theme> | undefined; } & SystemProps<...> & Omit<...>): Element | null', gave the following error.
    Property 'component' is missing in type '{ children: Element; item: true; xs: number; md: number; }' but required in type '{ component: ElementType<any, keyof IntrinsicElements>; }'.
  Overload 2 of 2, '(props: DefaultComponentProps<GridTypeMap<{}, "div">>): Element | null', gave the following error.
    Type '{ children: Element; item: true; xs: number; md: number; }' is not assignable to type 'IntrinsicAttributes & GridBaseProps & { sx?: SxProps<Theme> | undefined; } & SystemProps<Theme> & Omit<...>'.
      Property 'item' does not exist on type 'IntrinsicAttributes & GridBaseProps & { sx?: SxProps<Theme> | undefined; } & SystemProps<Theme> & Omit<...>'.
    428 |             </Grid>
    429 |
  > 430 |             <Grid item xs={12} md={6}>
        |             ^^^^^^^^^^^^^^^^^^^^^^^^^^
    431 |               <TextField
    432 |                 label="EMI Due Date"
    433 |                 type="number"

ERROR in src/components/LoanManagement.tsx:447:15
TS2769: No overload matches this call.
  Overload 1 of 2, '(props: { component: ElementType<any, keyof IntrinsicElements>; } & GridBaseProps & { sx?: SxProps<Theme> | undefined; } & SystemProps<...> & Omit<...>): Element | null', gave the following error.
    Property 'component' is missing in type '{ children: Element; item: true; xs: number; }' but required in type '{ component: ElementType<any, keyof IntrinsicElements>; }'.
  Overload 2 of 2, '(props: DefaultComponentProps<GridTypeMap<{}, "div">>): Element | null', gave the following error.
    Type '{ children: Element; item: true; xs: number; }' is not assignable to type 'IntrinsicAttributes & GridBaseProps & { sx?: SxProps<Theme> | undefined; } & SystemProps<Theme> & Omit<...>'.
      Property 'item' does not exist on type 'IntrinsicAttributes & GridBaseProps & { sx?: SxProps<Theme> | undefined; } & SystemProps<Theme> & Omit<...>'.
    445 |
    446 |             {newLoan.principalAmount > 0 && newLoan.interestRate > 0 && newLoan.loanTermMonths > 0 && (
  > 447 |               <Grid item xs={12}>
        |               ^^^^^^^^^^^^^^^^^^^
    448 |                 <Alert severity="info">
    449 |                   <Typography variant="body2">
    450 |                     <strong>Calculated EMI: ₹{calculateEMI(

Compiling...
Failed to compile.

[eslint] 
src/components/LoanManagement.tsx
Syntax error: Expected corresponding JSX closing tag for 'Box' (457:16)
WARNING in [eslint] 
src/components/BorrowerDashboard.tsx
  Line 16:3:   'Button' is defined but never used                                                                                    @typescript-eslint/no-unused-vars
  Line 22:3:   'TrendingUp' is defined but never used                                                                                @typescript-eslint/no-unused-vars
  Line 26:54:  'Loan' is defined but never used                                                                                      @typescript-eslint/no-unused-vars
  Line 40:6:   React Hook useEffect has a missing dependency: 'loadDashboardData'. Either include it or remove the dependency array  react-hooks/exhaustive-deps

src/components/LenderDashboard.tsx
  Line 28:3:  'Schedule' is defined but never used                                                                                  @typescript-eslint/no-unused-vars
  Line 48:6:  React Hook useEffect has a missing dependency: 'loadDashboardData'. Either include it or remove the dependency array  react-hooks/exhaustive-deps

src/components/TransactionForm.tsx
  Line 13:3:   'Card' is defined but never used                                                                              @typescript-eslint/no-unused-vars
  Line 14:3:   'CardContent' is defined but never used                                                                       @typescript-eslint/no-unused-vars
  Line 30:3:   'AccountBalance' is defined but never used                                                                    @typescript-eslint/no-unused-vars
  Line 31:3:   'TrendingUp' is defined but never used                                                                        @typescript-eslint/no-unused-vars
  Line 111:6:  React Hook useEffect has a missing dependency: 'fetchData'. Either include it or remove the dependency array  react-hooks/exhaustive-deps

src/components/UserSelector.tsx
  Line 6:3:  'Button' is defined but never used  @typescript-eslint/no-unused-vars

src/services/api.ts
  Line 11:3:  'ApiResponse' is defined but never used  @typescript-eslint/no-unused-vars

ERROR in ./src/components/LoanManagement.tsx
Module build failed (from ./node_modules/babel-loader/lib/index.js):
SyntaxError: /workspace/kishti-app/frontend/src/components/LoanManagement.tsx: Expected corresponding JSX closing tag for <Box>. (457:14)

  455 |                   </Typography>
  456 |                 </Alert>
> 457 |               </Grid>
      |               ^
  458 |             )}
  459 |           </Grid>
  460 |         </DialogContent>
    at constructor (/workspace/kishti-app/frontend/node_modules/@babel/parser/lib/index.js:367:19)
    at TypeScriptParserMixin.raise (/workspace/kishti-app/frontend/node_modules/@babel/parser/lib/index.js:6627:19)
    at TypeScriptParserMixin.jsxParseElementAt (/workspace/kishti-app/frontend/node_modules/@babel/parser/lib/index.js:4757:16)
    at TypeScriptParserMixin.jsxParseElement (/workspace/kishti-app/frontend/node_modules/@babel/parser/lib/index.js:4779:17)
    at TypeScriptParserMixin.parseExprAtom (/workspace/kishti-app/frontend/node_modules/@babel/parser/lib/index.js:4789:19)
    at TypeScriptParserMixin.parseExprSubscripts (/workspace/kishti-app/frontend/node_modules/@babel/parser/lib/index.js:11076:23)
    at TypeScriptParserMixin.parseUpdate (/workspace/kishti-app/frontend/node_modules/@babel/parser/lib/index.js:11061:21)
    at TypeScriptParserMixin.parseMaybeUnary (/workspace/kishti-app/frontend/node_modules/@babel/parser/lib/index.js:11041:23)
    at TypeScriptParserMixin.parseMaybeUnary (/workspace/kishti-app/frontend/node_modules/@babel/parser/lib/index.js:9852:18)
    at TypeScriptParserMixin.parseMaybeUnaryOrPrivate (/workspace/kishti-app/frontend/node_modules/@babel/parser/lib/index.js:10894:61)
    at TypeScriptParserMixin.parseExprOps (/workspace/kishti-app/frontend/node_modules/@babel/parser/lib/index.js:10899:23)
    at TypeScriptParserMixin.parseMaybeConditional (/workspace/kishti-app/frontend/node_modules/@babel/parser/lib/index.js:10876:23)
    at TypeScriptParserMixin.parseMaybeAssign (/workspace/kishti-app/frontend/node_modules/@babel/parser/lib/index.js:10826:21)
    at /workspace/kishti-app/frontend/node_modules/@babel/parser/lib/index.js:9790:39
    at TypeScriptParserMixin.tryParse (/workspace/kishti-app/frontend/node_modules/@babel/parser/lib/index.js:6935:20)
    at TypeScriptParserMixin.parseMaybeAssign (/workspace/kishti-app/frontend/node_modules/@babel/parser/lib/index.js:9790:18)
    at /workspace/kishti-app/frontend/node_modules/@babel/parser/lib/index.js:10795:39
    at TypeScriptParserMixin.allowInAnd (/workspace/kishti-app/frontend/node_modules/@babel/parser/lib/index.js:12427:12)
    at TypeScriptParserMixin.parseMaybeAssignAllowIn (/workspace/kishti-app/frontend/node_modules/@babel/parser/lib/index.js:10795:17)
    at TypeScriptParserMixin.parseMaybeAssignAllowInOrVoidPattern (/workspace/kishti-app/frontend/node_modules/@babel/parser/lib/index.js:12494:17)
    at TypeScriptParserMixin.parseParenAndDistinguishExpression (/workspace/kishti-app/frontend/node_modules/@babel/parser/lib/index.js:11674:28)
    at TypeScriptParserMixin.parseExprAtom (/workspace/kishti-app/frontend/node_modules/@babel/parser/lib/index.js:11326:23)
    at TypeScriptParserMixin.parseExprAtom (/workspace/kishti-app/frontend/node_modules/@babel/parser/lib/index.js:4794:20)
    at TypeScriptParserMixin.parseExprSubscripts (/workspace/kishti-app/frontend/node_modules/@babel/parser/lib/index.js:11076:23)
    at TypeScriptParserMixin.parseUpdate (/workspace/kishti-app/frontend/node_modules/@babel/parser/lib/index.js:11061:21)
    at TypeScriptParserMixin.parseMaybeUnary (/workspace/kishti-app/frontend/node_modules/@babel/parser/lib/index.js:11041:23)
    at TypeScriptParserMixin.parseMaybeUnary (/workspace/kishti-app/frontend/node_modules/@babel/parser/lib/index.js:9852:18)
    at TypeScriptParserMixin.parseMaybeUnaryOrPrivate (/workspace/kishti-app/frontend/node_modules/@babel/parser/lib/index.js:10894:61)
    at TypeScriptParserMixin.parseExprOpBaseRightExpr (/workspace/kishti-app/frontend/node_modules/@babel/parser/lib/index.js:10981:34)
    at TypeScriptParserMixin.parseExprOpRightExpr (/workspace/kishti-app/frontend/node_modules/@babel/parser/lib/index.js:10976:21)
    at TypeScriptParserMixin.parseExprOp (/workspace/kishti-app/frontend/node_modules/@babel/parser/lib/index.js:10942:27)
    at TypeScriptParserMixin.parseExprOp (/workspace/kishti-app/frontend/node_modules/@babel/parser/lib/index.js:9389:18)
    at TypeScriptParserMixin.parseExprOp (/workspace/kishti-app/frontend/node_modules/@babel/parser/lib/index.js:10948:21)
    at TypeScriptParserMixin.parseExprOp (/workspace/kishti-app/frontend/node_modules/@babel/parser/lib/index.js:9389:18)
    at TypeScriptParserMixin.parseExprOp (/workspace/kishti-app/frontend/node_modules/@babel/parser/lib/index.js:10948:21)
    at TypeScriptParserMixin.parseExprOp (/workspace/kishti-app/frontend/node_modules/@babel/parser/lib/index.js:9389:18)
    at TypeScriptParserMixin.parseExprOp (/workspace/kishti-app/frontend/node_modules/@babel/parser/lib/index.js:10948:21)
    at TypeScriptParserMixin.parseExprOp (/workspace/kishti-app/frontend/node_modules/@babel/parser/lib/index.js:9389:18)
    at TypeScriptParserMixin.parseExprOps (/workspace/kishti-app/frontend/node_modules/@babel/parser/lib/index.js:10903:17)
    at TypeScriptParserMixin.parseMaybeConditional (/workspace/kishti-app/frontend/node_modules/@babel/parser/lib/index.js:10876:23)
    at TypeScriptParserMixin.parseMaybeAssign (/workspace/kishti-app/frontend/node_modules/@babel/parser/lib/index.js:10826:21)
    at TypeScriptParserMixin.parseMaybeAssign (/workspace/kishti-app/frontend/node_modules/@babel/parser/lib/index.js:9801:20)
    at TypeScriptParserMixin.parseExpressionBase (/workspace/kishti-app/frontend/node_modules/@babel/parser/lib/index.js:10779:23)
    at /workspace/kishti-app/frontend/node_modules/@babel/parser/lib/index.js:10775:39
    at TypeScriptParserMixin.allowInAnd (/workspace/kishti-app/frontend/node_modules/@babel/parser/lib/index.js:12427:12)
    at TypeScriptParserMixin.parseExpression (/workspace/kishti-app/frontend/node_modules/@babel/parser/lib/index.js:10775:17)
    at TypeScriptParserMixin.jsxParseExpressionContainer (/workspace/kishti-app/frontend/node_modules/@babel/parser/lib/index.js:4662:31)
    at TypeScriptParserMixin.jsxParseElementAt (/workspace/kishti-app/frontend/node_modules/@babel/parser/lib/index.js:4741:36)
    at TypeScriptParserMixin.jsxParseElementAt (/workspace/kishti-app/frontend/node_modules/@babel/parser/lib/index.js:4728:32)
    at TypeScriptParserMixin.jsxParseElementAt (/workspace/kishti-app/frontend/node_modules/@babel/parser/lib/index.js:4728:32)

ERROR in [eslint] 
src/components/LoanManagement.tsx
  Line 457:16:  Parsing error: Expected corresponding JSX closing tag for 'Box'

webpack compiled with 2 errors and 1 warning
ERROR in src/components/BorrowerDashboard.tsx:173:9
TS2769: No overload matches this call.
  Overload 1 of 2, '(props: { component: ElementType<any, keyof IntrinsicElements>; } & GridBaseProps & { sx?: SxProps<Theme> | undefined; } & SystemProps<...> & Omit<...>): Element | null', gave the following error.
    Property 'component' is missing in type '{ children: Element; item: true; xs: number; sm: number; md: number; }' but required in type '{ component: ElementType<any, keyof IntrinsicElements>; }'.
  Overload 2 of 2, '(props: DefaultComponentProps<GridTypeMap<{}, "div">>): Element | null', gave the following error.
    Type '{ children: Element; item: true; xs: number; sm: number; md: number; }' is not assignable to type 'IntrinsicAttributes & GridBaseProps & { sx?: SxProps<Theme> | undefined; } & SystemProps<Theme> & Omit<...>'.
      Property 'item' does not exist on type 'IntrinsicAttributes & GridBaseProps & { sx?: SxProps<Theme> | undefined; } & SystemProps<Theme> & Omit<...>'.
    171 |       {/* Summary Cards */}
    172 |       <Grid container spacing={3} sx={{ mb: 4 }}>
  > 173 |         <Grid item xs={12} sm={6} md={3}>
        |         ^^^^^^^^^^^^^^^^^^^^^^^^^^^^^^^^^
    174 |           <Card sx={{ background: 'linear-gradient(135deg, #667eea 0%, #764ba2 100%)', color: 'white' }}>
    175 |             <CardContent>
    176 |               <Box sx={{ display: 'flex', alignItems: 'center', mb: 1 }}>

ERROR in src/components/BorrowerDashboard.tsx:187:9
TS2769: No overload matches this call.
  Overload 1 of 2, '(props: { component: ElementType<any, keyof IntrinsicElements>; } & GridBaseProps & { sx?: SxProps<Theme> | undefined; } & SystemProps<...> & Omit<...>): Element | null', gave the following error.
    Property 'component' is missing in type '{ children: Element; item: true; xs: number; sm: number; md: number; }' but required in type '{ component: ElementType<any, keyof IntrinsicElements>; }'.
  Overload 2 of 2, '(props: DefaultComponentProps<GridTypeMap<{}, "div">>): Element | null', gave the following error.
    Type '{ children: Element; item: true; xs: number; sm: number; md: number; }' is not assignable to type 'IntrinsicAttributes & GridBaseProps & { sx?: SxProps<Theme> | undefined; } & SystemProps<Theme> & Omit<...>'.
      Property 'item' does not exist on type 'IntrinsicAttributes & GridBaseProps & { sx?: SxProps<Theme> | undefined; } & SystemProps<Theme> & Omit<...>'.
    185 |         </Grid>
    186 |
  > 187 |         <Grid item xs={12} sm={6} md={3}>
        |         ^^^^^^^^^^^^^^^^^^^^^^^^^^^^^^^^^
    188 |           <Card sx={{ background: 'linear-gradient(135deg, #f093fb 0%, #f5576c 100%)', color: 'white' }}>
    189 |             <CardContent>
    190 |               <Box sx={{ display: 'flex', alignItems: 'center', mb: 1 }}>

ERROR in src/components/BorrowerDashboard.tsx:201:9
TS2769: No overload matches this call.
  Overload 1 of 2, '(props: { component: ElementType<any, keyof IntrinsicElements>; } & GridBaseProps & { sx?: SxProps<Theme> | undefined; } & SystemProps<...> & Omit<...>): Element | null', gave the following error.
    Property 'component' is missing in type '{ children: Element; item: true; xs: number; sm: number; md: number; }' but required in type '{ component: ElementType<any, keyof IntrinsicElements>; }'.
  Overload 2 of 2, '(props: DefaultComponentProps<GridTypeMap<{}, "div">>): Element | null', gave the following error.
    Type '{ children: Element; item: true; xs: number; sm: number; md: number; }' is not assignable to type 'IntrinsicAttributes & GridBaseProps & { sx?: SxProps<Theme> | undefined; } & SystemProps<Theme> & Omit<...>'.
      Property 'item' does not exist on type 'IntrinsicAttributes & GridBaseProps & { sx?: SxProps<Theme> | undefined; } & SystemProps<Theme> & Omit<...>'.
    199 |         </Grid>
    200 |
  > 201 |         <Grid item xs={12} sm={6} md={3}>
        |         ^^^^^^^^^^^^^^^^^^^^^^^^^^^^^^^^^
    202 |           <Card sx={{ background: 'linear-gradient(135deg, #4facfe 0%, #00f2fe 100%)', color: 'white' }}>
    203 |             <CardContent>
    204 |               <Box sx={{ display: 'flex', alignItems: 'center', mb: 1 }}>

ERROR in src/components/BorrowerDashboard.tsx:215:9
TS2769: No overload matches this call.
  Overload 1 of 2, '(props: { component: ElementType<any, keyof IntrinsicElements>; } & GridBaseProps & { sx?: SxProps<Theme> | undefined; } & SystemProps<...> & Omit<...>): Element | null', gave the following error.
    Property 'component' is missing in type '{ children: Element; item: true; xs: number; sm: number; md: number; }' but required in type '{ component: ElementType<any, keyof IntrinsicElements>; }'.
  Overload 2 of 2, '(props: DefaultComponentProps<GridTypeMap<{}, "div">>): Element | null', gave the following error.
    Type '{ children: Element; item: true; xs: number; sm: number; md: number; }' is not assignable to type 'IntrinsicAttributes & GridBaseProps & { sx?: SxProps<Theme> | undefined; } & SystemProps<Theme> & Omit<...>'.
      Property 'item' does not exist on type 'IntrinsicAttributes & GridBaseProps & { sx?: SxProps<Theme> | undefined; } & SystemProps<Theme> & Omit<...>'.
    213 |         </Grid>
    214 |
  > 215 |         <Grid item xs={12} sm={6} md={3}>
        |         ^^^^^^^^^^^^^^^^^^^^^^^^^^^^^^^^^
    216 |           <Card sx={{ background: 'linear-gradient(135deg, #fa709a 0%, #fee140 100%)', color: 'white' }}>
    217 |             <CardContent>
    218 |               <Box sx={{ display: 'flex', alignItems: 'center', mb: 1 }}>

ERROR in src/components/BorrowerDashboard.tsx:232:9
TS2769: No overload matches this call.
  Overload 1 of 2, '(props: { component: ElementType<any, keyof IntrinsicElements>; } & GridBaseProps & { sx?: SxProps<Theme> | undefined; } & SystemProps<...> & Omit<...>): Element | null', gave the following error.
    Property 'component' is missing in type '{ children: Element; item: true; xs: number; md: number; }' but required in type '{ component: ElementType<any, keyof IntrinsicElements>; }'.
  Overload 2 of 2, '(props: DefaultComponentProps<GridTypeMap<{}, "div">>): Element | null', gave the following error.
    Type '{ children: Element; item: true; xs: number; md: number; }' is not assignable to type 'IntrinsicAttributes & GridBaseProps & { sx?: SxProps<Theme> | undefined; } & SystemProps<Theme> & Omit<...>'.
      Property 'item' does not exist on type 'IntrinsicAttributes & GridBaseProps & { sx?: SxProps<Theme> | undefined; } & SystemProps<Theme> & Omit<...>'.
    230 |       <Grid container spacing={3}>
    231 |         {/* EMI Collection Progress */}
  > 232 |         <Grid item xs={12} md={6}>
        |         ^^^^^^^^^^^^^^^^^^^^^^^^^^
    233 |           <Paper sx={{ p: 3 }}>
    234 |             <Typography variant="h6" gutterBottom>
    235 |               This Month's EMI Collection Progress

ERROR in src/components/BorrowerDashboard.tsx:279:9
TS2769: No overload matches this call.
  Overload 1 of 2, '(props: { component: ElementType<any, keyof IntrinsicElements>; } & GridBaseProps & { sx?: SxProps<Theme> | undefined; } & SystemProps<...> & Omit<...>): Element | null', gave the following error.
    Property 'component' is missing in type '{ children: Element; item: true; xs: number; md: number; }' but required in type '{ component: ElementType<any, keyof IntrinsicElements>; }'.
  Overload 2 of 2, '(props: DefaultComponentProps<GridTypeMap<{}, "div">>): Element | null', gave the following error.
    Type '{ children: Element; item: true; xs: number; md: number; }' is not assignable to type 'IntrinsicAttributes & GridBaseProps & { sx?: SxProps<Theme> | undefined; } & SystemProps<Theme> & Omit<...>'.
      Property 'item' does not exist on type 'IntrinsicAttributes & GridBaseProps & { sx?: SxProps<Theme> | undefined; } & SystemProps<Theme> & Omit<...>'.
    277 |
    278 |         {/* Loan-wise Collection */}
  > 279 |         <Grid item xs={12} md={6}>
        |         ^^^^^^^^^^^^^^^^^^^^^^^^^^
    280 |           <Paper sx={{ p: 3 }}>
    281 |             <Typography variant="h6" gutterBottom>
    282 |               Loan-wise Collection Status

ERROR in src/components/BorrowerDashboard.tsx:299:9
TS2769: No overload matches this call.
  Overload 1 of 2, '(props: { component: ElementType<any, keyof IntrinsicElements>; } & GridBaseProps & { sx?: SxProps<Theme> | undefined; } & SystemProps<...> & Omit<...>): Element | null', gave the following error.
    Property 'component' is missing in type '{ children: Element; item: true; xs: number; md: number; }' but required in type '{ component: ElementType<any, keyof IntrinsicElements>; }'.
  Overload 2 of 2, '(props: DefaultComponentProps<GridTypeMap<{}, "div">>): Element | null', gave the following error.
    Type '{ children: Element; item: true; xs: number; md: number; }' is not assignable to type 'IntrinsicAttributes & GridBaseProps & { sx?: SxProps<Theme> | undefined; } & SystemProps<Theme> & Omit<...>'.
      Property 'item' does not exist on type 'IntrinsicAttributes & GridBaseProps & { sx?: SxProps<Theme> | undefined; } & SystemProps<Theme> & Omit<...>'.
    297 |
    298 |         {/* Loan Summaries */}
  > 299 |         <Grid item xs={12} md={8}>
        |         ^^^^^^^^^^^^^^^^^^^^^^^^^^
    300 |           <Paper sx={{ p: 3 }}>
    301 |             <Typography variant="h6" gutterBottom>
    302 |               Active Loans Summary

ERROR in src/components/BorrowerDashboard.tsx:356:9
TS2769: No overload matches this call.
  Overload 1 of 2, '(props: { component: ElementType<any, keyof IntrinsicElements>; } & GridBaseProps & { sx?: SxProps<Theme> | undefined; } & SystemProps<...> & Omit<...>): Element | null', gave the following error.
    Property 'component' is missing in type '{ children: Element; item: true; xs: number; md: number; }' but required in type '{ component: ElementType<any, keyof IntrinsicElements>; }'.
  Overload 2 of 2, '(props: DefaultComponentProps<GridTypeMap<{}, "div">>): Element | null', gave the following error.
    Type '{ children: Element; item: true; xs: number; md: number; }' is not assignable to type 'IntrinsicAttributes & GridBaseProps & { sx?: SxProps<Theme> | undefined; } & SystemProps<Theme> & Omit<...>'.
      Property 'item' does not exist on type 'IntrinsicAttributes & GridBaseProps & { sx?: SxProps<Theme> | undefined; } & SystemProps<Theme> & Omit<...>'.
    354 |
    355 |         {/* Recent Transactions */}
  > 356 |         <Grid item xs={12} md={4}>
        |         ^^^^^^^^^^^^^^^^^^^^^^^^^^
    357 |           <Paper sx={{ p: 3 }}>
    358 |             <Typography variant="h6" gutterBottom>
    359 |               Recent Transactions

ERROR in src/components/LenderDashboard.tsx:202:9
TS2769: No overload matches this call.
  Overload 1 of 2, '(props: { component: ElementType<any, keyof IntrinsicElements>; } & GridBaseProps & { sx?: SxProps<Theme> | undefined; } & SystemProps<...> & Omit<...>): Element | null', gave the following error.
    Property 'component' is missing in type '{ children: Element; item: true; xs: number; sm: number; md: number; }' but required in type '{ component: ElementType<any, keyof IntrinsicElements>; }'.
  Overload 2 of 2, '(props: DefaultComponentProps<GridTypeMap<{}, "div">>): Element | null', gave the following error.
    Type '{ children: Element; item: true; xs: number; sm: number; md: number; }' is not assignable to type 'IntrinsicAttributes & GridBaseProps & { sx?: SxProps<Theme> | undefined; } & SystemProps<Theme> & Omit<...>'.
      Property 'item' does not exist on type 'IntrinsicAttributes & GridBaseProps & { sx?: SxProps<Theme> | undefined; } & SystemProps<Theme> & Omit<...>'.
    200 |       {/* Summary Cards */}
    201 |       <Grid container spacing={3} sx={{ mb: 4 }}>
  > 202 |         <Grid item xs={12} sm={6} md={3}>
        |         ^^^^^^^^^^^^^^^^^^^^^^^^^^^^^^^^^
    203 |           <Card sx={{ background: 'linear-gradient(135deg, #667eea 0%, #764ba2 100%)', color: 'white' }}>
    204 |             <CardContent>
    205 |               <Box sx={{ display: 'flex', alignItems: 'center', mb: 1 }}>

ERROR in src/components/LenderDashboard.tsx:216:9
TS2769: No overload matches this call.
  Overload 1 of 2, '(props: { component: ElementType<any, keyof IntrinsicElements>; } & GridBaseProps & { sx?: SxProps<Theme> | undefined; } & SystemProps<...> & Omit<...>): Element | null', gave the following error.
    Property 'component' is missing in type '{ children: Element; item: true; xs: number; sm: number; md: number; }' but required in type '{ component: ElementType<any, keyof IntrinsicElements>; }'.
  Overload 2 of 2, '(props: DefaultComponentProps<GridTypeMap<{}, "div">>): Element | null', gave the following error.
    Type '{ children: Element; item: true; xs: number; sm: number; md: number; }' is not assignable to type 'IntrinsicAttributes & GridBaseProps & { sx?: SxProps<Theme> | undefined; } & SystemProps<Theme> & Omit<...>'.
      Property 'item' does not exist on type 'IntrinsicAttributes & GridBaseProps & { sx?: SxProps<Theme> | undefined; } & SystemProps<Theme> & Omit<...>'.
    214 |         </Grid>
    215 |
  > 216 |         <Grid item xs={12} sm={6} md={3}>
        |         ^^^^^^^^^^^^^^^^^^^^^^^^^^^^^^^^^
    217 |           <Card sx={{ background: 'linear-gradient(135deg, #f093fb 0%, #f5576c 100%)', color: 'white' }}>
    218 |             <CardContent>
    219 |               <Box sx={{ display: 'flex', alignItems: 'center', mb: 1 }}>

ERROR in src/components/LenderDashboard.tsx:230:9
TS2769: No overload matches this call.
  Overload 1 of 2, '(props: { component: ElementType<any, keyof IntrinsicElements>; } & GridBaseProps & { sx?: SxProps<Theme> | undefined; } & SystemProps<...> & Omit<...>): Element | null', gave the following error.
    Property 'component' is missing in type '{ children: Element; item: true; xs: number; sm: number; md: number; }' but required in type '{ component: ElementType<any, keyof IntrinsicElements>; }'.
  Overload 2 of 2, '(props: DefaultComponentProps<GridTypeMap<{}, "div">>): Element | null', gave the following error.
    Type '{ children: Element; item: true; xs: number; sm: number; md: number; }' is not assignable to type 'IntrinsicAttributes & GridBaseProps & { sx?: SxProps<Theme> | undefined; } & SystemProps<Theme> & Omit<...>'.
      Property 'item' does not exist on type 'IntrinsicAttributes & GridBaseProps & { sx?: SxProps<Theme> | undefined; } & SystemProps<Theme> & Omit<...>'.
    228 |         </Grid>
    229 |
  > 230 |         <Grid item xs={12} sm={6} md={3}>
        |         ^^^^^^^^^^^^^^^^^^^^^^^^^^^^^^^^^
    231 |           <Card sx={{ background: 'linear-gradient(135deg, #4facfe 0%, #00f2fe 100%)', color: 'white' }}>
    232 |             <CardContent>
    233 |               <Box sx={{ display: 'flex', alignItems: 'center', mb: 1 }}>

ERROR in src/components/LenderDashboard.tsx:247:9
TS2769: No overload matches this call.
  Overload 1 of 2, '(props: { component: ElementType<any, keyof IntrinsicElements>; } & GridBaseProps & { sx?: SxProps<Theme> | undefined; } & SystemProps<...> & Omit<...>): Element | null', gave the following error.
    Property 'component' is missing in type '{ children: Element; item: true; xs: number; sm: number; md: number; }' but required in type '{ component: ElementType<any, keyof IntrinsicElements>; }'.
  Overload 2 of 2, '(props: DefaultComponentProps<GridTypeMap<{}, "div">>): Element | null', gave the following error.
    Type '{ children: Element; item: true; xs: number; sm: number; md: number; }' is not assignable to type 'IntrinsicAttributes & GridBaseProps & { sx?: SxProps<Theme> | undefined; } & SystemProps<Theme> & Omit<...>'.
      Property 'item' does not exist on type 'IntrinsicAttributes & GridBaseProps & { sx?: SxProps<Theme> | undefined; } & SystemProps<Theme> & Omit<...>'.
    245 |         </Grid>
    246 |
  > 247 |         <Grid item xs={12} sm={6} md={3}>
        |         ^^^^^^^^^^^^^^^^^^^^^^^^^^^^^^^^^
    248 |           <Card sx={{ background: 'linear-gradient(135deg, #fa709a 0%, #fee140 100%)', color: 'white' }}>
    249 |             <CardContent>
    250 |               <Box sx={{ display: 'flex', alignItems: 'center', mb: 1 }}>

ERROR in src/components/LenderDashboard.tsx:264:9
TS2769: No overload matches this call.
  Overload 1 of 2, '(props: { component: ElementType<any, keyof IntrinsicElements>; } & GridBaseProps & { sx?: SxProps<Theme> | undefined; } & SystemProps<...> & Omit<...>): Element | null', gave the following error.
    Property 'component' is missing in type '{ children: Element; item: true; xs: number; md: number; }' but required in type '{ component: ElementType<any, keyof IntrinsicElements>; }'.
  Overload 2 of 2, '(props: DefaultComponentProps<GridTypeMap<{}, "div">>): Element | null', gave the following error.
    Type '{ children: Element; item: true; xs: number; md: number; }' is not assignable to type 'IntrinsicAttributes & GridBaseProps & { sx?: SxProps<Theme> | undefined; } & SystemProps<Theme> & Omit<...>'.
      Property 'item' does not exist on type 'IntrinsicAttributes & GridBaseProps & { sx?: SxProps<Theme> | undefined; } & SystemProps<Theme> & Omit<...>'.
    262 |       <Grid container spacing={3}>
    263 |         {/* Collection Trends */}
  > 264 |         <Grid item xs={12} md={8}>
        |         ^^^^^^^^^^^^^^^^^^^^^^^^^^
    265 |           <Paper sx={{ p: 3 }}>
    266 |             <Typography variant="h6" gutterBottom>
    267 |               Monthly Collection Trends

ERROR in src/components/LenderDashboard.tsx:296:9
TS2769: No overload matches this call.
  Overload 1 of 2, '(props: { component: ElementType<any, keyof IntrinsicElements>; } & GridBaseProps & { sx?: SxProps<Theme> | undefined; } & SystemProps<...> & Omit<...>): Element | null', gave the following error.
    Property 'component' is missing in type '{ children: Element; item: true; xs: number; md: number; }' but required in type '{ component: ElementType<any, keyof IntrinsicElements>; }'.
  Overload 2 of 2, '(props: DefaultComponentProps<GridTypeMap<{}, "div">>): Element | null', gave the following error.
    Type '{ children: Element; item: true; xs: number; md: number; }' is not assignable to type 'IntrinsicAttributes & GridBaseProps & { sx?: SxProps<Theme> | undefined; } & SystemProps<Theme> & Omit<...>'.
      Property 'item' does not exist on type 'IntrinsicAttributes & GridBaseProps & { sx?: SxProps<Theme> | undefined; } & SystemProps<Theme> & Omit<...>'.
    294 |
    295 |         {/* Collection Progress */}
  > 296 |         <Grid item xs={12} md={4}>
        |         ^^^^^^^^^^^^^^^^^^^^^^^^^^
    297 |           <Paper sx={{ p: 3 }}>
    298 |             <Typography variant="h6" gutterBottom>
    299 |               This Month's Progress

ERROR in src/components/LenderDashboard.tsx:331:9
TS2769: No overload matches this call.
  Overload 1 of 2, '(props: { component: ElementType<any, keyof IntrinsicElements>; } & GridBaseProps & { sx?: SxProps<Theme> | undefined; } & SystemProps<...> & Omit<...>): Element | null', gave the following error.
    Property 'component' is missing in type '{ children: Element; item: true; xs: number; md: number; }' but required in type '{ component: ElementType<any, keyof IntrinsicElements>; }'.
  Overload 2 of 2, '(props: DefaultComponentProps<GridTypeMap<{}, "div">>): Element | null', gave the following error.
    Type '{ children: Element; item: true; xs: number; md: number; }' is not assignable to type 'IntrinsicAttributes & GridBaseProps & { sx?: SxProps<Theme> | undefined; } & SystemProps<Theme> & Omit<...>'.
      Property 'item' does not exist on type 'IntrinsicAttributes & GridBaseProps & { sx?: SxProps<Theme> | undefined; } & SystemProps<Theme> & Omit<...>'.
    329 |
    330 |         {/* Borrower-wise Collections */}
  > 331 |         <Grid item xs={12} md={8}>
        |         ^^^^^^^^^^^^^^^^^^^^^^^^^^
    332 |           <Paper sx={{ p: 3 }}>
    333 |             <Typography variant="h6" gutterBottom>
    334 |               Borrower-wise Collection Status

ERROR in src/components/LenderDashboard.tsx:351:9
TS2769: No overload matches this call.
  Overload 1 of 2, '(props: { component: ElementType<any, keyof IntrinsicElements>; } & GridBaseProps & { sx?: SxProps<Theme> | undefined; } & SystemProps<...> & Omit<...>): Element | null', gave the following error.
    Property 'component' is missing in type '{ children: Element; item: true; xs: number; md: number; }' but required in type '{ component: ElementType<any, keyof IntrinsicElements>; }'.
  Overload 2 of 2, '(props: DefaultComponentProps<GridTypeMap<{}, "div">>): Element | null', gave the following error.
    Type '{ children: Element; item: true; xs: number; md: number; }' is not assignable to type 'IntrinsicAttributes & GridBaseProps & { sx?: SxProps<Theme> | undefined; } & SystemProps<Theme> & Omit<...>'.
      Property 'item' does not exist on type 'IntrinsicAttributes & GridBaseProps & { sx?: SxProps<Theme> | undefined; } & SystemProps<Theme> & Omit<...>'.
    349 |
    350 |         {/* Upcoming Payments */}
  > 351 |         <Grid item xs={12} md={4}>
        |         ^^^^^^^^^^^^^^^^^^^^^^^^^^
    352 |           <Paper sx={{ p: 3 }}>
    353 |             <Typography variant="h6" gutterBottom>
    354 |               Upcoming EMI Payments

ERROR in src/components/LenderDashboard.tsx:394:9
TS2769: No overload matches this call.
  Overload 1 of 2, '(props: { component: ElementType<any, keyof IntrinsicElements>; } & GridBaseProps & { sx?: SxProps<Theme> | undefined; } & SystemProps<...> & Omit<...>): Element | null', gave the following error.
    Property 'component' is missing in type '{ children: Element; item: true; xs: number; }' but required in type '{ component: ElementType<any, keyof IntrinsicElements>; }'.
  Overload 2 of 2, '(props: DefaultComponentProps<GridTypeMap<{}, "div">>): Element | null', gave the following error.
    Type '{ children: Element; item: true; xs: number; }' is not assignable to type 'IntrinsicAttributes & GridBaseProps & { sx?: SxProps<Theme> | undefined; } & SystemProps<Theme> & Omit<...>'.
      Property 'item' does not exist on type 'IntrinsicAttributes & GridBaseProps & { sx?: SxProps<Theme> | undefined; } & SystemProps<Theme> & Omit<...>'.
    392 |
    393 |         {/* Borrower Portfolio */}
  > 394 |         <Grid item xs={12}>
        |         ^^^^^^^^^^^^^^^^^^^
    395 |           <Paper sx={{ p: 3 }}>
    396 |             <Typography variant="h6" gutterBottom>
    397 |               Borrower Portfolio

ERROR in src/components/LoanManagement.tsx:81:11
TS2739: Type '{ id: number; borrowerId: number; lenderId: number; principalAmount: number; interestRate: number; loanTermMonths: number; emiAmount: number; emiCollectionPercentage: number; emiDueDate: number; ... 6 more ...; remainingAmount: number; }' is missing the following properties from type 'Loan': loanAmount, tenureMonths, monthlyEmiAmount, nextEmiDate, outstandingAmount
     79 |         // Demo data
     80 |         const demoLoans: Loan[] = [
  >  81 |           {
        |           ^
  >  82 |             id: 1,
        | ^^^^^^^^^^^^^^^^^^
  >  83 |             borrowerId: 1,
        | ^^^^^^^^^^^^^^^^^^
  >  84 |             lenderId: 2,
        | ^^^^^^^^^^^^^^^^^^
  >  85 |             principalAmount: 500000,
        | ^^^^^^^^^^^^^^^^^^
  >  86 |             interestRate: 12,
        | ^^^^^^^^^^^^^^^^^^
  >  87 |             loanTermMonths: 24,
        | ^^^^^^^^^^^^^^^^^^
  >  88 |             emiAmount: 23538,
        | ^^^^^^^^^^^^^^^^^^
  >  89 |             emiCollectionPercentage: 5,
        | ^^^^^^^^^^^^^^^^^^
  >  90 |             emiDueDate: 15,
        | ^^^^^^^^^^^^^^^^^^
  >  91 |             startDate: '2023-12-01',
        | ^^^^^^^^^^^^^^^^^^
  >  92 |             endDate: '2025-12-01',
        | ^^^^^^^^^^^^^^^^^^
  >  93 |             status: 'ACTIVE',
        | ^^^^^^^^^^^^^^^^^^
  >  94 |             borrowerName: 'John Smith',
        | ^^^^^^^^^^^^^^^^^^
  >  95 |             lenderName: 'Jane Doe',
        | ^^^^^^^^^^^^^^^^^^
  >  96 |             collectedAmount: 15000,
        | ^^^^^^^^^^^^^^^^^^
  >  97 |             remainingAmount: 8538,
        | ^^^^^^^^^^^^^^^^^^
  >  98 |           },
        | ^^^^^^^^^^^^
     99 |           {
    100 |             id: 2,
    101 |             borrowerId: 3,

ERROR in src/components/LoanManagement.tsx:99:11
TS2739: Type '{ id: number; borrowerId: number; lenderId: number; principalAmount: number; interestRate: number; loanTermMonths: number; emiAmount: number; emiCollectionPercentage: number; emiDueDate: number; ... 6 more ...; remainingAmount: number; }' is missing the following properties from type 'Loan': loanAmount, tenureMonths, monthlyEmiAmount, nextEmiDate, outstandingAmount
     97 |             remainingAmount: 8538,
     98 |           },
  >  99 |           {
        |           ^
  > 100 |             id: 2,
        | ^^^^^^^^^^^^^^^^^^
  > 101 |             borrowerId: 3,
        | ^^^^^^^^^^^^^^^^^^
  > 102 |             lenderId: 2,
        | ^^^^^^^^^^^^^^^^^^
  > 103 |             principalAmount: 250000,
        | ^^^^^^^^^^^^^^^^^^
  > 104 |             interestRate: 10,
        | ^^^^^^^^^^^^^^^^^^
  > 105 |             loanTermMonths: 18,
        | ^^^^^^^^^^^^^^^^^^
  > 106 |             emiAmount: 15234,
        | ^^^^^^^^^^^^^^^^^^
  > 107 |             emiCollectionPercentage: 4,
        | ^^^^^^^^^^^^^^^^^^
  > 108 |             emiDueDate: 20,
        | ^^^^^^^^^^^^^^^^^^
  > 109 |             startDate: '2024-01-01',
        | ^^^^^^^^^^^^^^^^^^
  > 110 |             endDate: '2025-07-01',
        | ^^^^^^^^^^^^^^^^^^
  > 111 |             status: 'ACTIVE',
        | ^^^^^^^^^^^^^^^^^^
  > 112 |             borrowerName: 'Ram Kumar',
        | ^^^^^^^^^^^^^^^^^^
  > 113 |             lenderName: 'Jane Doe',
        | ^^^^^^^^^^^^^^^^^^
  > 114 |             collectedAmount: 8000,
        | ^^^^^^^^^^^^^^^^^^
  > 115 |             remainingAmount: 7234,
        | ^^^^^^^^^^^^^^^^^^
  > 116 |           },
        | ^^^^^^^^^^^^
    117 |         ];
    118 |
    119 |         const demoUsers: User[] = [

ERROR in src/components/LoanManagement.tsx:289:23
TS18048: 'loan.principalAmount' is possibly 'undefined'.
    287 |                   </TableCell>
    288 |                   <TableCell align="right">
  > 289 |                     ₹{loan.principalAmount.toLocaleString()}
        |                       ^^^^^^^^^^^^^^^^^^^^
    290 |                   </TableCell>
    291 |                   <TableCell align="right">{loan.interestRate}%</TableCell>
    292 |                   <TableCell align="right">

ERROR in src/components/LoanManagement.tsx:293:23
TS18048: 'loan.emiAmount' is possibly 'undefined'.
    291 |                   <TableCell align="right">{loan.interestRate}%</TableCell>
    292 |                   <TableCell align="right">
  > 293 |                     ₹{loan.emiAmount.toLocaleString()}
        |                       ^^^^^^^^^^^^^^
    294 |                   </TableCell>
    295 |                   <TableCell align="center">{loan.loanTermMonths}</TableCell>
    296 |                   <TableCell align="center">{loan.emiCollectionPercentage}%</TableCell>

ERROR in src/components/LoanManagement.tsx:330:13
TS2769: No overload matches this call.
  Overload 1 of 2, '(props: { component: ElementType<any, keyof IntrinsicElements>; } & GridBaseProps & { sx?: SxProps<Theme> | undefined; } & SystemProps<...> & Omit<...>): Element | null', gave the following error.
    Property 'component' is missing in type '{ children: Element; item: true; xs: number; md: number; }' but required in type '{ component: ElementType<any, keyof IntrinsicElements>; }'.
  Overload 2 of 2, '(props: DefaultComponentProps<GridTypeMap<{}, "div">>): Element | null', gave the following error.
    Type '{ children: Element; item: true; xs: number; md: number; }' is not assignable to type 'IntrinsicAttributes & GridBaseProps & { sx?: SxProps<Theme> | undefined; } & SystemProps<Theme> & Omit<...>'.
      Property 'item' does not exist on type 'IntrinsicAttributes & GridBaseProps & { sx?: SxProps<Theme> | undefined; } & SystemProps<Theme> & Omit<...>'.
    328 |         <DialogContent>
    329 |           <Grid container spacing={2} sx={{ mt: 1 }}>
  > 330 |             <Grid item xs={12} md={6}>
        |             ^^^^^^^^^^^^^^^^^^^^^^^^^^
    331 |               <Autocomplete
    332 |                 options={getAvailableUsers()}
    333 |                 getOptionLabel={(option) => option.fullName}

ERROR in src/components/LoanManagement.tsx:364:13
TS2769: No overload matches this call.
  Overload 1 of 2, '(props: { component: ElementType<any, keyof IntrinsicElements>; } & GridBaseProps & { sx?: SxProps<Theme> | undefined; } & SystemProps<...> & Omit<...>): Element | null', gave the following error.
    Property 'component' is missing in type '{ children: Element; item: true; xs: number; md: number; }' but required in type '{ component: ElementType<any, keyof IntrinsicElements>; }'.
  Overload 2 of 2, '(props: DefaultComponentProps<GridTypeMap<{}, "div">>): Element | null', gave the following error.
    Type '{ children: Element; item: true; xs: number; md: number; }' is not assignable to type 'IntrinsicAttributes & GridBaseProps & { sx?: SxProps<Theme> | undefined; } & SystemProps<Theme> & Omit<...>'.
      Property 'item' does not exist on type 'IntrinsicAttributes & GridBaseProps & { sx?: SxProps<Theme> | undefined; } & SystemProps<Theme> & Omit<...>'.
    362 |             </Grid>
    363 |
  > 364 |             <Grid item xs={12} md={6}>
        |             ^^^^^^^^^^^^^^^^^^^^^^^^^^
    365 |               <TextField
    366 |                 label="Principal Amount"
    367 |                 type="number"

ERROR in src/components/LoanManagement.tsx:381:13
TS2769: No overload matches this call.
  Overload 1 of 2, '(props: { component: ElementType<any, keyof IntrinsicElements>; } & GridBaseProps & { sx?: SxProps<Theme> | undefined; } & SystemProps<...> & Omit<...>): Element | null', gave the following error.
    Property 'component' is missing in type '{ children: Element; item: true; xs: number; md: number; }' but required in type '{ component: ElementType<any, keyof IntrinsicElements>; }'.
  Overload 2 of 2, '(props: DefaultComponentProps<GridTypeMap<{}, "div">>): Element | null', gave the following error.
    Type '{ children: Element; item: true; xs: number; md: number; }' is not assignable to type 'IntrinsicAttributes & GridBaseProps & { sx?: SxProps<Theme> | undefined; } & SystemProps<Theme> & Omit<...>'.
      Property 'item' does not exist on type 'IntrinsicAttributes & GridBaseProps & { sx?: SxProps<Theme> | undefined; } & SystemProps<Theme> & Omit<...>'.
    379 |             </Grid>
    380 |
  > 381 |             <Grid item xs={12} md={6}>
        |             ^^^^^^^^^^^^^^^^^^^^^^^^^^
    382 |               <TextField
    383 |                 label="Interest Rate (%)"
    384 |                 type="number"

ERROR in src/components/LoanManagement.tsx:398:13
TS2769: No overload matches this call.
  Overload 1 of 2, '(props: { component: ElementType<any, keyof IntrinsicElements>; } & GridBaseProps & { sx?: SxProps<Theme> | undefined; } & SystemProps<...> & Omit<...>): Element | null', gave the following error.
    Property 'component' is missing in type '{ children: Element; item: true; xs: number; md: number; }' but required in type '{ component: ElementType<any, keyof IntrinsicElements>; }'.
  Overload 2 of 2, '(props: DefaultComponentProps<GridTypeMap<{}, "div">>): Element | null', gave the following error.
    Type '{ children: Element; item: true; xs: number; md: number; }' is not assignable to type 'IntrinsicAttributes & GridBaseProps & { sx?: SxProps<Theme> | undefined; } & SystemProps<Theme> & Omit<...>'.
      Property 'item' does not exist on type 'IntrinsicAttributes & GridBaseProps & { sx?: SxProps<Theme> | undefined; } & SystemProps<Theme> & Omit<...>'.
    396 |             </Grid>
    397 |
  > 398 |             <Grid item xs={12} md={6}>
        |             ^^^^^^^^^^^^^^^^^^^^^^^^^^
    399 |               <TextField
    400 |                 label="Loan Term (Months)"
    401 |                 type="number"

ERROR in src/components/LoanManagement.tsx:412:13
TS2769: No overload matches this call.
  Overload 1 of 2, '(props: { component: ElementType<any, keyof IntrinsicElements>; } & GridBaseProps & { sx?: SxProps<Theme> | undefined; } & SystemProps<...> & Omit<...>): Element | null', gave the following error.
    Property 'component' is missing in type '{ children: Element; item: true; xs: number; md: number; }' but required in type '{ component: ElementType<any, keyof IntrinsicElements>; }'.
  Overload 2 of 2, '(props: DefaultComponentProps<GridTypeMap<{}, "div">>): Element | null', gave the following error.
    Type '{ children: Element; item: true; xs: number; md: number; }' is not assignable to type 'IntrinsicAttributes & GridBaseProps & { sx?: SxProps<Theme> | undefined; } & SystemProps<Theme> & Omit<...>'.
      Property 'item' does not exist on type 'IntrinsicAttributes & GridBaseProps & { sx?: SxProps<Theme> | undefined; } & SystemProps<Theme> & Omit<...>'.
    410 |             </Grid>
    411 |
  > 412 |             <Grid item xs={12} md={6}>
        |             ^^^^^^^^^^^^^^^^^^^^^^^^^^
    413 |               <TextField
    414 |                 label="EMI Collection Percentage"
    415 |                 type="number"

ERROR in src/components/LoanManagement.tsx:457:17
TS17002: Expected corresponding JSX closing tag for 'Box'.
    455 |                   </Typography>
    456 |                 </Alert>
  > 457 |               </Grid>
        |                 ^^^^
    458 |             )}
    459 |           </Grid>
    460 |         </DialogContent>

Compiling...
Compiled with warnings.

[eslint] 
src/components/BorrowerDashboard.tsx
  Line 16:3:   'Button' is defined but never used                                                                                    @typescript-eslint/no-unused-vars
  Line 22:3:   'TrendingUp' is defined but never used                                                                                @typescript-eslint/no-unused-vars
  Line 26:54:  'Loan' is defined but never used                                                                                      @typescript-eslint/no-unused-vars
  Line 40:6:   React Hook useEffect has a missing dependency: 'loadDashboardData'. Either include it or remove the dependency array  react-hooks/exhaustive-deps

src/components/LenderDashboard.tsx
  Line 28:3:  'Schedule' is defined but never used                                                                                  @typescript-eslint/no-unused-vars
  Line 48:6:  React Hook useEffect has a missing dependency: 'loadDashboardData'. Either include it or remove the dependency array  react-hooks/exhaustive-deps

src/components/LoanManagement.tsx
  Line 22:3:   'Select' is defined but never used                                                                           @typescript-eslint/no-unused-vars
  Line 23:3:   'MenuItem' is defined but never used                                                                         @typescript-eslint/no-unused-vars
  Line 24:3:   'FormControl' is defined but never used                                                                      @typescript-eslint/no-unused-vars
  Line 25:3:   'InputLabel' is defined but never used                                                                       @typescript-eslint/no-unused-vars
  Line 31:3:   'Edit' is defined but never used                                                                             @typescript-eslint/no-unused-vars
  Line 32:3:   'AccountBalance' is defined but never used                                                                   @typescript-eslint/no-unused-vars
  Line 44:10:  'loading' is assigned a value but never used                                                                 @typescript-eslint/no-unused-vars
  Line 60:6:   React Hook useEffect has a missing dependency: 'loadData'. Either include it or remove the dependency array  react-hooks/exhaustive-deps

src/components/TransactionForm.tsx
  Line 13:3:   'Card' is defined but never used                                                                              @typescript-eslint/no-unused-vars
  Line 14:3:   'CardContent' is defined but never used                                                                       @typescript-eslint/no-unused-vars
  Line 30:3:   'AccountBalance' is defined but never used                                                                    @typescript-eslint/no-unused-vars
  Line 31:3:   'TrendingUp' is defined but never used                                                                        @typescript-eslint/no-unused-vars
  Line 111:6:  React Hook useEffect has a missing dependency: 'fetchData'. Either include it or remove the dependency array  react-hooks/exhaustive-deps

src/components/UserSelector.tsx
  Line 6:3:  'Button' is defined but never used  @typescript-eslint/no-unused-vars

src/services/api.ts
  Line 11:3:  'ApiResponse' is defined but never used  @typescript-eslint/no-unused-vars

Search for the keywords to learn more about each warning.
To ignore, add // eslint-disable-next-line to the line before.

WARNING in [eslint] 
src/components/BorrowerDashboard.tsx
  Line 16:3:   'Button' is defined but never used                                                                                    @typescript-eslint/no-unused-vars
  Line 22:3:   'TrendingUp' is defined but never used                                                                                @typescript-eslint/no-unused-vars
  Line 26:54:  'Loan' is defined but never used                                                                                      @typescript-eslint/no-unused-vars
  Line 40:6:   React Hook useEffect has a missing dependency: 'loadDashboardData'. Either include it or remove the dependency array  react-hooks/exhaustive-deps

src/components/LenderDashboard.tsx
  Line 28:3:  'Schedule' is defined but never used                                                                                  @typescript-eslint/no-unused-vars
  Line 48:6:  React Hook useEffect has a missing dependency: 'loadDashboardData'. Either include it or remove the dependency array  react-hooks/exhaustive-deps

src/components/LoanManagement.tsx
  Line 22:3:   'Select' is defined but never used                                                                           @typescript-eslint/no-unused-vars
  Line 23:3:   'MenuItem' is defined but never used                                                                         @typescript-eslint/no-unused-vars
  Line 24:3:   'FormControl' is defined but never used                                                                      @typescript-eslint/no-unused-vars
  Line 25:3:   'InputLabel' is defined but never used                                                                       @typescript-eslint/no-unused-vars
  Line 31:3:   'Edit' is defined but never used                                                                             @typescript-eslint/no-unused-vars
  Line 32:3:   'AccountBalance' is defined but never used                                                                   @typescript-eslint/no-unused-vars
  Line 44:10:  'loading' is assigned a value but never used                                                                 @typescript-eslint/no-unused-vars
  Line 60:6:   React Hook useEffect has a missing dependency: 'loadData'. Either include it or remove the dependency array  react-hooks/exhaustive-deps

src/components/TransactionForm.tsx
  Line 13:3:   'Card' is defined but never used                                                                              @typescript-eslint/no-unused-vars
  Line 14:3:   'CardContent' is defined but never used                                                                       @typescript-eslint/no-unused-vars
  Line 30:3:   'AccountBalance' is defined but never used                                                                    @typescript-eslint/no-unused-vars
  Line 31:3:   'TrendingUp' is defined but never used                                                                        @typescript-eslint/no-unused-vars
  Line 111:6:  React Hook useEffect has a missing dependency: 'fetchData'. Either include it or remove the dependency array  react-hooks/exhaustive-deps

src/components/UserSelector.tsx
  Line 6:3:  'Button' is defined but never used  @typescript-eslint/no-unused-vars

src/services/api.ts
  Line 11:3:  'ApiResponse' is defined but never used  @typescript-eslint/no-unused-vars

webpack compiled with 1 warning
ERROR in src/components/BorrowerDashboard.tsx:173:9
TS2769: No overload matches this call.
  Overload 1 of 2, '(props: { component: ElementType<any, keyof IntrinsicElements>; } & GridBaseProps & { sx?: SxProps<Theme> | undefined; } & SystemProps<...> & Omit<...>): Element | null', gave the following error.
    Property 'component' is missing in type '{ children: Element; item: true; xs: number; sm: number; md: number; }' but required in type '{ component: ElementType<any, keyof IntrinsicElements>; }'.
  Overload 2 of 2, '(props: DefaultComponentProps<GridTypeMap<{}, "div">>): Element | null', gave the following error.
    Type '{ children: Element; item: true; xs: number; sm: number; md: number; }' is not assignable to type 'IntrinsicAttributes & GridBaseProps & { sx?: SxProps<Theme> | undefined; } & SystemProps<Theme> & Omit<...>'.
      Property 'item' does not exist on type 'IntrinsicAttributes & GridBaseProps & { sx?: SxProps<Theme> | undefined; } & SystemProps<Theme> & Omit<...>'.
    171 |       {/* Summary Cards */}
    172 |       <Grid container spacing={3} sx={{ mb: 4 }}>
  > 173 |         <Grid item xs={12} sm={6} md={3}>
        |         ^^^^^^^^^^^^^^^^^^^^^^^^^^^^^^^^^
    174 |           <Card sx={{ background: 'linear-gradient(135deg, #667eea 0%, #764ba2 100%)', color: 'white' }}>
    175 |             <CardContent>
    176 |               <Box sx={{ display: 'flex', alignItems: 'center', mb: 1 }}>

ERROR in src/components/BorrowerDashboard.tsx:187:9
TS2769: No overload matches this call.
  Overload 1 of 2, '(props: { component: ElementType<any, keyof IntrinsicElements>; } & GridBaseProps & { sx?: SxProps<Theme> | undefined; } & SystemProps<...> & Omit<...>): Element | null', gave the following error.
    Property 'component' is missing in type '{ children: Element; item: true; xs: number; sm: number; md: number; }' but required in type '{ component: ElementType<any, keyof IntrinsicElements>; }'.
  Overload 2 of 2, '(props: DefaultComponentProps<GridTypeMap<{}, "div">>): Element | null', gave the following error.
    Type '{ children: Element; item: true; xs: number; sm: number; md: number; }' is not assignable to type 'IntrinsicAttributes & GridBaseProps & { sx?: SxProps<Theme> | undefined; } & SystemProps<Theme> & Omit<...>'.
      Property 'item' does not exist on type 'IntrinsicAttributes & GridBaseProps & { sx?: SxProps<Theme> | undefined; } & SystemProps<Theme> & Omit<...>'.
    185 |         </Grid>
    186 |
  > 187 |         <Grid item xs={12} sm={6} md={3}>
        |         ^^^^^^^^^^^^^^^^^^^^^^^^^^^^^^^^^
    188 |           <Card sx={{ background: 'linear-gradient(135deg, #f093fb 0%, #f5576c 100%)', color: 'white' }}>
    189 |             <CardContent>
    190 |               <Box sx={{ display: 'flex', alignItems: 'center', mb: 1 }}>

ERROR in src/components/BorrowerDashboard.tsx:201:9
TS2769: No overload matches this call.
  Overload 1 of 2, '(props: { component: ElementType<any, keyof IntrinsicElements>; } & GridBaseProps & { sx?: SxProps<Theme> | undefined; } & SystemProps<...> & Omit<...>): Element | null', gave the following error.
    Property 'component' is missing in type '{ children: Element; item: true; xs: number; sm: number; md: number; }' but required in type '{ component: ElementType<any, keyof IntrinsicElements>; }'.
  Overload 2 of 2, '(props: DefaultComponentProps<GridTypeMap<{}, "div">>): Element | null', gave the following error.
    Type '{ children: Element; item: true; xs: number; sm: number; md: number; }' is not assignable to type 'IntrinsicAttributes & GridBaseProps & { sx?: SxProps<Theme> | undefined; } & SystemProps<Theme> & Omit<...>'.
      Property 'item' does not exist on type 'IntrinsicAttributes & GridBaseProps & { sx?: SxProps<Theme> | undefined; } & SystemProps<Theme> & Omit<...>'.
    199 |         </Grid>
    200 |
  > 201 |         <Grid item xs={12} sm={6} md={3}>
        |         ^^^^^^^^^^^^^^^^^^^^^^^^^^^^^^^^^
    202 |           <Card sx={{ background: 'linear-gradient(135deg, #4facfe 0%, #00f2fe 100%)', color: 'white' }}>
    203 |             <CardContent>
    204 |               <Box sx={{ display: 'flex', alignItems: 'center', mb: 1 }}>

ERROR in src/components/BorrowerDashboard.tsx:215:9
TS2769: No overload matches this call.
  Overload 1 of 2, '(props: { component: ElementType<any, keyof IntrinsicElements>; } & GridBaseProps & { sx?: SxProps<Theme> | undefined; } & SystemProps<...> & Omit<...>): Element | null', gave the following error.
    Property 'component' is missing in type '{ children: Element; item: true; xs: number; sm: number; md: number; }' but required in type '{ component: ElementType<any, keyof IntrinsicElements>; }'.
  Overload 2 of 2, '(props: DefaultComponentProps<GridTypeMap<{}, "div">>): Element | null', gave the following error.
    Type '{ children: Element; item: true; xs: number; sm: number; md: number; }' is not assignable to type 'IntrinsicAttributes & GridBaseProps & { sx?: SxProps<Theme> | undefined; } & SystemProps<Theme> & Omit<...>'.
      Property 'item' does not exist on type 'IntrinsicAttributes & GridBaseProps & { sx?: SxProps<Theme> | undefined; } & SystemProps<Theme> & Omit<...>'.
    213 |         </Grid>
    214 |
  > 215 |         <Grid item xs={12} sm={6} md={3}>
        |         ^^^^^^^^^^^^^^^^^^^^^^^^^^^^^^^^^
    216 |           <Card sx={{ background: 'linear-gradient(135deg, #fa709a 0%, #fee140 100%)', color: 'white' }}>
    217 |             <CardContent>
    218 |               <Box sx={{ display: 'flex', alignItems: 'center', mb: 1 }}>

ERROR in src/components/BorrowerDashboard.tsx:232:9
TS2769: No overload matches this call.
  Overload 1 of 2, '(props: { component: ElementType<any, keyof IntrinsicElements>; } & GridBaseProps & { sx?: SxProps<Theme> | undefined; } & SystemProps<...> & Omit<...>): Element | null', gave the following error.
    Property 'component' is missing in type '{ children: Element; item: true; xs: number; md: number; }' but required in type '{ component: ElementType<any, keyof IntrinsicElements>; }'.
  Overload 2 of 2, '(props: DefaultComponentProps<GridTypeMap<{}, "div">>): Element | null', gave the following error.
    Type '{ children: Element; item: true; xs: number; md: number; }' is not assignable to type 'IntrinsicAttributes & GridBaseProps & { sx?: SxProps<Theme> | undefined; } & SystemProps<Theme> & Omit<...>'.
      Property 'item' does not exist on type 'IntrinsicAttributes & GridBaseProps & { sx?: SxProps<Theme> | undefined; } & SystemProps<Theme> & Omit<...>'.
    230 |       <Grid container spacing={3}>
    231 |         {/* EMI Collection Progress */}
  > 232 |         <Grid item xs={12} md={6}>
        |         ^^^^^^^^^^^^^^^^^^^^^^^^^^
    233 |           <Paper sx={{ p: 3 }}>
    234 |             <Typography variant="h6" gutterBottom>
    235 |               This Month's EMI Collection Progress

ERROR in src/components/BorrowerDashboard.tsx:279:9
TS2769: No overload matches this call.
  Overload 1 of 2, '(props: { component: ElementType<any, keyof IntrinsicElements>; } & GridBaseProps & { sx?: SxProps<Theme> | undefined; } & SystemProps<...> & Omit<...>): Element | null', gave the following error.
    Property 'component' is missing in type '{ children: Element; item: true; xs: number; md: number; }' but required in type '{ component: ElementType<any, keyof IntrinsicElements>; }'.
  Overload 2 of 2, '(props: DefaultComponentProps<GridTypeMap<{}, "div">>): Element | null', gave the following error.
    Type '{ children: Element; item: true; xs: number; md: number; }' is not assignable to type 'IntrinsicAttributes & GridBaseProps & { sx?: SxProps<Theme> | undefined; } & SystemProps<Theme> & Omit<...>'.
      Property 'item' does not exist on type 'IntrinsicAttributes & GridBaseProps & { sx?: SxProps<Theme> | undefined; } & SystemProps<Theme> & Omit<...>'.
    277 |
    278 |         {/* Loan-wise Collection */}
  > 279 |         <Grid item xs={12} md={6}>
        |         ^^^^^^^^^^^^^^^^^^^^^^^^^^
    280 |           <Paper sx={{ p: 3 }}>
    281 |             <Typography variant="h6" gutterBottom>
    282 |               Loan-wise Collection Status

ERROR in src/components/BorrowerDashboard.tsx:299:9
TS2769: No overload matches this call.
  Overload 1 of 2, '(props: { component: ElementType<any, keyof IntrinsicElements>; } & GridBaseProps & { sx?: SxProps<Theme> | undefined; } & SystemProps<...> & Omit<...>): Element | null', gave the following error.
    Property 'component' is missing in type '{ children: Element; item: true; xs: number; md: number; }' but required in type '{ component: ElementType<any, keyof IntrinsicElements>; }'.
  Overload 2 of 2, '(props: DefaultComponentProps<GridTypeMap<{}, "div">>): Element | null', gave the following error.
    Type '{ children: Element; item: true; xs: number; md: number; }' is not assignable to type 'IntrinsicAttributes & GridBaseProps & { sx?: SxProps<Theme> | undefined; } & SystemProps<Theme> & Omit<...>'.
      Property 'item' does not exist on type 'IntrinsicAttributes & GridBaseProps & { sx?: SxProps<Theme> | undefined; } & SystemProps<Theme> & Omit<...>'.
    297 |
    298 |         {/* Loan Summaries */}
  > 299 |         <Grid item xs={12} md={8}>
        |         ^^^^^^^^^^^^^^^^^^^^^^^^^^
    300 |           <Paper sx={{ p: 3 }}>
    301 |             <Typography variant="h6" gutterBottom>
    302 |               Active Loans Summary

ERROR in src/components/BorrowerDashboard.tsx:356:9
TS2769: No overload matches this call.
  Overload 1 of 2, '(props: { component: ElementType<any, keyof IntrinsicElements>; } & GridBaseProps & { sx?: SxProps<Theme> | undefined; } & SystemProps<...> & Omit<...>): Element | null', gave the following error.
    Property 'component' is missing in type '{ children: Element; item: true; xs: number; md: number; }' but required in type '{ component: ElementType<any, keyof IntrinsicElements>; }'.
  Overload 2 of 2, '(props: DefaultComponentProps<GridTypeMap<{}, "div">>): Element | null', gave the following error.
    Type '{ children: Element; item: true; xs: number; md: number; }' is not assignable to type 'IntrinsicAttributes & GridBaseProps & { sx?: SxProps<Theme> | undefined; } & SystemProps<Theme> & Omit<...>'.
      Property 'item' does not exist on type 'IntrinsicAttributes & GridBaseProps & { sx?: SxProps<Theme> | undefined; } & SystemProps<Theme> & Omit<...>'.
    354 |
    355 |         {/* Recent Transactions */}
  > 356 |         <Grid item xs={12} md={4}>
        |         ^^^^^^^^^^^^^^^^^^^^^^^^^^
    357 |           <Paper sx={{ p: 3 }}>
    358 |             <Typography variant="h6" gutterBottom>
    359 |               Recent Transactions

ERROR in src/components/LenderDashboard.tsx:202:9
TS2769: No overload matches this call.
  Overload 1 of 2, '(props: { component: ElementType<any, keyof IntrinsicElements>; } & GridBaseProps & { sx?: SxProps<Theme> | undefined; } & SystemProps<...> & Omit<...>): Element | null', gave the following error.
    Property 'component' is missing in type '{ children: Element; item: true; xs: number; sm: number; md: number; }' but required in type '{ component: ElementType<any, keyof IntrinsicElements>; }'.
  Overload 2 of 2, '(props: DefaultComponentProps<GridTypeMap<{}, "div">>): Element | null', gave the following error.
    Type '{ children: Element; item: true; xs: number; sm: number; md: number; }' is not assignable to type 'IntrinsicAttributes & GridBaseProps & { sx?: SxProps<Theme> | undefined; } & SystemProps<Theme> & Omit<...>'.
      Property 'item' does not exist on type 'IntrinsicAttributes & GridBaseProps & { sx?: SxProps<Theme> | undefined; } & SystemProps<Theme> & Omit<...>'.
    200 |       {/* Summary Cards */}
    201 |       <Grid container spacing={3} sx={{ mb: 4 }}>
  > 202 |         <Grid item xs={12} sm={6} md={3}>
        |         ^^^^^^^^^^^^^^^^^^^^^^^^^^^^^^^^^
    203 |           <Card sx={{ background: 'linear-gradient(135deg, #667eea 0%, #764ba2 100%)', color: 'white' }}>
    204 |             <CardContent>
    205 |               <Box sx={{ display: 'flex', alignItems: 'center', mb: 1 }}>

ERROR in src/components/LenderDashboard.tsx:216:9
TS2769: No overload matches this call.
  Overload 1 of 2, '(props: { component: ElementType<any, keyof IntrinsicElements>; } & GridBaseProps & { sx?: SxProps<Theme> | undefined; } & SystemProps<...> & Omit<...>): Element | null', gave the following error.
    Property 'component' is missing in type '{ children: Element; item: true; xs: number; sm: number; md: number; }' but required in type '{ component: ElementType<any, keyof IntrinsicElements>; }'.
  Overload 2 of 2, '(props: DefaultComponentProps<GridTypeMap<{}, "div">>): Element | null', gave the following error.
    Type '{ children: Element; item: true; xs: number; sm: number; md: number; }' is not assignable to type 'IntrinsicAttributes & GridBaseProps & { sx?: SxProps<Theme> | undefined; } & SystemProps<Theme> & Omit<...>'.
      Property 'item' does not exist on type 'IntrinsicAttributes & GridBaseProps & { sx?: SxProps<Theme> | undefined; } & SystemProps<Theme> & Omit<...>'.
    214 |         </Grid>
    215 |
  > 216 |         <Grid item xs={12} sm={6} md={3}>
        |         ^^^^^^^^^^^^^^^^^^^^^^^^^^^^^^^^^
    217 |           <Card sx={{ background: 'linear-gradient(135deg, #f093fb 0%, #f5576c 100%)', color: 'white' }}>
    218 |             <CardContent>
    219 |               <Box sx={{ display: 'flex', alignItems: 'center', mb: 1 }}>

ERROR in src/components/LenderDashboard.tsx:230:9
TS2769: No overload matches this call.
  Overload 1 of 2, '(props: { component: ElementType<any, keyof IntrinsicElements>; } & GridBaseProps & { sx?: SxProps<Theme> | undefined; } & SystemProps<...> & Omit<...>): Element | null', gave the following error.
    Property 'component' is missing in type '{ children: Element; item: true; xs: number; sm: number; md: number; }' but required in type '{ component: ElementType<any, keyof IntrinsicElements>; }'.
  Overload 2 of 2, '(props: DefaultComponentProps<GridTypeMap<{}, "div">>): Element | null', gave the following error.
    Type '{ children: Element; item: true; xs: number; sm: number; md: number; }' is not assignable to type 'IntrinsicAttributes & GridBaseProps & { sx?: SxProps<Theme> | undefined; } & SystemProps<Theme> & Omit<...>'.
      Property 'item' does not exist on type 'IntrinsicAttributes & GridBaseProps & { sx?: SxProps<Theme> | undefined; } & SystemProps<Theme> & Omit<...>'.
    228 |         </Grid>
    229 |
  > 230 |         <Grid item xs={12} sm={6} md={3}>
        |         ^^^^^^^^^^^^^^^^^^^^^^^^^^^^^^^^^
    231 |           <Card sx={{ background: 'linear-gradient(135deg, #4facfe 0%, #00f2fe 100%)', color: 'white' }}>
    232 |             <CardContent>
    233 |               <Box sx={{ display: 'flex', alignItems: 'center', mb: 1 }}>

ERROR in src/components/LenderDashboard.tsx:247:9
TS2769: No overload matches this call.
  Overload 1 of 2, '(props: { component: ElementType<any, keyof IntrinsicElements>; } & GridBaseProps & { sx?: SxProps<Theme> | undefined; } & SystemProps<...> & Omit<...>): Element | null', gave the following error.
    Property 'component' is missing in type '{ children: Element; item: true; xs: number; sm: number; md: number; }' but required in type '{ component: ElementType<any, keyof IntrinsicElements>; }'.
  Overload 2 of 2, '(props: DefaultComponentProps<GridTypeMap<{}, "div">>): Element | null', gave the following error.
    Type '{ children: Element; item: true; xs: number; sm: number; md: number; }' is not assignable to type 'IntrinsicAttributes & GridBaseProps & { sx?: SxProps<Theme> | undefined; } & SystemProps<Theme> & Omit<...>'.
      Property 'item' does not exist on type 'IntrinsicAttributes & GridBaseProps & { sx?: SxProps<Theme> | undefined; } & SystemProps<Theme> & Omit<...>'.
    245 |         </Grid>
    246 |
  > 247 |         <Grid item xs={12} sm={6} md={3}>
        |         ^^^^^^^^^^^^^^^^^^^^^^^^^^^^^^^^^
    248 |           <Card sx={{ background: 'linear-gradient(135deg, #fa709a 0%, #fee140 100%)', color: 'white' }}>
    249 |             <CardContent>
    250 |               <Box sx={{ display: 'flex', alignItems: 'center', mb: 1 }}>

ERROR in src/components/LenderDashboard.tsx:264:9
TS2769: No overload matches this call.
  Overload 1 of 2, '(props: { component: ElementType<any, keyof IntrinsicElements>; } & GridBaseProps & { sx?: SxProps<Theme> | undefined; } & SystemProps<...> & Omit<...>): Element | null', gave the following error.
    Property 'component' is missing in type '{ children: Element; item: true; xs: number; md: number; }' but required in type '{ component: ElementType<any, keyof IntrinsicElements>; }'.
  Overload 2 of 2, '(props: DefaultComponentProps<GridTypeMap<{}, "div">>): Element | null', gave the following error.
    Type '{ children: Element; item: true; xs: number; md: number; }' is not assignable to type 'IntrinsicAttributes & GridBaseProps & { sx?: SxProps<Theme> | undefined; } & SystemProps<Theme> & Omit<...>'.
      Property 'item' does not exist on type 'IntrinsicAttributes & GridBaseProps & { sx?: SxProps<Theme> | undefined; } & SystemProps<Theme> & Omit<...>'.
    262 |       <Grid container spacing={3}>
    263 |         {/* Collection Trends */}
  > 264 |         <Grid item xs={12} md={8}>
        |         ^^^^^^^^^^^^^^^^^^^^^^^^^^
    265 |           <Paper sx={{ p: 3 }}>
    266 |             <Typography variant="h6" gutterBottom>
    267 |               Monthly Collection Trends

ERROR in src/components/LenderDashboard.tsx:296:9
TS2769: No overload matches this call.
  Overload 1 of 2, '(props: { component: ElementType<any, keyof IntrinsicElements>; } & GridBaseProps & { sx?: SxProps<Theme> | undefined; } & SystemProps<...> & Omit<...>): Element | null', gave the following error.
    Property 'component' is missing in type '{ children: Element; item: true; xs: number; md: number; }' but required in type '{ component: ElementType<any, keyof IntrinsicElements>; }'.
  Overload 2 of 2, '(props: DefaultComponentProps<GridTypeMap<{}, "div">>): Element | null', gave the following error.
    Type '{ children: Element; item: true; xs: number; md: number; }' is not assignable to type 'IntrinsicAttributes & GridBaseProps & { sx?: SxProps<Theme> | undefined; } & SystemProps<Theme> & Omit<...>'.
      Property 'item' does not exist on type 'IntrinsicAttributes & GridBaseProps & { sx?: SxProps<Theme> | undefined; } & SystemProps<Theme> & Omit<...>'.
    294 |
    295 |         {/* Collection Progress */}
  > 296 |         <Grid item xs={12} md={4}>
        |         ^^^^^^^^^^^^^^^^^^^^^^^^^^
    297 |           <Paper sx={{ p: 3 }}>
    298 |             <Typography variant="h6" gutterBottom>
    299 |               This Month's Progress

ERROR in src/components/LenderDashboard.tsx:331:9
TS2769: No overload matches this call.
  Overload 1 of 2, '(props: { component: ElementType<any, keyof IntrinsicElements>; } & GridBaseProps & { sx?: SxProps<Theme> | undefined; } & SystemProps<...> & Omit<...>): Element | null', gave the following error.
    Property 'component' is missing in type '{ children: Element; item: true; xs: number; md: number; }' but required in type '{ component: ElementType<any, keyof IntrinsicElements>; }'.
  Overload 2 of 2, '(props: DefaultComponentProps<GridTypeMap<{}, "div">>): Element | null', gave the following error.
    Type '{ children: Element; item: true; xs: number; md: number; }' is not assignable to type 'IntrinsicAttributes & GridBaseProps & { sx?: SxProps<Theme> | undefined; } & SystemProps<Theme> & Omit<...>'.
      Property 'item' does not exist on type 'IntrinsicAttributes & GridBaseProps & { sx?: SxProps<Theme> | undefined; } & SystemProps<Theme> & Omit<...>'.
    329 |
    330 |         {/* Borrower-wise Collections */}
  > 331 |         <Grid item xs={12} md={8}>
        |         ^^^^^^^^^^^^^^^^^^^^^^^^^^
    332 |           <Paper sx={{ p: 3 }}>
    333 |             <Typography variant="h6" gutterBottom>
    334 |               Borrower-wise Collection Status

ERROR in src/components/LenderDashboard.tsx:351:9
TS2769: No overload matches this call.
  Overload 1 of 2, '(props: { component: ElementType<any, keyof IntrinsicElements>; } & GridBaseProps & { sx?: SxProps<Theme> | undefined; } & SystemProps<...> & Omit<...>): Element | null', gave the following error.
    Property 'component' is missing in type '{ children: Element; item: true; xs: number; md: number; }' but required in type '{ component: ElementType<any, keyof IntrinsicElements>; }'.
  Overload 2 of 2, '(props: DefaultComponentProps<GridTypeMap<{}, "div">>): Element | null', gave the following error.
    Type '{ children: Element; item: true; xs: number; md: number; }' is not assignable to type 'IntrinsicAttributes & GridBaseProps & { sx?: SxProps<Theme> | undefined; } & SystemProps<Theme> & Omit<...>'.
      Property 'item' does not exist on type 'IntrinsicAttributes & GridBaseProps & { sx?: SxProps<Theme> | undefined; } & SystemProps<Theme> & Omit<...>'.
    349 |
    350 |         {/* Upcoming Payments */}
  > 351 |         <Grid item xs={12} md={4}>
        |         ^^^^^^^^^^^^^^^^^^^^^^^^^^
    352 |           <Paper sx={{ p: 3 }}>
    353 |             <Typography variant="h6" gutterBottom>
    354 |               Upcoming EMI Payments

ERROR in src/components/LenderDashboard.tsx:394:9
TS2769: No overload matches this call.
  Overload 1 of 2, '(props: { component: ElementType<any, keyof IntrinsicElements>; } & GridBaseProps & { sx?: SxProps<Theme> | undefined; } & SystemProps<...> & Omit<...>): Element | null', gave the following error.
    Property 'component' is missing in type '{ children: Element; item: true; xs: number; }' but required in type '{ component: ElementType<any, keyof IntrinsicElements>; }'.
  Overload 2 of 2, '(props: DefaultComponentProps<GridTypeMap<{}, "div">>): Element | null', gave the following error.
    Type '{ children: Element; item: true; xs: number; }' is not assignable to type 'IntrinsicAttributes & GridBaseProps & { sx?: SxProps<Theme> | undefined; } & SystemProps<Theme> & Omit<...>'.
      Property 'item' does not exist on type 'IntrinsicAttributes & GridBaseProps & { sx?: SxProps<Theme> | undefined; } & SystemProps<Theme> & Omit<...>'.
    392 |
    393 |         {/* Borrower Portfolio */}
  > 394 |         <Grid item xs={12}>
        |         ^^^^^^^^^^^^^^^^^^^
    395 |           <Paper sx={{ p: 3 }}>
    396 |             <Typography variant="h6" gutterBottom>
    397 |               Borrower Portfolio

ERROR in src/components/LoanManagement.tsx:81:11
TS2739: Type '{ id: number; borrowerId: number; lenderId: number; principalAmount: number; interestRate: number; loanTermMonths: number; emiAmount: number; emiCollectionPercentage: number; emiDueDate: number; ... 6 more ...; remainingAmount: number; }' is missing the following properties from type 'Loan': loanAmount, tenureMonths, monthlyEmiAmount, nextEmiDate, outstandingAmount
     79 |         // Demo data
     80 |         const demoLoans: Loan[] = [
  >  81 |           {
        |           ^
  >  82 |             id: 1,
        | ^^^^^^^^^^^^^^^^^^
  >  83 |             borrowerId: 1,
        | ^^^^^^^^^^^^^^^^^^
  >  84 |             lenderId: 2,
        | ^^^^^^^^^^^^^^^^^^
  >  85 |             principalAmount: 500000,
        | ^^^^^^^^^^^^^^^^^^
  >  86 |             interestRate: 12,
        | ^^^^^^^^^^^^^^^^^^
  >  87 |             loanTermMonths: 24,
        | ^^^^^^^^^^^^^^^^^^
  >  88 |             emiAmount: 23538,
        | ^^^^^^^^^^^^^^^^^^
  >  89 |             emiCollectionPercentage: 5,
        | ^^^^^^^^^^^^^^^^^^
  >  90 |             emiDueDate: 15,
        | ^^^^^^^^^^^^^^^^^^
  >  91 |             startDate: '2023-12-01',
        | ^^^^^^^^^^^^^^^^^^
  >  92 |             endDate: '2025-12-01',
        | ^^^^^^^^^^^^^^^^^^
  >  93 |             status: 'ACTIVE',
        | ^^^^^^^^^^^^^^^^^^
  >  94 |             borrowerName: 'John Smith',
        | ^^^^^^^^^^^^^^^^^^
  >  95 |             lenderName: 'Jane Doe',
        | ^^^^^^^^^^^^^^^^^^
  >  96 |             collectedAmount: 15000,
        | ^^^^^^^^^^^^^^^^^^
  >  97 |             remainingAmount: 8538,
        | ^^^^^^^^^^^^^^^^^^
  >  98 |           },
        | ^^^^^^^^^^^^
     99 |           {
    100 |             id: 2,
    101 |             borrowerId: 3,

ERROR in src/components/LoanManagement.tsx:99:11
TS2739: Type '{ id: number; borrowerId: number; lenderId: number; principalAmount: number; interestRate: number; loanTermMonths: number; emiAmount: number; emiCollectionPercentage: number; emiDueDate: number; ... 6 more ...; remainingAmount: number; }' is missing the following properties from type 'Loan': loanAmount, tenureMonths, monthlyEmiAmount, nextEmiDate, outstandingAmount
     97 |             remainingAmount: 8538,
     98 |           },
  >  99 |           {
        |           ^
  > 100 |             id: 2,
        | ^^^^^^^^^^^^^^^^^^
  > 101 |             borrowerId: 3,
        | ^^^^^^^^^^^^^^^^^^
  > 102 |             lenderId: 2,
        | ^^^^^^^^^^^^^^^^^^
  > 103 |             principalAmount: 250000,
        | ^^^^^^^^^^^^^^^^^^
  > 104 |             interestRate: 10,
        | ^^^^^^^^^^^^^^^^^^
  > 105 |             loanTermMonths: 18,
        | ^^^^^^^^^^^^^^^^^^
  > 106 |             emiAmount: 15234,
        | ^^^^^^^^^^^^^^^^^^
  > 107 |             emiCollectionPercentage: 4,
        | ^^^^^^^^^^^^^^^^^^
  > 108 |             emiDueDate: 20,
        | ^^^^^^^^^^^^^^^^^^
  > 109 |             startDate: '2024-01-01',
        | ^^^^^^^^^^^^^^^^^^
  > 110 |             endDate: '2025-07-01',
        | ^^^^^^^^^^^^^^^^^^
  > 111 |             status: 'ACTIVE',
        | ^^^^^^^^^^^^^^^^^^
  > 112 |             borrowerName: 'Ram Kumar',
        | ^^^^^^^^^^^^^^^^^^
  > 113 |             lenderName: 'Jane Doe',
        | ^^^^^^^^^^^^^^^^^^
  > 114 |             collectedAmount: 8000,
        | ^^^^^^^^^^^^^^^^^^
  > 115 |             remainingAmount: 7234,
        | ^^^^^^^^^^^^^^^^^^
  > 116 |           },
        | ^^^^^^^^^^^^
    117 |         ];
    118 |
    119 |         const demoUsers: User[] = [

ERROR in src/components/LoanManagement.tsx:289:23
TS18048: 'loan.principalAmount' is possibly 'undefined'.
    287 |                   </TableCell>
    288 |                   <TableCell align="right">
  > 289 |                     ₹{loan.principalAmount.toLocaleString()}
        |                       ^^^^^^^^^^^^^^^^^^^^
    290 |                   </TableCell>
    291 |                   <TableCell align="right">{loan.interestRate}%</TableCell>
    292 |                   <TableCell align="right">

ERROR in src/components/LoanManagement.tsx:293:23
TS18048: 'loan.emiAmount' is possibly 'undefined'.
    291 |                   <TableCell align="right">{loan.interestRate}%</TableCell>
    292 |                   <TableCell align="right">
  > 293 |                     ₹{loan.emiAmount.toLocaleString()}
        |                       ^^^^^^^^^^^^^^
    294 |                   </TableCell>
    295 |                   <TableCell align="center">{loan.loanTermMonths}</TableCell>
    296 |                   <TableCell align="center">{loan.emiCollectionPercentage}%</TableCell>

ERROR in src/components/LoanManagement.tsx:330:13
TS2769: No overload matches this call.
  Overload 1 of 2, '(props: { component: ElementType<any, keyof IntrinsicElements>; } & GridBaseProps & { sx?: SxProps<Theme> | undefined; } & SystemProps<...> & Omit<...>): Element | null', gave the following error.
    Property 'component' is missing in type '{ children: Element; item: true; xs: number; md: number; }' but required in type '{ component: ElementType<any, keyof IntrinsicElements>; }'.
  Overload 2 of 2, '(props: DefaultComponentProps<GridTypeMap<{}, "div">>): Element | null', gave the following error.
    Type '{ children: Element; item: true; xs: number; md: number; }' is not assignable to type 'IntrinsicAttributes & GridBaseProps & { sx?: SxProps<Theme> | undefined; } & SystemProps<Theme> & Omit<...>'.
      Property 'item' does not exist on type 'IntrinsicAttributes & GridBaseProps & { sx?: SxProps<Theme> | undefined; } & SystemProps<Theme> & Omit<...>'.
    328 |         <DialogContent>
    329 |           <Grid container spacing={2} sx={{ mt: 1 }}>
  > 330 |             <Grid item xs={12} md={6}>
        |             ^^^^^^^^^^^^^^^^^^^^^^^^^^
    331 |               <Autocomplete
    332 |                 options={getAvailableUsers()}
    333 |                 getOptionLabel={(option) => option.fullName}

ERROR in src/components/LoanManagement.tsx:364:13
TS2769: No overload matches this call.
  Overload 1 of 2, '(props: { component: ElementType<any, keyof IntrinsicElements>; } & GridBaseProps & { sx?: SxProps<Theme> | undefined; } & SystemProps<...> & Omit<...>): Element | null', gave the following error.
    Property 'component' is missing in type '{ children: Element; item: true; xs: number; md: number; }' but required in type '{ component: ElementType<any, keyof IntrinsicElements>; }'.
  Overload 2 of 2, '(props: DefaultComponentProps<GridTypeMap<{}, "div">>): Element | null', gave the following error.
    Type '{ children: Element; item: true; xs: number; md: number; }' is not assignable to type 'IntrinsicAttributes & GridBaseProps & { sx?: SxProps<Theme> | undefined; } & SystemProps<Theme> & Omit<...>'.
      Property 'item' does not exist on type 'IntrinsicAttributes & GridBaseProps & { sx?: SxProps<Theme> | undefined; } & SystemProps<Theme> & Omit<...>'.
    362 |             </Grid>
    363 |
  > 364 |             <Grid item xs={12} md={6}>
        |             ^^^^^^^^^^^^^^^^^^^^^^^^^^
    365 |               <TextField
    366 |                 label="Principal Amount"
    367 |                 type="number"

ERROR in src/components/LoanManagement.tsx:381:13
TS2769: No overload matches this call.
  Overload 1 of 2, '(props: { component: ElementType<any, keyof IntrinsicElements>; } & GridBaseProps & { sx?: SxProps<Theme> | undefined; } & SystemProps<...> & Omit<...>): Element | null', gave the following error.
    Property 'component' is missing in type '{ children: Element; item: true; xs: number; md: number; }' but required in type '{ component: ElementType<any, keyof IntrinsicElements>; }'.
  Overload 2 of 2, '(props: DefaultComponentProps<GridTypeMap<{}, "div">>): Element | null', gave the following error.
    Type '{ children: Element; item: true; xs: number; md: number; }' is not assignable to type 'IntrinsicAttributes & GridBaseProps & { sx?: SxProps<Theme> | undefined; } & SystemProps<Theme> & Omit<...>'.
      Property 'item' does not exist on type 'IntrinsicAttributes & GridBaseProps & { sx?: SxProps<Theme> | undefined; } & SystemProps<Theme> & Omit<...>'.
    379 |             </Grid>
    380 |
  > 381 |             <Grid item xs={12} md={6}>
        |             ^^^^^^^^^^^^^^^^^^^^^^^^^^
    382 |               <TextField
    383 |                 label="Interest Rate (%)"
    384 |                 type="number"

ERROR in src/components/LoanManagement.tsx:398:13
TS2769: No overload matches this call.
  Overload 1 of 2, '(props: { component: ElementType<any, keyof IntrinsicElements>; } & GridBaseProps & { sx?: SxProps<Theme> | undefined; } & SystemProps<...> & Omit<...>): Element | null', gave the following error.
    Property 'component' is missing in type '{ children: Element; item: true; xs: number; md: number; }' but required in type '{ component: ElementType<any, keyof IntrinsicElements>; }'.
  Overload 2 of 2, '(props: DefaultComponentProps<GridTypeMap<{}, "div">>): Element | null', gave the following error.
    Type '{ children: Element; item: true; xs: number; md: number; }' is not assignable to type 'IntrinsicAttributes & GridBaseProps & { sx?: SxProps<Theme> | undefined; } & SystemProps<Theme> & Omit<...>'.
      Property 'item' does not exist on type 'IntrinsicAttributes & GridBaseProps & { sx?: SxProps<Theme> | undefined; } & SystemProps<Theme> & Omit<...>'.
    396 |             </Grid>
    397 |
  > 398 |             <Grid item xs={12} md={6}>
        |             ^^^^^^^^^^^^^^^^^^^^^^^^^^
    399 |               <TextField
    400 |                 label="Loan Term (Months)"
    401 |                 type="number"

ERROR in src/components/LoanManagement.tsx:412:13
TS2769: No overload matches this call.
  Overload 1 of 2, '(props: { component: ElementType<any, keyof IntrinsicElements>; } & GridBaseProps & { sx?: SxProps<Theme> | undefined; } & SystemProps<...> & Omit<...>): Element | null', gave the following error.
    Property 'component' is missing in type '{ children: Element; item: true; xs: number; md: number; }' but required in type '{ component: ElementType<any, keyof IntrinsicElements>; }'.
  Overload 2 of 2, '(props: DefaultComponentProps<GridTypeMap<{}, "div">>): Element | null', gave the following error.
    Type '{ children: Element; item: true; xs: number; md: number; }' is not assignable to type 'IntrinsicAttributes & GridBaseProps & { sx?: SxProps<Theme> | undefined; } & SystemProps<Theme> & Omit<...>'.
      Property 'item' does not exist on type 'IntrinsicAttributes & GridBaseProps & { sx?: SxProps<Theme> | undefined; } & SystemProps<Theme> & Omit<...>'.
    410 |             </Grid>
    411 |
  > 412 |             <Grid item xs={12} md={6}>
        |             ^^^^^^^^^^^^^^^^^^^^^^^^^^
    413 |               <TextField
    414 |                 label="EMI Collection Percentage"
    415 |                 type="number"

Compiling...
Compiled with warnings.

[eslint] 
src/components/BorrowerDashboard.tsx
  Line 16:3:   'Button' is defined but never used                                                                                    @typescript-eslint/no-unused-vars
  Line 22:3:   'TrendingUp' is defined but never used                                                                                @typescript-eslint/no-unused-vars
  Line 26:54:  'Loan' is defined but never used                                                                                      @typescript-eslint/no-unused-vars
  Line 40:6:   React Hook useEffect has a missing dependency: 'loadDashboardData'. Either include it or remove the dependency array  react-hooks/exhaustive-deps

src/components/LenderDashboard.tsx
  Line 28:3:  'Schedule' is defined but never used                                                                                  @typescript-eslint/no-unused-vars
  Line 48:6:  React Hook useEffect has a missing dependency: 'loadDashboardData'. Either include it or remove the dependency array  react-hooks/exhaustive-deps

src/components/LoanManagement.tsx
  Line 22:3:   'Select' is defined but never used                                                                           @typescript-eslint/no-unused-vars
  Line 23:3:   'MenuItem' is defined but never used                                                                         @typescript-eslint/no-unused-vars
  Line 24:3:   'FormControl' is defined but never used                                                                      @typescript-eslint/no-unused-vars
  Line 25:3:   'InputLabel' is defined but never used                                                                       @typescript-eslint/no-unused-vars
  Line 31:3:   'Edit' is defined but never used                                                                             @typescript-eslint/no-unused-vars
  Line 32:3:   'AccountBalance' is defined but never used                                                                   @typescript-eslint/no-unused-vars
  Line 44:10:  'loading' is assigned a value but never used                                                                 @typescript-eslint/no-unused-vars
  Line 60:6:   React Hook useEffect has a missing dependency: 'loadData'. Either include it or remove the dependency array  react-hooks/exhaustive-deps

src/components/TransactionForm.tsx
  Line 13:3:   'Card' is defined but never used                                                                              @typescript-eslint/no-unused-vars
  Line 14:3:   'CardContent' is defined but never used                                                                       @typescript-eslint/no-unused-vars
  Line 30:3:   'AccountBalance' is defined but never used                                                                    @typescript-eslint/no-unused-vars
  Line 31:3:   'TrendingUp' is defined but never used                                                                        @typescript-eslint/no-unused-vars
  Line 111:6:  React Hook useEffect has a missing dependency: 'fetchData'. Either include it or remove the dependency array  react-hooks/exhaustive-deps

src/components/UserSelector.tsx
  Line 6:3:  'Button' is defined but never used  @typescript-eslint/no-unused-vars

src/services/api.ts
  Line 11:3:  'ApiResponse' is defined but never used  @typescript-eslint/no-unused-vars

Search for the keywords to learn more about each warning.
To ignore, add // eslint-disable-next-line to the line before.

WARNING in [eslint] 
src/components/BorrowerDashboard.tsx
  Line 16:3:   'Button' is defined but never used                                                                                    @typescript-eslint/no-unused-vars
  Line 22:3:   'TrendingUp' is defined but never used                                                                                @typescript-eslint/no-unused-vars
  Line 26:54:  'Loan' is defined but never used                                                                                      @typescript-eslint/no-unused-vars
  Line 40:6:   React Hook useEffect has a missing dependency: 'loadDashboardData'. Either include it or remove the dependency array  react-hooks/exhaustive-deps

src/components/LenderDashboard.tsx
  Line 28:3:  'Schedule' is defined but never used                                                                                  @typescript-eslint/no-unused-vars
  Line 48:6:  React Hook useEffect has a missing dependency: 'loadDashboardData'. Either include it or remove the dependency array  react-hooks/exhaustive-deps

src/components/LoanManagement.tsx
  Line 22:3:   'Select' is defined but never used                                                                           @typescript-eslint/no-unused-vars
  Line 23:3:   'MenuItem' is defined but never used                                                                         @typescript-eslint/no-unused-vars
  Line 24:3:   'FormControl' is defined but never used                                                                      @typescript-eslint/no-unused-vars
  Line 25:3:   'InputLabel' is defined but never used                                                                       @typescript-eslint/no-unused-vars
  Line 31:3:   'Edit' is defined but never used                                                                             @typescript-eslint/no-unused-vars
  Line 32:3:   'AccountBalance' is defined but never used                                                                   @typescript-eslint/no-unused-vars
  Line 44:10:  'loading' is assigned a value but never used                                                                 @typescript-eslint/no-unused-vars
  Line 60:6:   React Hook useEffect has a missing dependency: 'loadData'. Either include it or remove the dependency array  react-hooks/exhaustive-deps

src/components/TransactionForm.tsx
  Line 13:3:   'Card' is defined but never used                                                                              @typescript-eslint/no-unused-vars
  Line 14:3:   'CardContent' is defined but never used                                                                       @typescript-eslint/no-unused-vars
  Line 30:3:   'AccountBalance' is defined but never used                                                                    @typescript-eslint/no-unused-vars
  Line 31:3:   'TrendingUp' is defined but never used                                                                        @typescript-eslint/no-unused-vars
  Line 111:6:  React Hook useEffect has a missing dependency: 'fetchData'. Either include it or remove the dependency array  react-hooks/exhaustive-deps

src/components/UserSelector.tsx
  Line 6:3:  'Button' is defined but never used  @typescript-eslint/no-unused-vars

src/services/api.ts
  Line 11:3:  'ApiResponse' is defined but never used  @typescript-eslint/no-unused-vars

webpack compiled with 1 warning
ERROR in src/components/BorrowerDashboard.tsx:173:9
TS2769: No overload matches this call.
  Overload 1 of 2, '(props: { component: ElementType<any, keyof IntrinsicElements>; } & GridBaseProps & { sx?: SxProps<Theme> | undefined; } & SystemProps<...> & Omit<...>): Element | null', gave the following error.
    Property 'component' is missing in type '{ children: Element; item: true; xs: number; sm: number; md: number; }' but required in type '{ component: ElementType<any, keyof IntrinsicElements>; }'.
  Overload 2 of 2, '(props: DefaultComponentProps<GridTypeMap<{}, "div">>): Element | null', gave the following error.
    Type '{ children: Element; item: true; xs: number; sm: number; md: number; }' is not assignable to type 'IntrinsicAttributes & GridBaseProps & { sx?: SxProps<Theme> | undefined; } & SystemProps<Theme> & Omit<...>'.
      Property 'item' does not exist on type 'IntrinsicAttributes & GridBaseProps & { sx?: SxProps<Theme> | undefined; } & SystemProps<Theme> & Omit<...>'.
    171 |       {/* Summary Cards */}
    172 |       <Grid container spacing={3} sx={{ mb: 4 }}>
  > 173 |         <Grid item xs={12} sm={6} md={3}>
        |         ^^^^^^^^^^^^^^^^^^^^^^^^^^^^^^^^^
    174 |           <Card sx={{ background: 'linear-gradient(135deg, #667eea 0%, #764ba2 100%)', color: 'white' }}>
    175 |             <CardContent>
    176 |               <Box sx={{ display: 'flex', alignItems: 'center', mb: 1 }}>

ERROR in src/components/BorrowerDashboard.tsx:187:9
TS2769: No overload matches this call.
  Overload 1 of 2, '(props: { component: ElementType<any, keyof IntrinsicElements>; } & GridBaseProps & { sx?: SxProps<Theme> | undefined; } & SystemProps<...> & Omit<...>): Element | null', gave the following error.
    Property 'component' is missing in type '{ children: Element; item: true; xs: number; sm: number; md: number; }' but required in type '{ component: ElementType<any, keyof IntrinsicElements>; }'.
  Overload 2 of 2, '(props: DefaultComponentProps<GridTypeMap<{}, "div">>): Element | null', gave the following error.
    Type '{ children: Element; item: true; xs: number; sm: number; md: number; }' is not assignable to type 'IntrinsicAttributes & GridBaseProps & { sx?: SxProps<Theme> | undefined; } & SystemProps<Theme> & Omit<...>'.
      Property 'item' does not exist on type 'IntrinsicAttributes & GridBaseProps & { sx?: SxProps<Theme> | undefined; } & SystemProps<Theme> & Omit<...>'.
    185 |         </Grid>
    186 |
  > 187 |         <Grid item xs={12} sm={6} md={3}>
        |         ^^^^^^^^^^^^^^^^^^^^^^^^^^^^^^^^^
    188 |           <Card sx={{ background: 'linear-gradient(135deg, #f093fb 0%, #f5576c 100%)', color: 'white' }}>
    189 |             <CardContent>
    190 |               <Box sx={{ display: 'flex', alignItems: 'center', mb: 1 }}>

ERROR in src/components/BorrowerDashboard.tsx:201:9
TS2769: No overload matches this call.
  Overload 1 of 2, '(props: { component: ElementType<any, keyof IntrinsicElements>; } & GridBaseProps & { sx?: SxProps<Theme> | undefined; } & SystemProps<...> & Omit<...>): Element | null', gave the following error.
    Property 'component' is missing in type '{ children: Element; item: true; xs: number; sm: number; md: number; }' but required in type '{ component: ElementType<any, keyof IntrinsicElements>; }'.
  Overload 2 of 2, '(props: DefaultComponentProps<GridTypeMap<{}, "div">>): Element | null', gave the following error.
    Type '{ children: Element; item: true; xs: number; sm: number; md: number; }' is not assignable to type 'IntrinsicAttributes & GridBaseProps & { sx?: SxProps<Theme> | undefined; } & SystemProps<Theme> & Omit<...>'.
      Property 'item' does not exist on type 'IntrinsicAttributes & GridBaseProps & { sx?: SxProps<Theme> | undefined; } & SystemProps<Theme> & Omit<...>'.
    199 |         </Grid>
    200 |
  > 201 |         <Grid item xs={12} sm={6} md={3}>
        |         ^^^^^^^^^^^^^^^^^^^^^^^^^^^^^^^^^
    202 |           <Card sx={{ background: 'linear-gradient(135deg, #4facfe 0%, #00f2fe 100%)', color: 'white' }}>
    203 |             <CardContent>
    204 |               <Box sx={{ display: 'flex', alignItems: 'center', mb: 1 }}>

ERROR in src/components/BorrowerDashboard.tsx:215:9
TS2769: No overload matches this call.
  Overload 1 of 2, '(props: { component: ElementType<any, keyof IntrinsicElements>; } & GridBaseProps & { sx?: SxProps<Theme> | undefined; } & SystemProps<...> & Omit<...>): Element | null', gave the following error.
    Property 'component' is missing in type '{ children: Element; item: true; xs: number; sm: number; md: number; }' but required in type '{ component: ElementType<any, keyof IntrinsicElements>; }'.
  Overload 2 of 2, '(props: DefaultComponentProps<GridTypeMap<{}, "div">>): Element | null', gave the following error.
    Type '{ children: Element; item: true; xs: number; sm: number; md: number; }' is not assignable to type 'IntrinsicAttributes & GridBaseProps & { sx?: SxProps<Theme> | undefined; } & SystemProps<Theme> & Omit<...>'.
      Property 'item' does not exist on type 'IntrinsicAttributes & GridBaseProps & { sx?: SxProps<Theme> | undefined; } & SystemProps<Theme> & Omit<...>'.
    213 |         </Grid>
    214 |
  > 215 |         <Grid item xs={12} sm={6} md={3}>
        |         ^^^^^^^^^^^^^^^^^^^^^^^^^^^^^^^^^
    216 |           <Card sx={{ background: 'linear-gradient(135deg, #fa709a 0%, #fee140 100%)', color: 'white' }}>
    217 |             <CardContent>
    218 |               <Box sx={{ display: 'flex', alignItems: 'center', mb: 1 }}>

ERROR in src/components/BorrowerDashboard.tsx:232:9
TS2769: No overload matches this call.
  Overload 1 of 2, '(props: { component: ElementType<any, keyof IntrinsicElements>; } & GridBaseProps & { sx?: SxProps<Theme> | undefined; } & SystemProps<...> & Omit<...>): Element | null', gave the following error.
    Property 'component' is missing in type '{ children: Element; item: true; xs: number; md: number; }' but required in type '{ component: ElementType<any, keyof IntrinsicElements>; }'.
  Overload 2 of 2, '(props: DefaultComponentProps<GridTypeMap<{}, "div">>): Element | null', gave the following error.
    Type '{ children: Element; item: true; xs: number; md: number; }' is not assignable to type 'IntrinsicAttributes & GridBaseProps & { sx?: SxProps<Theme> | undefined; } & SystemProps<Theme> & Omit<...>'.
      Property 'item' does not exist on type 'IntrinsicAttributes & GridBaseProps & { sx?: SxProps<Theme> | undefined; } & SystemProps<Theme> & Omit<...>'.
    230 |       <Grid container spacing={3}>
    231 |         {/* EMI Collection Progress */}
  > 232 |         <Grid item xs={12} md={6}>
        |         ^^^^^^^^^^^^^^^^^^^^^^^^^^
    233 |           <Paper sx={{ p: 3 }}>
    234 |             <Typography variant="h6" gutterBottom>
    235 |               This Month's EMI Collection Progress

ERROR in src/components/BorrowerDashboard.tsx:279:9
TS2769: No overload matches this call.
  Overload 1 of 2, '(props: { component: ElementType<any, keyof IntrinsicElements>; } & GridBaseProps & { sx?: SxProps<Theme> | undefined; } & SystemProps<...> & Omit<...>): Element | null', gave the following error.
    Property 'component' is missing in type '{ children: Element; item: true; xs: number; md: number; }' but required in type '{ component: ElementType<any, keyof IntrinsicElements>; }'.
  Overload 2 of 2, '(props: DefaultComponentProps<GridTypeMap<{}, "div">>): Element | null', gave the following error.
    Type '{ children: Element; item: true; xs: number; md: number; }' is not assignable to type 'IntrinsicAttributes & GridBaseProps & { sx?: SxProps<Theme> | undefined; } & SystemProps<Theme> & Omit<...>'.
      Property 'item' does not exist on type 'IntrinsicAttributes & GridBaseProps & { sx?: SxProps<Theme> | undefined; } & SystemProps<Theme> & Omit<...>'.
    277 |
    278 |         {/* Loan-wise Collection */}
  > 279 |         <Grid item xs={12} md={6}>
        |         ^^^^^^^^^^^^^^^^^^^^^^^^^^
    280 |           <Paper sx={{ p: 3 }}>
    281 |             <Typography variant="h6" gutterBottom>
    282 |               Loan-wise Collection Status

ERROR in src/components/BorrowerDashboard.tsx:299:9
TS2769: No overload matches this call.
  Overload 1 of 2, '(props: { component: ElementType<any, keyof IntrinsicElements>; } & GridBaseProps & { sx?: SxProps<Theme> | undefined; } & SystemProps<...> & Omit<...>): Element | null', gave the following error.
    Property 'component' is missing in type '{ children: Element; item: true; xs: number; md: number; }' but required in type '{ component: ElementType<any, keyof IntrinsicElements>; }'.
  Overload 2 of 2, '(props: DefaultComponentProps<GridTypeMap<{}, "div">>): Element | null', gave the following error.
    Type '{ children: Element; item: true; xs: number; md: number; }' is not assignable to type 'IntrinsicAttributes & GridBaseProps & { sx?: SxProps<Theme> | undefined; } & SystemProps<Theme> & Omit<...>'.
      Property 'item' does not exist on type 'IntrinsicAttributes & GridBaseProps & { sx?: SxProps<Theme> | undefined; } & SystemProps<Theme> & Omit<...>'.
    297 |
    298 |         {/* Loan Summaries */}
  > 299 |         <Grid item xs={12} md={8}>
        |         ^^^^^^^^^^^^^^^^^^^^^^^^^^
    300 |           <Paper sx={{ p: 3 }}>
    301 |             <Typography variant="h6" gutterBottom>
    302 |               Active Loans Summary

ERROR in src/components/BorrowerDashboard.tsx:356:9
TS2769: No overload matches this call.
  Overload 1 of 2, '(props: { component: ElementType<any, keyof IntrinsicElements>; } & GridBaseProps & { sx?: SxProps<Theme> | undefined; } & SystemProps<...> & Omit<...>): Element | null', gave the following error.
    Property 'component' is missing in type '{ children: Element; item: true; xs: number; md: number; }' but required in type '{ component: ElementType<any, keyof IntrinsicElements>; }'.
  Overload 2 of 2, '(props: DefaultComponentProps<GridTypeMap<{}, "div">>): Element | null', gave the following error.
    Type '{ children: Element; item: true; xs: number; md: number; }' is not assignable to type 'IntrinsicAttributes & GridBaseProps & { sx?: SxProps<Theme> | undefined; } & SystemProps<Theme> & Omit<...>'.
      Property 'item' does not exist on type 'IntrinsicAttributes & GridBaseProps & { sx?: SxProps<Theme> | undefined; } & SystemProps<Theme> & Omit<...>'.
    354 |
    355 |         {/* Recent Transactions */}
  > 356 |         <Grid item xs={12} md={4}>
        |         ^^^^^^^^^^^^^^^^^^^^^^^^^^
    357 |           <Paper sx={{ p: 3 }}>
    358 |             <Typography variant="h6" gutterBottom>
    359 |               Recent Transactions

ERROR in src/components/LenderDashboard.tsx:202:9
TS2769: No overload matches this call.
  Overload 1 of 2, '(props: { component: ElementType<any, keyof IntrinsicElements>; } & GridBaseProps & { sx?: SxProps<Theme> | undefined; } & SystemProps<...> & Omit<...>): Element | null', gave the following error.
    Property 'component' is missing in type '{ children: Element; item: true; xs: number; sm: number; md: number; }' but required in type '{ component: ElementType<any, keyof IntrinsicElements>; }'.
  Overload 2 of 2, '(props: DefaultComponentProps<GridTypeMap<{}, "div">>): Element | null', gave the following error.
    Type '{ children: Element; item: true; xs: number; sm: number; md: number; }' is not assignable to type 'IntrinsicAttributes & GridBaseProps & { sx?: SxProps<Theme> | undefined; } & SystemProps<Theme> & Omit<...>'.
      Property 'item' does not exist on type 'IntrinsicAttributes & GridBaseProps & { sx?: SxProps<Theme> | undefined; } & SystemProps<Theme> & Omit<...>'.
    200 |       {/* Summary Cards */}
    201 |       <Grid container spacing={3} sx={{ mb: 4 }}>
  > 202 |         <Grid item xs={12} sm={6} md={3}>
        |         ^^^^^^^^^^^^^^^^^^^^^^^^^^^^^^^^^
    203 |           <Card sx={{ background: 'linear-gradient(135deg, #667eea 0%, #764ba2 100%)', color: 'white' }}>
    204 |             <CardContent>
    205 |               <Box sx={{ display: 'flex', alignItems: 'center', mb: 1 }}>

ERROR in src/components/LenderDashboard.tsx:216:9
TS2769: No overload matches this call.
  Overload 1 of 2, '(props: { component: ElementType<any, keyof IntrinsicElements>; } & GridBaseProps & { sx?: SxProps<Theme> | undefined; } & SystemProps<...> & Omit<...>): Element | null', gave the following error.
    Property 'component' is missing in type '{ children: Element; item: true; xs: number; sm: number; md: number; }' but required in type '{ component: ElementType<any, keyof IntrinsicElements>; }'.
  Overload 2 of 2, '(props: DefaultComponentProps<GridTypeMap<{}, "div">>): Element | null', gave the following error.
    Type '{ children: Element; item: true; xs: number; sm: number; md: number; }' is not assignable to type 'IntrinsicAttributes & GridBaseProps & { sx?: SxProps<Theme> | undefined; } & SystemProps<Theme> & Omit<...>'.
      Property 'item' does not exist on type 'IntrinsicAttributes & GridBaseProps & { sx?: SxProps<Theme> | undefined; } & SystemProps<Theme> & Omit<...>'.
    214 |         </Grid>
    215 |
  > 216 |         <Grid item xs={12} sm={6} md={3}>
        |         ^^^^^^^^^^^^^^^^^^^^^^^^^^^^^^^^^
    217 |           <Card sx={{ background: 'linear-gradient(135deg, #f093fb 0%, #f5576c 100%)', color: 'white' }}>
    218 |             <CardContent>
    219 |               <Box sx={{ display: 'flex', alignItems: 'center', mb: 1 }}>

ERROR in src/components/LenderDashboard.tsx:230:9
TS2769: No overload matches this call.
  Overload 1 of 2, '(props: { component: ElementType<any, keyof IntrinsicElements>; } & GridBaseProps & { sx?: SxProps<Theme> | undefined; } & SystemProps<...> & Omit<...>): Element | null', gave the following error.
    Property 'component' is missing in type '{ children: Element; item: true; xs: number; sm: number; md: number; }' but required in type '{ component: ElementType<any, keyof IntrinsicElements>; }'.
  Overload 2 of 2, '(props: DefaultComponentProps<GridTypeMap<{}, "div">>): Element | null', gave the following error.
    Type '{ children: Element; item: true; xs: number; sm: number; md: number; }' is not assignable to type 'IntrinsicAttributes & GridBaseProps & { sx?: SxProps<Theme> | undefined; } & SystemProps<Theme> & Omit<...>'.
      Property 'item' does not exist on type 'IntrinsicAttributes & GridBaseProps & { sx?: SxProps<Theme> | undefined; } & SystemProps<Theme> & Omit<...>'.
    228 |         </Grid>
    229 |
  > 230 |         <Grid item xs={12} sm={6} md={3}>
        |         ^^^^^^^^^^^^^^^^^^^^^^^^^^^^^^^^^
    231 |           <Card sx={{ background: 'linear-gradient(135deg, #4facfe 0%, #00f2fe 100%)', color: 'white' }}>
    232 |             <CardContent>
    233 |               <Box sx={{ display: 'flex', alignItems: 'center', mb: 1 }}>

ERROR in src/components/LenderDashboard.tsx:247:9
TS2769: No overload matches this call.
  Overload 1 of 2, '(props: { component: ElementType<any, keyof IntrinsicElements>; } & GridBaseProps & { sx?: SxProps<Theme> | undefined; } & SystemProps<...> & Omit<...>): Element | null', gave the following error.
    Property 'component' is missing in type '{ children: Element; item: true; xs: number; sm: number; md: number; }' but required in type '{ component: ElementType<any, keyof IntrinsicElements>; }'.
  Overload 2 of 2, '(props: DefaultComponentProps<GridTypeMap<{}, "div">>): Element | null', gave the following error.
    Type '{ children: Element; item: true; xs: number; sm: number; md: number; }' is not assignable to type 'IntrinsicAttributes & GridBaseProps & { sx?: SxProps<Theme> | undefined; } & SystemProps<Theme> & Omit<...>'.
      Property 'item' does not exist on type 'IntrinsicAttributes & GridBaseProps & { sx?: SxProps<Theme> | undefined; } & SystemProps<Theme> & Omit<...>'.
    245 |         </Grid>
    246 |
  > 247 |         <Grid item xs={12} sm={6} md={3}>
        |         ^^^^^^^^^^^^^^^^^^^^^^^^^^^^^^^^^
    248 |           <Card sx={{ background: 'linear-gradient(135deg, #fa709a 0%, #fee140 100%)', color: 'white' }}>
    249 |             <CardContent>
    250 |               <Box sx={{ display: 'flex', alignItems: 'center', mb: 1 }}>

ERROR in src/components/LenderDashboard.tsx:264:9
TS2769: No overload matches this call.
  Overload 1 of 2, '(props: { component: ElementType<any, keyof IntrinsicElements>; } & GridBaseProps & { sx?: SxProps<Theme> | undefined; } & SystemProps<...> & Omit<...>): Element | null', gave the following error.
    Property 'component' is missing in type '{ children: Element; item: true; xs: number; md: number; }' but required in type '{ component: ElementType<any, keyof IntrinsicElements>; }'.
  Overload 2 of 2, '(props: DefaultComponentProps<GridTypeMap<{}, "div">>): Element | null', gave the following error.
    Type '{ children: Element; item: true; xs: number; md: number; }' is not assignable to type 'IntrinsicAttributes & GridBaseProps & { sx?: SxProps<Theme> | undefined; } & SystemProps<Theme> & Omit<...>'.
      Property 'item' does not exist on type 'IntrinsicAttributes & GridBaseProps & { sx?: SxProps<Theme> | undefined; } & SystemProps<Theme> & Omit<...>'.
    262 |       <Grid container spacing={3}>
    263 |         {/* Collection Trends */}
  > 264 |         <Grid item xs={12} md={8}>
        |         ^^^^^^^^^^^^^^^^^^^^^^^^^^
    265 |           <Paper sx={{ p: 3 }}>
    266 |             <Typography variant="h6" gutterBottom>
    267 |               Monthly Collection Trends

ERROR in src/components/LenderDashboard.tsx:296:9
TS2769: No overload matches this call.
  Overload 1 of 2, '(props: { component: ElementType<any, keyof IntrinsicElements>; } & GridBaseProps & { sx?: SxProps<Theme> | undefined; } & SystemProps<...> & Omit<...>): Element | null', gave the following error.
    Property 'component' is missing in type '{ children: Element; item: true; xs: number; md: number; }' but required in type '{ component: ElementType<any, keyof IntrinsicElements>; }'.
  Overload 2 of 2, '(props: DefaultComponentProps<GridTypeMap<{}, "div">>): Element | null', gave the following error.
    Type '{ children: Element; item: true; xs: number; md: number; }' is not assignable to type 'IntrinsicAttributes & GridBaseProps & { sx?: SxProps<Theme> | undefined; } & SystemProps<Theme> & Omit<...>'.
      Property 'item' does not exist on type 'IntrinsicAttributes & GridBaseProps & { sx?: SxProps<Theme> | undefined; } & SystemProps<Theme> & Omit<...>'.
    294 |
    295 |         {/* Collection Progress */}
  > 296 |         <Grid item xs={12} md={4}>
        |         ^^^^^^^^^^^^^^^^^^^^^^^^^^
    297 |           <Paper sx={{ p: 3 }}>
    298 |             <Typography variant="h6" gutterBottom>
    299 |               This Month's Progress

ERROR in src/components/LenderDashboard.tsx:331:9
TS2769: No overload matches this call.
  Overload 1 of 2, '(props: { component: ElementType<any, keyof IntrinsicElements>; } & GridBaseProps & { sx?: SxProps<Theme> | undefined; } & SystemProps<...> & Omit<...>): Element | null', gave the following error.
    Property 'component' is missing in type '{ children: Element; item: true; xs: number; md: number; }' but required in type '{ component: ElementType<any, keyof IntrinsicElements>; }'.
  Overload 2 of 2, '(props: DefaultComponentProps<GridTypeMap<{}, "div">>): Element | null', gave the following error.
    Type '{ children: Element; item: true; xs: number; md: number; }' is not assignable to type 'IntrinsicAttributes & GridBaseProps & { sx?: SxProps<Theme> | undefined; } & SystemProps<Theme> & Omit<...>'.
      Property 'item' does not exist on type 'IntrinsicAttributes & GridBaseProps & { sx?: SxProps<Theme> | undefined; } & SystemProps<Theme> & Omit<...>'.
    329 |
    330 |         {/* Borrower-wise Collections */}
  > 331 |         <Grid item xs={12} md={8}>
        |         ^^^^^^^^^^^^^^^^^^^^^^^^^^
    332 |           <Paper sx={{ p: 3 }}>
    333 |             <Typography variant="h6" gutterBottom>
    334 |               Borrower-wise Collection Status

ERROR in src/components/LenderDashboard.tsx:351:9
TS2769: No overload matches this call.
  Overload 1 of 2, '(props: { component: ElementType<any, keyof IntrinsicElements>; } & GridBaseProps & { sx?: SxProps<Theme> | undefined; } & SystemProps<...> & Omit<...>): Element | null', gave the following error.
    Property 'component' is missing in type '{ children: Element; item: true; xs: number; md: number; }' but required in type '{ component: ElementType<any, keyof IntrinsicElements>; }'.
  Overload 2 of 2, '(props: DefaultComponentProps<GridTypeMap<{}, "div">>): Element | null', gave the following error.
    Type '{ children: Element; item: true; xs: number; md: number; }' is not assignable to type 'IntrinsicAttributes & GridBaseProps & { sx?: SxProps<Theme> | undefined; } & SystemProps<Theme> & Omit<...>'.
      Property 'item' does not exist on type 'IntrinsicAttributes & GridBaseProps & { sx?: SxProps<Theme> | undefined; } & SystemProps<Theme> & Omit<...>'.
    349 |
    350 |         {/* Upcoming Payments */}
  > 351 |         <Grid item xs={12} md={4}>
        |         ^^^^^^^^^^^^^^^^^^^^^^^^^^
    352 |           <Paper sx={{ p: 3 }}>
    353 |             <Typography variant="h6" gutterBottom>
    354 |               Upcoming EMI Payments

ERROR in src/components/LenderDashboard.tsx:394:9
TS2769: No overload matches this call.
  Overload 1 of 2, '(props: { component: ElementType<any, keyof IntrinsicElements>; } & GridBaseProps & { sx?: SxProps<Theme> | undefined; } & SystemProps<...> & Omit<...>): Element | null', gave the following error.
    Property 'component' is missing in type '{ children: Element; item: true; xs: number; }' but required in type '{ component: ElementType<any, keyof IntrinsicElements>; }'.
  Overload 2 of 2, '(props: DefaultComponentProps<GridTypeMap<{}, "div">>): Element | null', gave the following error.
    Type '{ children: Element; item: true; xs: number; }' is not assignable to type 'IntrinsicAttributes & GridBaseProps & { sx?: SxProps<Theme> | undefined; } & SystemProps<Theme> & Omit<...>'.
      Property 'item' does not exist on type 'IntrinsicAttributes & GridBaseProps & { sx?: SxProps<Theme> | undefined; } & SystemProps<Theme> & Omit<...>'.
    392 |
    393 |         {/* Borrower Portfolio */}
  > 394 |         <Grid item xs={12}>
        |         ^^^^^^^^^^^^^^^^^^^
    395 |           <Paper sx={{ p: 3 }}>
    396 |             <Typography variant="h6" gutterBottom>
    397 |               Borrower Portfolio

ERROR in src/components/LoanManagement.tsx:81:11
TS2739: Type '{ id: number; borrowerId: number; lenderId: number; principalAmount: number; interestRate: number; loanTermMonths: number; emiAmount: number; emiCollectionPercentage: number; emiDueDate: number; ... 6 more ...; remainingAmount: number; }' is missing the following properties from type 'Loan': loanAmount, tenureMonths, monthlyEmiAmount, nextEmiDate, outstandingAmount
     79 |         // Demo data
     80 |         const demoLoans: Loan[] = [
  >  81 |           {
        |           ^
  >  82 |             id: 1,
        | ^^^^^^^^^^^^^^^^^^
  >  83 |             borrowerId: 1,
        | ^^^^^^^^^^^^^^^^^^
  >  84 |             lenderId: 2,
        | ^^^^^^^^^^^^^^^^^^
  >  85 |             principalAmount: 500000,
        | ^^^^^^^^^^^^^^^^^^
  >  86 |             interestRate: 12,
        | ^^^^^^^^^^^^^^^^^^
  >  87 |             loanTermMonths: 24,
        | ^^^^^^^^^^^^^^^^^^
  >  88 |             emiAmount: 23538,
        | ^^^^^^^^^^^^^^^^^^
  >  89 |             emiCollectionPercentage: 5,
        | ^^^^^^^^^^^^^^^^^^
  >  90 |             emiDueDate: 15,
        | ^^^^^^^^^^^^^^^^^^
  >  91 |             startDate: '2023-12-01',
        | ^^^^^^^^^^^^^^^^^^
  >  92 |             endDate: '2025-12-01',
        | ^^^^^^^^^^^^^^^^^^
  >  93 |             status: 'ACTIVE',
        | ^^^^^^^^^^^^^^^^^^
  >  94 |             borrowerName: 'John Smith',
        | ^^^^^^^^^^^^^^^^^^
  >  95 |             lenderName: 'Jane Doe',
        | ^^^^^^^^^^^^^^^^^^
  >  96 |             collectedAmount: 15000,
        | ^^^^^^^^^^^^^^^^^^
  >  97 |             remainingAmount: 8538,
        | ^^^^^^^^^^^^^^^^^^
  >  98 |           },
        | ^^^^^^^^^^^^
     99 |           {
    100 |             id: 2,
    101 |             borrowerId: 3,

ERROR in src/components/LoanManagement.tsx:99:11
TS2739: Type '{ id: number; borrowerId: number; lenderId: number; principalAmount: number; interestRate: number; loanTermMonths: number; emiAmount: number; emiCollectionPercentage: number; emiDueDate: number; ... 6 more ...; remainingAmount: number; }' is missing the following properties from type 'Loan': loanAmount, tenureMonths, monthlyEmiAmount, nextEmiDate, outstandingAmount
     97 |             remainingAmount: 8538,
     98 |           },
  >  99 |           {
        |           ^
  > 100 |             id: 2,
        | ^^^^^^^^^^^^^^^^^^
  > 101 |             borrowerId: 3,
        | ^^^^^^^^^^^^^^^^^^
  > 102 |             lenderId: 2,
        | ^^^^^^^^^^^^^^^^^^
  > 103 |             principalAmount: 250000,
        | ^^^^^^^^^^^^^^^^^^
  > 104 |             interestRate: 10,
        | ^^^^^^^^^^^^^^^^^^
  > 105 |             loanTermMonths: 18,
        | ^^^^^^^^^^^^^^^^^^
  > 106 |             emiAmount: 15234,
        | ^^^^^^^^^^^^^^^^^^
  > 107 |             emiCollectionPercentage: 4,
        | ^^^^^^^^^^^^^^^^^^
  > 108 |             emiDueDate: 20,
        | ^^^^^^^^^^^^^^^^^^
  > 109 |             startDate: '2024-01-01',
        | ^^^^^^^^^^^^^^^^^^
  > 110 |             endDate: '2025-07-01',
        | ^^^^^^^^^^^^^^^^^^
  > 111 |             status: 'ACTIVE',
        | ^^^^^^^^^^^^^^^^^^
  > 112 |             borrowerName: 'Ram Kumar',
        | ^^^^^^^^^^^^^^^^^^
  > 113 |             lenderName: 'Jane Doe',
        | ^^^^^^^^^^^^^^^^^^
  > 114 |             collectedAmount: 8000,
        | ^^^^^^^^^^^^^^^^^^
  > 115 |             remainingAmount: 7234,
        | ^^^^^^^^^^^^^^^^^^
  > 116 |           },
        | ^^^^^^^^^^^^
    117 |         ];
    118 |
    119 |         const demoUsers: User[] = [

ERROR in src/components/LoanManagement.tsx:289:23
TS18048: 'loan.principalAmount' is possibly 'undefined'.
    287 |                   </TableCell>
    288 |                   <TableCell align="right">
  > 289 |                     ₹{loan.principalAmount.toLocaleString()}
        |                       ^^^^^^^^^^^^^^^^^^^^
    290 |                   </TableCell>
    291 |                   <TableCell align="right">{loan.interestRate}%</TableCell>
    292 |                   <TableCell align="right">

ERROR in src/components/LoanManagement.tsx:293:23
TS18048: 'loan.emiAmount' is possibly 'undefined'.
    291 |                   <TableCell align="right">{loan.interestRate}%</TableCell>
    292 |                   <TableCell align="right">
  > 293 |                     ₹{loan.emiAmount.toLocaleString()}
        |                       ^^^^^^^^^^^^^^
    294 |                   </TableCell>
    295 |                   <TableCell align="center">{loan.loanTermMonths}</TableCell>
    296 |                   <TableCell align="center">{loan.emiCollectionPercentage}%</TableCell>

ERROR in src/components/LoanManagement.tsx:330:13
TS2769: No overload matches this call.
  Overload 1 of 2, '(props: { component: ElementType<any, keyof IntrinsicElements>; } & GridBaseProps & { sx?: SxProps<Theme> | undefined; } & SystemProps<...> & Omit<...>): Element | null', gave the following error.
    Property 'component' is missing in type '{ children: Element; item: true; xs: number; md: number; }' but required in type '{ component: ElementType<any, keyof IntrinsicElements>; }'.
  Overload 2 of 2, '(props: DefaultComponentProps<GridTypeMap<{}, "div">>): Element | null', gave the following error.
    Type '{ children: Element; item: true; xs: number; md: number; }' is not assignable to type 'IntrinsicAttributes & GridBaseProps & { sx?: SxProps<Theme> | undefined; } & SystemProps<Theme> & Omit<...>'.
      Property 'item' does not exist on type 'IntrinsicAttributes & GridBaseProps & { sx?: SxProps<Theme> | undefined; } & SystemProps<Theme> & Omit<...>'.
    328 |         <DialogContent>
    329 |           <Grid container spacing={2} sx={{ mt: 1 }}>
  > 330 |             <Grid item xs={12} md={6}>
        |             ^^^^^^^^^^^^^^^^^^^^^^^^^^
    331 |               <Autocomplete
    332 |                 options={getAvailableUsers()}
    333 |                 getOptionLabel={(option) => option.fullName}

ERROR in src/components/LoanManagement.tsx:364:13
TS2769: No overload matches this call.
  Overload 1 of 2, '(props: { component: ElementType<any, keyof IntrinsicElements>; } & GridBaseProps & { sx?: SxProps<Theme> | undefined; } & SystemProps<...> & Omit<...>): Element | null', gave the following error.
    Property 'component' is missing in type '{ children: Element; item: true; xs: number; md: number; }' but required in type '{ component: ElementType<any, keyof IntrinsicElements>; }'.
  Overload 2 of 2, '(props: DefaultComponentProps<GridTypeMap<{}, "div">>): Element | null', gave the following error.
    Type '{ children: Element; item: true; xs: number; md: number; }' is not assignable to type 'IntrinsicAttributes & GridBaseProps & { sx?: SxProps<Theme> | undefined; } & SystemProps<Theme> & Omit<...>'.
      Property 'item' does not exist on type 'IntrinsicAttributes & GridBaseProps & { sx?: SxProps<Theme> | undefined; } & SystemProps<Theme> & Omit<...>'.
    362 |             </Grid>
    363 |
  > 364 |             <Grid item xs={12} md={6}>
        |             ^^^^^^^^^^^^^^^^^^^^^^^^^^
    365 |               <TextField
    366 |                 label="Principal Amount"
    367 |                 type="number"

ERROR in src/components/LoanManagement.tsx:381:13
TS2769: No overload matches this call.
  Overload 1 of 2, '(props: { component: ElementType<any, keyof IntrinsicElements>; } & GridBaseProps & { sx?: SxProps<Theme> | undefined; } & SystemProps<...> & Omit<...>): Element | null', gave the following error.
    Property 'component' is missing in type '{ children: Element; item: true; xs: number; md: number; }' but required in type '{ component: ElementType<any, keyof IntrinsicElements>; }'.
  Overload 2 of 2, '(props: DefaultComponentProps<GridTypeMap<{}, "div">>): Element | null', gave the following error.
    Type '{ children: Element; item: true; xs: number; md: number; }' is not assignable to type 'IntrinsicAttributes & GridBaseProps & { sx?: SxProps<Theme> | undefined; } & SystemProps<Theme> & Omit<...>'.
      Property 'item' does not exist on type 'IntrinsicAttributes & GridBaseProps & { sx?: SxProps<Theme> | undefined; } & SystemProps<Theme> & Omit<...>'.
    379 |             </Grid>
    380 |
  > 381 |             <Grid item xs={12} md={6}>
        |             ^^^^^^^^^^^^^^^^^^^^^^^^^^
    382 |               <TextField
    383 |                 label="Interest Rate (%)"
    384 |                 type="number"

ERROR in src/components/LoanManagement.tsx:398:13
TS2769: No overload matches this call.
  Overload 1 of 2, '(props: { component: ElementType<any, keyof IntrinsicElements>; } & GridBaseProps & { sx?: SxProps<Theme> | undefined; } & SystemProps<...> & Omit<...>): Element | null', gave the following error.
    Property 'component' is missing in type '{ children: Element; item: true; xs: number; md: number; }' but required in type '{ component: ElementType<any, keyof IntrinsicElements>; }'.
  Overload 2 of 2, '(props: DefaultComponentProps<GridTypeMap<{}, "div">>): Element | null', gave the following error.
    Type '{ children: Element; item: true; xs: number; md: number; }' is not assignable to type 'IntrinsicAttributes & GridBaseProps & { sx?: SxProps<Theme> | undefined; } & SystemProps<Theme> & Omit<...>'.
      Property 'item' does not exist on type 'IntrinsicAttributes & GridBaseProps & { sx?: SxProps<Theme> | undefined; } & SystemProps<Theme> & Omit<...>'.
    396 |             </Grid>
    397 |
  > 398 |             <Grid item xs={12} md={6}>
        |             ^^^^^^^^^^^^^^^^^^^^^^^^^^
    399 |               <TextField
    400 |                 label="Loan Term (Months)"
    401 |                 type="number"

Compiling...
Compiled with warnings.

[eslint] 
src/components/BorrowerDashboard.tsx
  Line 16:3:   'Button' is defined but never used                                                                                    @typescript-eslint/no-unused-vars
  Line 22:3:   'TrendingUp' is defined but never used                                                                                @typescript-eslint/no-unused-vars
  Line 26:54:  'Loan' is defined but never used                                                                                      @typescript-eslint/no-unused-vars
  Line 40:6:   React Hook useEffect has a missing dependency: 'loadDashboardData'. Either include it or remove the dependency array  react-hooks/exhaustive-deps

src/components/LenderDashboard.tsx
  Line 28:3:  'Schedule' is defined but never used                                                                                  @typescript-eslint/no-unused-vars
  Line 48:6:  React Hook useEffect has a missing dependency: 'loadDashboardData'. Either include it or remove the dependency array  react-hooks/exhaustive-deps

src/components/LoanManagement.tsx
  Line 22:3:   'Select' is defined but never used                                                                           @typescript-eslint/no-unused-vars
  Line 23:3:   'MenuItem' is defined but never used                                                                         @typescript-eslint/no-unused-vars
  Line 24:3:   'FormControl' is defined but never used                                                                      @typescript-eslint/no-unused-vars
  Line 25:3:   'InputLabel' is defined but never used                                                                       @typescript-eslint/no-unused-vars
  Line 31:3:   'Edit' is defined but never used                                                                             @typescript-eslint/no-unused-vars
  Line 32:3:   'AccountBalance' is defined but never used                                                                   @typescript-eslint/no-unused-vars
  Line 44:10:  'loading' is assigned a value but never used                                                                 @typescript-eslint/no-unused-vars
  Line 60:6:   React Hook useEffect has a missing dependency: 'loadData'. Either include it or remove the dependency array  react-hooks/exhaustive-deps

src/components/TransactionForm.tsx
  Line 13:3:   'Card' is defined but never used                                                                              @typescript-eslint/no-unused-vars
  Line 14:3:   'CardContent' is defined but never used                                                                       @typescript-eslint/no-unused-vars
  Line 30:3:   'AccountBalance' is defined but never used                                                                    @typescript-eslint/no-unused-vars
  Line 31:3:   'TrendingUp' is defined but never used                                                                        @typescript-eslint/no-unused-vars
  Line 111:6:  React Hook useEffect has a missing dependency: 'fetchData'. Either include it or remove the dependency array  react-hooks/exhaustive-deps

src/components/UserSelector.tsx
  Line 6:3:  'Button' is defined but never used  @typescript-eslint/no-unused-vars

src/services/api.ts
  Line 11:3:  'ApiResponse' is defined but never used  @typescript-eslint/no-unused-vars

Search for the keywords to learn more about each warning.
To ignore, add // eslint-disable-next-line to the line before.

WARNING in [eslint] 
src/components/BorrowerDashboard.tsx
  Line 16:3:   'Button' is defined but never used                                                                                    @typescript-eslint/no-unused-vars
  Line 22:3:   'TrendingUp' is defined but never used                                                                                @typescript-eslint/no-unused-vars
  Line 26:54:  'Loan' is defined but never used                                                                                      @typescript-eslint/no-unused-vars
  Line 40:6:   React Hook useEffect has a missing dependency: 'loadDashboardData'. Either include it or remove the dependency array  react-hooks/exhaustive-deps

src/components/LenderDashboard.tsx
  Line 28:3:  'Schedule' is defined but never used                                                                                  @typescript-eslint/no-unused-vars
  Line 48:6:  React Hook useEffect has a missing dependency: 'loadDashboardData'. Either include it or remove the dependency array  react-hooks/exhaustive-deps

src/components/LoanManagement.tsx
  Line 22:3:   'Select' is defined but never used                                                                           @typescript-eslint/no-unused-vars
  Line 23:3:   'MenuItem' is defined but never used                                                                         @typescript-eslint/no-unused-vars
  Line 24:3:   'FormControl' is defined but never used                                                                      @typescript-eslint/no-unused-vars
  Line 25:3:   'InputLabel' is defined but never used                                                                       @typescript-eslint/no-unused-vars
  Line 31:3:   'Edit' is defined but never used                                                                             @typescript-eslint/no-unused-vars
  Line 32:3:   'AccountBalance' is defined but never used                                                                   @typescript-eslint/no-unused-vars
  Line 44:10:  'loading' is assigned a value but never used                                                                 @typescript-eslint/no-unused-vars
  Line 60:6:   React Hook useEffect has a missing dependency: 'loadData'. Either include it or remove the dependency array  react-hooks/exhaustive-deps

src/components/TransactionForm.tsx
  Line 13:3:   'Card' is defined but never used                                                                              @typescript-eslint/no-unused-vars
  Line 14:3:   'CardContent' is defined but never used                                                                       @typescript-eslint/no-unused-vars
  Line 30:3:   'AccountBalance' is defined but never used                                                                    @typescript-eslint/no-unused-vars
  Line 31:3:   'TrendingUp' is defined but never used                                                                        @typescript-eslint/no-unused-vars
  Line 111:6:  React Hook useEffect has a missing dependency: 'fetchData'. Either include it or remove the dependency array  react-hooks/exhaustive-deps

src/components/UserSelector.tsx
  Line 6:3:  'Button' is defined but never used  @typescript-eslint/no-unused-vars

src/services/api.ts
  Line 11:3:  'ApiResponse' is defined but never used  @typescript-eslint/no-unused-vars

webpack compiled with 1 warning
ERROR in src/components/BorrowerDashboard.tsx:173:9
TS2769: No overload matches this call.
  Overload 1 of 2, '(props: { component: ElementType<any, keyof IntrinsicElements>; } & GridBaseProps & { sx?: SxProps<Theme> | undefined; } & SystemProps<...> & Omit<...>): Element | null', gave the following error.
    Property 'component' is missing in type '{ children: Element; item: true; xs: number; sm: number; md: number; }' but required in type '{ component: ElementType<any, keyof IntrinsicElements>; }'.
  Overload 2 of 2, '(props: DefaultComponentProps<GridTypeMap<{}, "div">>): Element | null', gave the following error.
    Type '{ children: Element; item: true; xs: number; sm: number; md: number; }' is not assignable to type 'IntrinsicAttributes & GridBaseProps & { sx?: SxProps<Theme> | undefined; } & SystemProps<Theme> & Omit<...>'.
      Property 'item' does not exist on type 'IntrinsicAttributes & GridBaseProps & { sx?: SxProps<Theme> | undefined; } & SystemProps<Theme> & Omit<...>'.
    171 |       {/* Summary Cards */}
    172 |       <Grid container spacing={3} sx={{ mb: 4 }}>
  > 173 |         <Grid item xs={12} sm={6} md={3}>
        |         ^^^^^^^^^^^^^^^^^^^^^^^^^^^^^^^^^
    174 |           <Card sx={{ background: 'linear-gradient(135deg, #667eea 0%, #764ba2 100%)', color: 'white' }}>
    175 |             <CardContent>
    176 |               <Box sx={{ display: 'flex', alignItems: 'center', mb: 1 }}>

ERROR in src/components/BorrowerDashboard.tsx:187:9
TS2769: No overload matches this call.
  Overload 1 of 2, '(props: { component: ElementType<any, keyof IntrinsicElements>; } & GridBaseProps & { sx?: SxProps<Theme> | undefined; } & SystemProps<...> & Omit<...>): Element | null', gave the following error.
    Property 'component' is missing in type '{ children: Element; item: true; xs: number; sm: number; md: number; }' but required in type '{ component: ElementType<any, keyof IntrinsicElements>; }'.
  Overload 2 of 2, '(props: DefaultComponentProps<GridTypeMap<{}, "div">>): Element | null', gave the following error.
    Type '{ children: Element; item: true; xs: number; sm: number; md: number; }' is not assignable to type 'IntrinsicAttributes & GridBaseProps & { sx?: SxProps<Theme> | undefined; } & SystemProps<Theme> & Omit<...>'.
      Property 'item' does not exist on type 'IntrinsicAttributes & GridBaseProps & { sx?: SxProps<Theme> | undefined; } & SystemProps<Theme> & Omit<...>'.
    185 |         </Grid>
    186 |
  > 187 |         <Grid item xs={12} sm={6} md={3}>
        |         ^^^^^^^^^^^^^^^^^^^^^^^^^^^^^^^^^
    188 |           <Card sx={{ background: 'linear-gradient(135deg, #f093fb 0%, #f5576c 100%)', color: 'white' }}>
    189 |             <CardContent>
    190 |               <Box sx={{ display: 'flex', alignItems: 'center', mb: 1 }}>

ERROR in src/components/BorrowerDashboard.tsx:201:9
TS2769: No overload matches this call.
  Overload 1 of 2, '(props: { component: ElementType<any, keyof IntrinsicElements>; } & GridBaseProps & { sx?: SxProps<Theme> | undefined; } & SystemProps<...> & Omit<...>): Element | null', gave the following error.
    Property 'component' is missing in type '{ children: Element; item: true; xs: number; sm: number; md: number; }' but required in type '{ component: ElementType<any, keyof IntrinsicElements>; }'.
  Overload 2 of 2, '(props: DefaultComponentProps<GridTypeMap<{}, "div">>): Element | null', gave the following error.
    Type '{ children: Element; item: true; xs: number; sm: number; md: number; }' is not assignable to type 'IntrinsicAttributes & GridBaseProps & { sx?: SxProps<Theme> | undefined; } & SystemProps<Theme> & Omit<...>'.
      Property 'item' does not exist on type 'IntrinsicAttributes & GridBaseProps & { sx?: SxProps<Theme> | undefined; } & SystemProps<Theme> & Omit<...>'.
    199 |         </Grid>
    200 |
  > 201 |         <Grid item xs={12} sm={6} md={3}>
        |         ^^^^^^^^^^^^^^^^^^^^^^^^^^^^^^^^^
    202 |           <Card sx={{ background: 'linear-gradient(135deg, #4facfe 0%, #00f2fe 100%)', color: 'white' }}>
    203 |             <CardContent>
    204 |               <Box sx={{ display: 'flex', alignItems: 'center', mb: 1 }}>

ERROR in src/components/BorrowerDashboard.tsx:215:9
TS2769: No overload matches this call.
  Overload 1 of 2, '(props: { component: ElementType<any, keyof IntrinsicElements>; } & GridBaseProps & { sx?: SxProps<Theme> | undefined; } & SystemProps<...> & Omit<...>): Element | null', gave the following error.
    Property 'component' is missing in type '{ children: Element; item: true; xs: number; sm: number; md: number; }' but required in type '{ component: ElementType<any, keyof IntrinsicElements>; }'.
  Overload 2 of 2, '(props: DefaultComponentProps<GridTypeMap<{}, "div">>): Element | null', gave the following error.
    Type '{ children: Element; item: true; xs: number; sm: number; md: number; }' is not assignable to type 'IntrinsicAttributes & GridBaseProps & { sx?: SxProps<Theme> | undefined; } & SystemProps<Theme> & Omit<...>'.
      Property 'item' does not exist on type 'IntrinsicAttributes & GridBaseProps & { sx?: SxProps<Theme> | undefined; } & SystemProps<Theme> & Omit<...>'.
    213 |         </Grid>
    214 |
  > 215 |         <Grid item xs={12} sm={6} md={3}>
        |         ^^^^^^^^^^^^^^^^^^^^^^^^^^^^^^^^^
    216 |           <Card sx={{ background: 'linear-gradient(135deg, #fa709a 0%, #fee140 100%)', color: 'white' }}>
    217 |             <CardContent>
    218 |               <Box sx={{ display: 'flex', alignItems: 'center', mb: 1 }}>

ERROR in src/components/BorrowerDashboard.tsx:232:9
TS2769: No overload matches this call.
  Overload 1 of 2, '(props: { component: ElementType<any, keyof IntrinsicElements>; } & GridBaseProps & { sx?: SxProps<Theme> | undefined; } & SystemProps<...> & Omit<...>): Element | null', gave the following error.
    Property 'component' is missing in type '{ children: Element; item: true; xs: number; md: number; }' but required in type '{ component: ElementType<any, keyof IntrinsicElements>; }'.
  Overload 2 of 2, '(props: DefaultComponentProps<GridTypeMap<{}, "div">>): Element | null', gave the following error.
    Type '{ children: Element; item: true; xs: number; md: number; }' is not assignable to type 'IntrinsicAttributes & GridBaseProps & { sx?: SxProps<Theme> | undefined; } & SystemProps<Theme> & Omit<...>'.
      Property 'item' does not exist on type 'IntrinsicAttributes & GridBaseProps & { sx?: SxProps<Theme> | undefined; } & SystemProps<Theme> & Omit<...>'.
    230 |       <Grid container spacing={3}>
    231 |         {/* EMI Collection Progress */}
  > 232 |         <Grid item xs={12} md={6}>
        |         ^^^^^^^^^^^^^^^^^^^^^^^^^^
    233 |           <Paper sx={{ p: 3 }}>
    234 |             <Typography variant="h6" gutterBottom>
    235 |               This Month's EMI Collection Progress

ERROR in src/components/BorrowerDashboard.tsx:279:9
TS2769: No overload matches this call.
  Overload 1 of 2, '(props: { component: ElementType<any, keyof IntrinsicElements>; } & GridBaseProps & { sx?: SxProps<Theme> | undefined; } & SystemProps<...> & Omit<...>): Element | null', gave the following error.
    Property 'component' is missing in type '{ children: Element; item: true; xs: number; md: number; }' but required in type '{ component: ElementType<any, keyof IntrinsicElements>; }'.
  Overload 2 of 2, '(props: DefaultComponentProps<GridTypeMap<{}, "div">>): Element | null', gave the following error.
    Type '{ children: Element; item: true; xs: number; md: number; }' is not assignable to type 'IntrinsicAttributes & GridBaseProps & { sx?: SxProps<Theme> | undefined; } & SystemProps<Theme> & Omit<...>'.
      Property 'item' does not exist on type 'IntrinsicAttributes & GridBaseProps & { sx?: SxProps<Theme> | undefined; } & SystemProps<Theme> & Omit<...>'.
    277 |
    278 |         {/* Loan-wise Collection */}
  > 279 |         <Grid item xs={12} md={6}>
        |         ^^^^^^^^^^^^^^^^^^^^^^^^^^
    280 |           <Paper sx={{ p: 3 }}>
    281 |             <Typography variant="h6" gutterBottom>
    282 |               Loan-wise Collection Status

ERROR in src/components/BorrowerDashboard.tsx:299:9
TS2769: No overload matches this call.
  Overload 1 of 2, '(props: { component: ElementType<any, keyof IntrinsicElements>; } & GridBaseProps & { sx?: SxProps<Theme> | undefined; } & SystemProps<...> & Omit<...>): Element | null', gave the following error.
    Property 'component' is missing in type '{ children: Element; item: true; xs: number; md: number; }' but required in type '{ component: ElementType<any, keyof IntrinsicElements>; }'.
  Overload 2 of 2, '(props: DefaultComponentProps<GridTypeMap<{}, "div">>): Element | null', gave the following error.
    Type '{ children: Element; item: true; xs: number; md: number; }' is not assignable to type 'IntrinsicAttributes & GridBaseProps & { sx?: SxProps<Theme> | undefined; } & SystemProps<Theme> & Omit<...>'.
      Property 'item' does not exist on type 'IntrinsicAttributes & GridBaseProps & { sx?: SxProps<Theme> | undefined; } & SystemProps<Theme> & Omit<...>'.
    297 |
    298 |         {/* Loan Summaries */}
  > 299 |         <Grid item xs={12} md={8}>
        |         ^^^^^^^^^^^^^^^^^^^^^^^^^^
    300 |           <Paper sx={{ p: 3 }}>
    301 |             <Typography variant="h6" gutterBottom>
    302 |               Active Loans Summary

ERROR in src/components/BorrowerDashboard.tsx:356:9
TS2769: No overload matches this call.
  Overload 1 of 2, '(props: { component: ElementType<any, keyof IntrinsicElements>; } & GridBaseProps & { sx?: SxProps<Theme> | undefined; } & SystemProps<...> & Omit<...>): Element | null', gave the following error.
    Property 'component' is missing in type '{ children: Element; item: true; xs: number; md: number; }' but required in type '{ component: ElementType<any, keyof IntrinsicElements>; }'.
  Overload 2 of 2, '(props: DefaultComponentProps<GridTypeMap<{}, "div">>): Element | null', gave the following error.
    Type '{ children: Element; item: true; xs: number; md: number; }' is not assignable to type 'IntrinsicAttributes & GridBaseProps & { sx?: SxProps<Theme> | undefined; } & SystemProps<Theme> & Omit<...>'.
      Property 'item' does not exist on type 'IntrinsicAttributes & GridBaseProps & { sx?: SxProps<Theme> | undefined; } & SystemProps<Theme> & Omit<...>'.
    354 |
    355 |         {/* Recent Transactions */}
  > 356 |         <Grid item xs={12} md={4}>
        |         ^^^^^^^^^^^^^^^^^^^^^^^^^^
    357 |           <Paper sx={{ p: 3 }}>
    358 |             <Typography variant="h6" gutterBottom>
    359 |               Recent Transactions

ERROR in src/components/LenderDashboard.tsx:202:9
TS2769: No overload matches this call.
  Overload 1 of 2, '(props: { component: ElementType<any, keyof IntrinsicElements>; } & GridBaseProps & { sx?: SxProps<Theme> | undefined; } & SystemProps<...> & Omit<...>): Element | null', gave the following error.
    Property 'component' is missing in type '{ children: Element; item: true; xs: number; sm: number; md: number; }' but required in type '{ component: ElementType<any, keyof IntrinsicElements>; }'.
  Overload 2 of 2, '(props: DefaultComponentProps<GridTypeMap<{}, "div">>): Element | null', gave the following error.
    Type '{ children: Element; item: true; xs: number; sm: number; md: number; }' is not assignable to type 'IntrinsicAttributes & GridBaseProps & { sx?: SxProps<Theme> | undefined; } & SystemProps<Theme> & Omit<...>'.
      Property 'item' does not exist on type 'IntrinsicAttributes & GridBaseProps & { sx?: SxProps<Theme> | undefined; } & SystemProps<Theme> & Omit<...>'.
    200 |       {/* Summary Cards */}
    201 |       <Grid container spacing={3} sx={{ mb: 4 }}>
  > 202 |         <Grid item xs={12} sm={6} md={3}>
        |         ^^^^^^^^^^^^^^^^^^^^^^^^^^^^^^^^^
    203 |           <Card sx={{ background: 'linear-gradient(135deg, #667eea 0%, #764ba2 100%)', color: 'white' }}>
    204 |             <CardContent>
    205 |               <Box sx={{ display: 'flex', alignItems: 'center', mb: 1 }}>

ERROR in src/components/LenderDashboard.tsx:216:9
TS2769: No overload matches this call.
  Overload 1 of 2, '(props: { component: ElementType<any, keyof IntrinsicElements>; } & GridBaseProps & { sx?: SxProps<Theme> | undefined; } & SystemProps<...> & Omit<...>): Element | null', gave the following error.
    Property 'component' is missing in type '{ children: Element; item: true; xs: number; sm: number; md: number; }' but required in type '{ component: ElementType<any, keyof IntrinsicElements>; }'.
  Overload 2 of 2, '(props: DefaultComponentProps<GridTypeMap<{}, "div">>): Element | null', gave the following error.
    Type '{ children: Element; item: true; xs: number; sm: number; md: number; }' is not assignable to type 'IntrinsicAttributes & GridBaseProps & { sx?: SxProps<Theme> | undefined; } & SystemProps<Theme> & Omit<...>'.
      Property 'item' does not exist on type 'IntrinsicAttributes & GridBaseProps & { sx?: SxProps<Theme> | undefined; } & SystemProps<Theme> & Omit<...>'.
    214 |         </Grid>
    215 |
  > 216 |         <Grid item xs={12} sm={6} md={3}>
        |         ^^^^^^^^^^^^^^^^^^^^^^^^^^^^^^^^^
    217 |           <Card sx={{ background: 'linear-gradient(135deg, #f093fb 0%, #f5576c 100%)', color: 'white' }}>
    218 |             <CardContent>
    219 |               <Box sx={{ display: 'flex', alignItems: 'center', mb: 1 }}>

ERROR in src/components/LenderDashboard.tsx:230:9
TS2769: No overload matches this call.
  Overload 1 of 2, '(props: { component: ElementType<any, keyof IntrinsicElements>; } & GridBaseProps & { sx?: SxProps<Theme> | undefined; } & SystemProps<...> & Omit<...>): Element | null', gave the following error.
    Property 'component' is missing in type '{ children: Element; item: true; xs: number; sm: number; md: number; }' but required in type '{ component: ElementType<any, keyof IntrinsicElements>; }'.
  Overload 2 of 2, '(props: DefaultComponentProps<GridTypeMap<{}, "div">>): Element | null', gave the following error.
    Type '{ children: Element; item: true; xs: number; sm: number; md: number; }' is not assignable to type 'IntrinsicAttributes & GridBaseProps & { sx?: SxProps<Theme> | undefined; } & SystemProps<Theme> & Omit<...>'.
      Property 'item' does not exist on type 'IntrinsicAttributes & GridBaseProps & { sx?: SxProps<Theme> | undefined; } & SystemProps<Theme> & Omit<...>'.
    228 |         </Grid>
    229 |
  > 230 |         <Grid item xs={12} sm={6} md={3}>
        |         ^^^^^^^^^^^^^^^^^^^^^^^^^^^^^^^^^
    231 |           <Card sx={{ background: 'linear-gradient(135deg, #4facfe 0%, #00f2fe 100%)', color: 'white' }}>
    232 |             <CardContent>
    233 |               <Box sx={{ display: 'flex', alignItems: 'center', mb: 1 }}>

ERROR in src/components/LenderDashboard.tsx:247:9
TS2769: No overload matches this call.
  Overload 1 of 2, '(props: { component: ElementType<any, keyof IntrinsicElements>; } & GridBaseProps & { sx?: SxProps<Theme> | undefined; } & SystemProps<...> & Omit<...>): Element | null', gave the following error.
    Property 'component' is missing in type '{ children: Element; item: true; xs: number; sm: number; md: number; }' but required in type '{ component: ElementType<any, keyof IntrinsicElements>; }'.
  Overload 2 of 2, '(props: DefaultComponentProps<GridTypeMap<{}, "div">>): Element | null', gave the following error.
    Type '{ children: Element; item: true; xs: number; sm: number; md: number; }' is not assignable to type 'IntrinsicAttributes & GridBaseProps & { sx?: SxProps<Theme> | undefined; } & SystemProps<Theme> & Omit<...>'.
      Property 'item' does not exist on type 'IntrinsicAttributes & GridBaseProps & { sx?: SxProps<Theme> | undefined; } & SystemProps<Theme> & Omit<...>'.
    245 |         </Grid>
    246 |
  > 247 |         <Grid item xs={12} sm={6} md={3}>
        |         ^^^^^^^^^^^^^^^^^^^^^^^^^^^^^^^^^
    248 |           <Card sx={{ background: 'linear-gradient(135deg, #fa709a 0%, #fee140 100%)', color: 'white' }}>
    249 |             <CardContent>
    250 |               <Box sx={{ display: 'flex', alignItems: 'center', mb: 1 }}>

ERROR in src/components/LenderDashboard.tsx:264:9
TS2769: No overload matches this call.
  Overload 1 of 2, '(props: { component: ElementType<any, keyof IntrinsicElements>; } & GridBaseProps & { sx?: SxProps<Theme> | undefined; } & SystemProps<...> & Omit<...>): Element | null', gave the following error.
    Property 'component' is missing in type '{ children: Element; item: true; xs: number; md: number; }' but required in type '{ component: ElementType<any, keyof IntrinsicElements>; }'.
  Overload 2 of 2, '(props: DefaultComponentProps<GridTypeMap<{}, "div">>): Element | null', gave the following error.
    Type '{ children: Element; item: true; xs: number; md: number; }' is not assignable to type 'IntrinsicAttributes & GridBaseProps & { sx?: SxProps<Theme> | undefined; } & SystemProps<Theme> & Omit<...>'.
      Property 'item' does not exist on type 'IntrinsicAttributes & GridBaseProps & { sx?: SxProps<Theme> | undefined; } & SystemProps<Theme> & Omit<...>'.
    262 |       <Grid container spacing={3}>
    263 |         {/* Collection Trends */}
  > 264 |         <Grid item xs={12} md={8}>
        |         ^^^^^^^^^^^^^^^^^^^^^^^^^^
    265 |           <Paper sx={{ p: 3 }}>
    266 |             <Typography variant="h6" gutterBottom>
    267 |               Monthly Collection Trends

ERROR in src/components/LenderDashboard.tsx:296:9
TS2769: No overload matches this call.
  Overload 1 of 2, '(props: { component: ElementType<any, keyof IntrinsicElements>; } & GridBaseProps & { sx?: SxProps<Theme> | undefined; } & SystemProps<...> & Omit<...>): Element | null', gave the following error.
    Property 'component' is missing in type '{ children: Element; item: true; xs: number; md: number; }' but required in type '{ component: ElementType<any, keyof IntrinsicElements>; }'.
  Overload 2 of 2, '(props: DefaultComponentProps<GridTypeMap<{}, "div">>): Element | null', gave the following error.
    Type '{ children: Element; item: true; xs: number; md: number; }' is not assignable to type 'IntrinsicAttributes & GridBaseProps & { sx?: SxProps<Theme> | undefined; } & SystemProps<Theme> & Omit<...>'.
      Property 'item' does not exist on type 'IntrinsicAttributes & GridBaseProps & { sx?: SxProps<Theme> | undefined; } & SystemProps<Theme> & Omit<...>'.
    294 |
    295 |         {/* Collection Progress */}
  > 296 |         <Grid item xs={12} md={4}>
        |         ^^^^^^^^^^^^^^^^^^^^^^^^^^
    297 |           <Paper sx={{ p: 3 }}>
    298 |             <Typography variant="h6" gutterBottom>
    299 |               This Month's Progress

ERROR in src/components/LenderDashboard.tsx:331:9
TS2769: No overload matches this call.
  Overload 1 of 2, '(props: { component: ElementType<any, keyof IntrinsicElements>; } & GridBaseProps & { sx?: SxProps<Theme> | undefined; } & SystemProps<...> & Omit<...>): Element | null', gave the following error.
    Property 'component' is missing in type '{ children: Element; item: true; xs: number; md: number; }' but required in type '{ component: ElementType<any, keyof IntrinsicElements>; }'.
  Overload 2 of 2, '(props: DefaultComponentProps<GridTypeMap<{}, "div">>): Element | null', gave the following error.
    Type '{ children: Element; item: true; xs: number; md: number; }' is not assignable to type 'IntrinsicAttributes & GridBaseProps & { sx?: SxProps<Theme> | undefined; } & SystemProps<Theme> & Omit<...>'.
      Property 'item' does not exist on type 'IntrinsicAttributes & GridBaseProps & { sx?: SxProps<Theme> | undefined; } & SystemProps<Theme> & Omit<...>'.
    329 |
    330 |         {/* Borrower-wise Collections */}
  > 331 |         <Grid item xs={12} md={8}>
        |         ^^^^^^^^^^^^^^^^^^^^^^^^^^
    332 |           <Paper sx={{ p: 3 }}>
    333 |             <Typography variant="h6" gutterBottom>
    334 |               Borrower-wise Collection Status

ERROR in src/components/LenderDashboard.tsx:351:9
TS2769: No overload matches this call.
  Overload 1 of 2, '(props: { component: ElementType<any, keyof IntrinsicElements>; } & GridBaseProps & { sx?: SxProps<Theme> | undefined; } & SystemProps<...> & Omit<...>): Element | null', gave the following error.
    Property 'component' is missing in type '{ children: Element; item: true; xs: number; md: number; }' but required in type '{ component: ElementType<any, keyof IntrinsicElements>; }'.
  Overload 2 of 2, '(props: DefaultComponentProps<GridTypeMap<{}, "div">>): Element | null', gave the following error.
    Type '{ children: Element; item: true; xs: number; md: number; }' is not assignable to type 'IntrinsicAttributes & GridBaseProps & { sx?: SxProps<Theme> | undefined; } & SystemProps<Theme> & Omit<...>'.
      Property 'item' does not exist on type 'IntrinsicAttributes & GridBaseProps & { sx?: SxProps<Theme> | undefined; } & SystemProps<Theme> & Omit<...>'.
    349 |
    350 |         {/* Upcoming Payments */}
  > 351 |         <Grid item xs={12} md={4}>
        |         ^^^^^^^^^^^^^^^^^^^^^^^^^^
    352 |           <Paper sx={{ p: 3 }}>
    353 |             <Typography variant="h6" gutterBottom>
    354 |               Upcoming EMI Payments

ERROR in src/components/LenderDashboard.tsx:394:9
TS2769: No overload matches this call.
  Overload 1 of 2, '(props: { component: ElementType<any, keyof IntrinsicElements>; } & GridBaseProps & { sx?: SxProps<Theme> | undefined; } & SystemProps<...> & Omit<...>): Element | null', gave the following error.
    Property 'component' is missing in type '{ children: Element; item: true; xs: number; }' but required in type '{ component: ElementType<any, keyof IntrinsicElements>; }'.
  Overload 2 of 2, '(props: DefaultComponentProps<GridTypeMap<{}, "div">>): Element | null', gave the following error.
    Type '{ children: Element; item: true; xs: number; }' is not assignable to type 'IntrinsicAttributes & GridBaseProps & { sx?: SxProps<Theme> | undefined; } & SystemProps<Theme> & Omit<...>'.
      Property 'item' does not exist on type 'IntrinsicAttributes & GridBaseProps & { sx?: SxProps<Theme> | undefined; } & SystemProps<Theme> & Omit<...>'.
    392 |
    393 |         {/* Borrower Portfolio */}
  > 394 |         <Grid item xs={12}>
        |         ^^^^^^^^^^^^^^^^^^^
    395 |           <Paper sx={{ p: 3 }}>
    396 |             <Typography variant="h6" gutterBottom>
    397 |               Borrower Portfolio

ERROR in src/components/LoanManagement.tsx:81:11
TS2739: Type '{ id: number; borrowerId: number; lenderId: number; principalAmount: number; interestRate: number; loanTermMonths: number; emiAmount: number; emiCollectionPercentage: number; emiDueDate: number; ... 6 more ...; remainingAmount: number; }' is missing the following properties from type 'Loan': loanAmount, tenureMonths, monthlyEmiAmount, nextEmiDate, outstandingAmount
     79 |         // Demo data
     80 |         const demoLoans: Loan[] = [
  >  81 |           {
        |           ^
  >  82 |             id: 1,
        | ^^^^^^^^^^^^^^^^^^
  >  83 |             borrowerId: 1,
        | ^^^^^^^^^^^^^^^^^^
  >  84 |             lenderId: 2,
        | ^^^^^^^^^^^^^^^^^^
  >  85 |             principalAmount: 500000,
        | ^^^^^^^^^^^^^^^^^^
  >  86 |             interestRate: 12,
        | ^^^^^^^^^^^^^^^^^^
  >  87 |             loanTermMonths: 24,
        | ^^^^^^^^^^^^^^^^^^
  >  88 |             emiAmount: 23538,
        | ^^^^^^^^^^^^^^^^^^
  >  89 |             emiCollectionPercentage: 5,
        | ^^^^^^^^^^^^^^^^^^
  >  90 |             emiDueDate: 15,
        | ^^^^^^^^^^^^^^^^^^
  >  91 |             startDate: '2023-12-01',
        | ^^^^^^^^^^^^^^^^^^
  >  92 |             endDate: '2025-12-01',
        | ^^^^^^^^^^^^^^^^^^
  >  93 |             status: 'ACTIVE',
        | ^^^^^^^^^^^^^^^^^^
  >  94 |             borrowerName: 'John Smith',
        | ^^^^^^^^^^^^^^^^^^
  >  95 |             lenderName: 'Jane Doe',
        | ^^^^^^^^^^^^^^^^^^
  >  96 |             collectedAmount: 15000,
        | ^^^^^^^^^^^^^^^^^^
  >  97 |             remainingAmount: 8538,
        | ^^^^^^^^^^^^^^^^^^
  >  98 |           },
        | ^^^^^^^^^^^^
     99 |           {
    100 |             id: 2,
    101 |             borrowerId: 3,

ERROR in src/components/LoanManagement.tsx:99:11
TS2739: Type '{ id: number; borrowerId: number; lenderId: number; principalAmount: number; interestRate: number; loanTermMonths: number; emiAmount: number; emiCollectionPercentage: number; emiDueDate: number; ... 6 more ...; remainingAmount: number; }' is missing the following properties from type 'Loan': loanAmount, tenureMonths, monthlyEmiAmount, nextEmiDate, outstandingAmount
     97 |             remainingAmount: 8538,
     98 |           },
  >  99 |           {
        |           ^
  > 100 |             id: 2,
        | ^^^^^^^^^^^^^^^^^^
  > 101 |             borrowerId: 3,
        | ^^^^^^^^^^^^^^^^^^
  > 102 |             lenderId: 2,
        | ^^^^^^^^^^^^^^^^^^
  > 103 |             principalAmount: 250000,
        | ^^^^^^^^^^^^^^^^^^
  > 104 |             interestRate: 10,
        | ^^^^^^^^^^^^^^^^^^
  > 105 |             loanTermMonths: 18,
        | ^^^^^^^^^^^^^^^^^^
  > 106 |             emiAmount: 15234,
        | ^^^^^^^^^^^^^^^^^^
  > 107 |             emiCollectionPercentage: 4,
        | ^^^^^^^^^^^^^^^^^^
  > 108 |             emiDueDate: 20,
        | ^^^^^^^^^^^^^^^^^^
  > 109 |             startDate: '2024-01-01',
        | ^^^^^^^^^^^^^^^^^^
  > 110 |             endDate: '2025-07-01',
        | ^^^^^^^^^^^^^^^^^^
  > 111 |             status: 'ACTIVE',
        | ^^^^^^^^^^^^^^^^^^
  > 112 |             borrowerName: 'Ram Kumar',
        | ^^^^^^^^^^^^^^^^^^
  > 113 |             lenderName: 'Jane Doe',
        | ^^^^^^^^^^^^^^^^^^
  > 114 |             collectedAmount: 8000,
        | ^^^^^^^^^^^^^^^^^^
  > 115 |             remainingAmount: 7234,
        | ^^^^^^^^^^^^^^^^^^
  > 116 |           },
        | ^^^^^^^^^^^^
    117 |         ];
    118 |
    119 |         const demoUsers: User[] = [

ERROR in src/components/LoanManagement.tsx:289:23
TS18048: 'loan.principalAmount' is possibly 'undefined'.
    287 |                   </TableCell>
    288 |                   <TableCell align="right">
  > 289 |                     ₹{loan.principalAmount.toLocaleString()}
        |                       ^^^^^^^^^^^^^^^^^^^^
    290 |                   </TableCell>
    291 |                   <TableCell align="right">{loan.interestRate}%</TableCell>
    292 |                   <TableCell align="right">

ERROR in src/components/LoanManagement.tsx:293:23
TS18048: 'loan.emiAmount' is possibly 'undefined'.
    291 |                   <TableCell align="right">{loan.interestRate}%</TableCell>
    292 |                   <TableCell align="right">
  > 293 |                     ₹{loan.emiAmount.toLocaleString()}
        |                       ^^^^^^^^^^^^^^
    294 |                   </TableCell>
    295 |                   <TableCell align="center">{loan.loanTermMonths}</TableCell>
    296 |                   <TableCell align="center">{loan.emiCollectionPercentage}%</TableCell>

ERROR in src/components/LoanManagement.tsx:330:13
TS2769: No overload matches this call.
  Overload 1 of 2, '(props: { component: ElementType<any, keyof IntrinsicElements>; } & GridBaseProps & { sx?: SxProps<Theme> | undefined; } & SystemProps<...> & Omit<...>): Element | null', gave the following error.
    Property 'component' is missing in type '{ children: Element; item: true; xs: number; md: number; }' but required in type '{ component: ElementType<any, keyof IntrinsicElements>; }'.
  Overload 2 of 2, '(props: DefaultComponentProps<GridTypeMap<{}, "div">>): Element | null', gave the following error.
    Type '{ children: Element; item: true; xs: number; md: number; }' is not assignable to type 'IntrinsicAttributes & GridBaseProps & { sx?: SxProps<Theme> | undefined; } & SystemProps<Theme> & Omit<...>'.
      Property 'item' does not exist on type 'IntrinsicAttributes & GridBaseProps & { sx?: SxProps<Theme> | undefined; } & SystemProps<Theme> & Omit<...>'.
    328 |         <DialogContent>
    329 |           <Grid container spacing={2} sx={{ mt: 1 }}>
  > 330 |             <Grid item xs={12} md={6}>
        |             ^^^^^^^^^^^^^^^^^^^^^^^^^^
    331 |               <Autocomplete
    332 |                 options={getAvailableUsers()}
    333 |                 getOptionLabel={(option) => option.fullName}

ERROR in src/components/LoanManagement.tsx:364:13
TS2769: No overload matches this call.
  Overload 1 of 2, '(props: { component: ElementType<any, keyof IntrinsicElements>; } & GridBaseProps & { sx?: SxProps<Theme> | undefined; } & SystemProps<...> & Omit<...>): Element | null', gave the following error.
    Property 'component' is missing in type '{ children: Element; item: true; xs: number; md: number; }' but required in type '{ component: ElementType<any, keyof IntrinsicElements>; }'.
  Overload 2 of 2, '(props: DefaultComponentProps<GridTypeMap<{}, "div">>): Element | null', gave the following error.
    Type '{ children: Element; item: true; xs: number; md: number; }' is not assignable to type 'IntrinsicAttributes & GridBaseProps & { sx?: SxProps<Theme> | undefined; } & SystemProps<Theme> & Omit<...>'.
      Property 'item' does not exist on type 'IntrinsicAttributes & GridBaseProps & { sx?: SxProps<Theme> | undefined; } & SystemProps<Theme> & Omit<...>'.
    362 |             </Grid>
    363 |
  > 364 |             <Grid item xs={12} md={6}>
        |             ^^^^^^^^^^^^^^^^^^^^^^^^^^
    365 |               <TextField
    366 |                 label="Principal Amount"
    367 |                 type="number"

ERROR in src/components/LoanManagement.tsx:381:13
TS2769: No overload matches this call.
  Overload 1 of 2, '(props: { component: ElementType<any, keyof IntrinsicElements>; } & GridBaseProps & { sx?: SxProps<Theme> | undefined; } & SystemProps<...> & Omit<...>): Element | null', gave the following error.
    Property 'component' is missing in type '{ children: Element; item: true; xs: number; md: number; }' but required in type '{ component: ElementType<any, keyof IntrinsicElements>; }'.
  Overload 2 of 2, '(props: DefaultComponentProps<GridTypeMap<{}, "div">>): Element | null', gave the following error.
    Type '{ children: Element; item: true; xs: number; md: number; }' is not assignable to type 'IntrinsicAttributes & GridBaseProps & { sx?: SxProps<Theme> | undefined; } & SystemProps<Theme> & Omit<...>'.
      Property 'item' does not exist on type 'IntrinsicAttributes & GridBaseProps & { sx?: SxProps<Theme> | undefined; } & SystemProps<Theme> & Omit<...>'.
    379 |             </Grid>
    380 |
  > 381 |             <Grid item xs={12} md={6}>
        |             ^^^^^^^^^^^^^^^^^^^^^^^^^^
    382 |               <TextField
    383 |                 label="Interest Rate (%)"
    384 |                 type="number"

ERROR in src/components/LoanManagement.tsx:398:13
TS2769: No overload matches this call.
  Overload 1 of 2, '(props: { component: ElementType<any, keyof IntrinsicElements>; } & GridBaseProps & { sx?: SxProps<Theme> | undefined; } & SystemProps<...> & Omit<...>): Element | null', gave the following error.
    Property 'component' is missing in type '{ children: Element; item: true; xs: number; md: number; }' but required in type '{ component: ElementType<any, keyof IntrinsicElements>; }'.
  Overload 2 of 2, '(props: DefaultComponentProps<GridTypeMap<{}, "div">>): Element | null', gave the following error.
    Type '{ children: Element; item: true; xs: number; md: number; }' is not assignable to type 'IntrinsicAttributes & GridBaseProps & { sx?: SxProps<Theme> | undefined; } & SystemProps<Theme> & Omit<...>'.
      Property 'item' does not exist on type 'IntrinsicAttributes & GridBaseProps & { sx?: SxProps<Theme> | undefined; } & SystemProps<Theme> & Omit<...>'.
    396 |             </Grid>
    397 |
  > 398 |             <Grid item xs={12} md={6}>
        |             ^^^^^^^^^^^^^^^^^^^^^^^^^^
    399 |               <TextField
    400 |                 label="Loan Term (Months)"
    401 |                 type="number"

